4	frames/C/frame-000004.png
7	frames/C/frame-000007.png
14	frames/C/frame-000014.png
17	frames/C/frame-000017.png
21	frames/C/frame-000021.png
22	frames/C/frame-000022.png
25	frames/C/frame-000025.png
32	frames/C/frame-000032.png
36	frames/B/frame-000036.png
37	frames/A/frame-000037.png
38	frames/A/frame-000038.png
39	frames/A/frame-000039.png
40	frames/A/frame-000040.png
41	frames/A/frame-000041.png
42	frames/A/frame-000042.png
43	frames/A/frame-000043.png
44	frames/A/frame-000044.png
45	frames/A/frame-000045.png
46	frames/A/frame-000046.png
47	frames/A/frame-000047.png
48	frames/A/frame-000048.png
49	frames/A/frame-000049.png
50	frames/A/frame-000050.png
51	frames/A/frame-000051.png
52	frames/A/frame-000052.png
53	frames/A/frame-000053.png
54	frames/A/frame-000054.png
55	frames/A/frame-000055.png
56	frames/A/frame-000056.png
57	frames/A/frame-000057.png
58	frames/A/frame-000058.png
59	frames/A/frame-000059.png
60	frames/A/frame-000060.png
61	frames/A/frame-000061.png
62	frames/A/frame-000062.png
63	frames/A/frame-000063.png
64	frames/A/frame-000064.png
65	frames/A/frame-000065.png
66	frames/A/frame-000066.png
67	frames/A/frame-000067.png
68	frames/A/frame-000068.png
69	frames/A/frame-000069.png
70	frames/A/frame-000070.png
71	frames/A/frame-000071.png
72	frames/A/frame-000072.png
73	frames/A/frame-000073.png
74	frames/A/frame-000074.png
75	frames/A/frame-000075.png
76	frames/A/frame-000076.png
77	frames/A/frame-000077.png
78	frames/A/frame-000078.png
79	frames/A/frame-000079.png
80	frames/A/frame-000080.png
81	frames/A/frame-000081.png
82	frames/A/frame-000082.png
83	frames/A/frame-000083.png
84	frames/A/frame-000084.png
85	frames/A/frame-000085.png
86	frames/A/frame-000086.png
87	frames/A/frame-000087.png
88	frames/A/frame-000088.png
89	frames/A/frame-000089.png
90	frames/A/frame-000090.png
91	frames/A/frame-000091.png
92	frames/A/frame-000092.png
93	frames/A/frame-000093.png
94	frames/A/frame-000094.png
95	frames/A/frame-000095.png
96	frames/A/frame-000096.png
97	frames/A/frame-000097.png
98	frames/A/frame-000098.png
99	frames/A/frame-000099.png
100	frames/A/frame-000100.png
101	frames/A/frame-000101.png
102	frames/A/frame-000102.png
103	frames/A/frame-000103.png
104	frames/A/frame-000104.png
105	frames/A/frame-000105.png
106	frames/A/frame-000106.png
107	frames/A/frame-000107.png
108	frames/A/frame-000108.png
109	frames/A/frame-000109.png
110	frames/A/frame-000110.png
111	frames/A/frame-000111.png
112	frames/A/frame-000112.png
113	frames/A/frame-000113.png
114	frames/A/frame-000114.png
115	frames/A/frame-000115.png
116	frames/A/frame-000116.png
117	frames/A/frame-000117.png
118	frames/A/frame-000118.png
119	frames/A/frame-000119.png
120	frames/A/frame-000120.png
121	frames/A/frame-000121.png
122	frames/A/frame-000122.png
123	frames/A/frame-000123.png
124	frames/A/frame-000124.png
125	frames/B/frame-000125.png
126	frames/B/frame-000126.png
129	frames/C/frame-000129.png
134	frames/C/frame-000134.png
148	frames/C/frame-000148.png
150	frames/C/frame-000150.png
153	frames/D/frame-000153.png
154	frames/C/frame-000154.png
177	frames/C/frame-000177.png
193	frames/C/frame-000193.png
206	frames/C/frame-000206.png
207	frames/C/frame-000207.png
215	frames/C/frame-000215.png
226	frames/C/frame-000226.png
228	frames/C/frame-000228.png
234	frames/C/frame-000234.png
239	frames/C/frame-000239.png
245	frames/C/frame-000245.png
246	frames/C/frame-000246.png
261	frames/C/frame-000261.png
266	frames/B/frame-000266.png
267	frames/B/frame-000267.png
268	frames/B/frame-000268.png
269	frames/B/frame-000269.png
270	frames/B/frame-000270.png
271	frames/B/frame-000271.png
272	frames/B/frame-000272.png
273	frames/B/frame-000273.png
274	frames/B/frame-000274.png
278	frames/C/frame-000278.png
280	frames/D/frame-000280.png
291	frames/C/frame-000291.png
297	frames/C/frame-000297.png
299	frames/C/frame-000299.png
300	frames/C/frame-000300.png
305	frames/C/frame-000305.png
307	frames/C/frame-000307.png
322	frames/C/frame-000322.png
332	frames/C/frame-000332.png
366	frames/C/frame-000366.png
369	frames/C/frame-000369.png
373	frames/C/frame-000373.png
374	frames/C/frame-000374.png
376	frames/C/frame-000376.png
377	frames/C/frame-000377.png
382	frames/D/frame-000382.png
383	frames/C/frame-000383.png
384	frames/C/frame-000384.png
394	frames/C/frame-000394.png
395	frames/C/frame-000395.png
408	frames/C/frame-000408.png
409	frames/C/frame-000409.png
422	frames/C/frame-000422.png
423	frames/B/frame-000423.png
424	frames/A/frame-000424.png
425	frames/A/frame-000425.png
426	frames/A/frame-000426.png
427	frames/A/frame-000427.png
428	frames/A/frame-000428.png
429	frames/A/frame-000429.png
430	frames/A/frame-000430.png
431	frames/A/frame-000431.png
432	frames/A/frame-000432.png
433	frames/A/frame-000433.png
434	frames/A/frame-000434.png
435	frames/A/frame-000435.png
436	frames/A/frame-000436.png
437	frames/A/frame-000437.png
438	frames/A/frame-000438.png
439	frames/A/frame-000439.png
440	frames/A/frame-000440.png
441	frames/A/frame-000441.png
442	frames/A/frame-000442.png
443	frames/A/frame-000443.png
444	frames/A/frame-000444.png
445	frames/A/frame-000445.png
446	frames/A/frame-000446.png
447	frames/A/frame-000447.png
448	frames/A/frame-000448.png
449	frames/A/frame-000449.png
450	frames/A/frame-000450.png
451	frames/A/frame-000451.png
452	frames/A/frame-000452.png
453	frames/A/frame-000453.png
454	frames/A/frame-000454.png
455	frames/A/frame-000455.png
456	frames/A/frame-000456.png
457	frames/A/frame-000457.png
458	frames/A/frame-000458.png
459	frames/A/frame-000459.png
460	frames/A/frame-000460.png
461	frames/A/frame-000461.png
462	frames/A/frame-000462.png
463	frames/A/frame-000463.png
464	frames/A/frame-000464.png
465	frames/A/frame-000465.png
466	frames/A/frame-000466.png
467	frames/A/frame-000467.png
468	frames/A/frame-000468.png
469	frames/A/frame-000469.png
470	frames/B/frame-000470.png
472	frames/C/frame-000472.png
478	frames/C/frame-000478.png
480	frames/C/frame-000480.png
511	frames/C/frame-000511.png
512	frames/C/frame-000512.png
515	frames/C/frame-000515.png
533	frames/C/frame-000533.png
538	frames/C/frame-000538.png
565	frames/C/frame-000565.png
579	frames/C/frame-000579.png
610	frames/C/frame-000610.png
614	frames/C/frame-000614.png
620	frames/C/frame-000620.png
623	frames/C/frame-000623.png
635	frames/C/frame-000635.png
648	frames/D/frame-000648.png
659	frames/C/frame-000659.png
661	frames/C/frame-000661.png
678	frames/C/frame-000678.png
679	frames/C/frame-000679.png
695	frames/C/frame-000695.png
704	frames/C/frame-000704.png
710	frames/C/frame-000710.png
716	frames/C/frame-000716.png
720	frames/C/frame-000720.png
754	frames/C/frame-000754.png
763	frames/C/frame-000763.png
784	frames/C/frame-000784.png
801	frames/B/frame-000801.png
802	frames/B/frame-000802.png
803	frames/A/frame-000803.png
804	frames/A/frame-000804.png
805	frames/A/frame-000805.png
806	frames/A/frame-000806.png
807	frames/A/frame-000807.png
808	frames/A/frame-000808.png
809	frames/A/frame-000809.png
810	frames/A/frame-000810.png
811	frames/A/frame-000811.png
812	frames/A/frame-000812.png
813	frames/A/frame-000813.png
814	frames/A/frame-000814.png
815	frames/A/frame-000815.png
816	frames/A/frame-000816.png
817	frames/A/frame-000817.png
818	frames/A/frame-000818.png
819	frames/A/frame-000819.png
820	frames/A/frame-000820.png
821	frames/A/frame-000821.png
822	frames/A/frame-000822.png
823	frames/A/frame-000823.png
824	frames/A/frame-000824.png
825	frames/A/frame-000825.png
826	frames/A/frame-000826.png
827	frames/A/frame-000827.png
828	frames/A/frame-000828.png
829	frames/A/frame-000829.png
830	frames/A/frame-000830.png
831	frames/A/frame-000831.png
832	frames/A/frame-000832.png
833	frames/A/frame-000833.png
834	frames/A/frame-000834.png
835	frames/A/frame-000835.png
836	frames/A/frame-000836.png
837	frames/A/frame-000837.png
838	frames/A/frame-000838.png
839	frames/A/frame-000839.png
840	frames/A/frame-000840.png
841	frames/A/frame-000841.png
842	frames/A/frame-000842.png
843	frames/A/frame-000843.png
844	frames/A/frame-000844.png
845	frames/A/frame-000845.png
846	frames/A/frame-000846.png
847	frames/A/frame-000847.png
848	frames/A/frame-000848.png
849	frames/A/frame-000849.png
850	frames/A/frame-000850.png
851	frames/A/frame-000851.png
852	frames/A/frame-000852.png
853	frames/A/frame-000853.png
854	frames/A/frame-000854.png
855	frames/A/frame-000855.png
856	frames/A/frame-000856.png
857	frames/A/frame-000857.png
858	frames/A/frame-000858.png
859	frames/A/frame-000859.png
860	frames/A/frame-000860.png
861	frames/A/frame-000861.png
862	frames/A/frame-000862.png
863	frames/A/frame-000863.png
864	frames/A/frame-000864.png
865	frames/A/frame-000865.png
866	frames/A/frame-000866.png
867	frames/A/frame-000867.png
868	frames/A/frame-000868.png
869	frames/A/frame-000869.png
870	frames/A/frame-000870.png
871	frames/A/frame-000871.png
872	frames/A/frame-000872.png
873	frames/A/frame-000873.png
874	frames/A/frame-000874.png
875	frames/A/frame-000875.png
876	frames/A/frame-000876.png
877	frames/A/frame-000877.png
878	frames/A/frame-000878.png
879	frames/A/frame-000879.png
880	frames/A/frame-000880.png
881	frames/A/frame-000881.png
882	frames/A/frame-000882.png
883	frames/A/frame-000883.png
884	frames/A/frame-000884.png
885	frames/A/frame-000885.png
886	frames/A/frame-000886.png
887	frames/A/frame-000887.png
888	frames/A/frame-000888.png
889	frames/A/frame-000889.png
890	frames/A/frame-000890.png
891	frames/A/frame-000891.png
892	frames/A/frame-000892.png
893	frames/A/frame-000893.png
894	frames/A/frame-000894.png
895	frames/A/frame-000895.png
896	frames/A/frame-000896.png
897	frames/A/frame-000897.png
898	frames/A/frame-000898.png
899	frames/A/frame-000899.png
900	frames/A/frame-000900.png
901	frames/A/frame-000901.png
902	frames/A/frame-000902.png
903	frames/A/frame-000903.png
904	frames/A/frame-000904.png
905	frames/A/frame-000905.png
906	frames/A/frame-000906.png
907	frames/A/frame-000907.png
908	frames/A/frame-000908.png
909	frames/A/frame-000909.png
910	frames/A/frame-000910.png
911	frames/A/frame-000911.png
912	frames/A/frame-000912.png
913	frames/A/frame-000913.png
914	frames/A/frame-000914.png
915	frames/A/frame-000915.png
916	frames/A/frame-000916.png
917	frames/A/frame-000917.png
918	frames/A/frame-000918.png
919	frames/A/frame-000919.png
920	frames/A/frame-000920.png
921	frames/A/frame-000921.png
922	frames/A/frame-000922.png
923	frames/A/frame-000923.png
924	frames/A/frame-000924.png
925	frames/A/frame-000925.png
926	frames/A/frame-000926.png
927	frames/A/frame-000927.png
928	frames/A/frame-000928.png
929	frames/A/frame-000929.png
930	frames/A/frame-000930.png
931	frames/A/frame-000931.png
932	frames/A/frame-000932.png
933	frames/A/frame-000933.png
934	frames/A/frame-000934.png
935	frames/A/frame-000935.png
936	frames/A/frame-000936.png
937	frames/A/frame-000937.png
938	frames/A/frame-000938.png
939	frames/A/frame-000939.png
940	frames/A/frame-000940.png
941	frames/A/frame-000941.png
942	frames/A/frame-000942.png
943	frames/A/frame-000943.png
944	frames/A/frame-000944.png
945	frames/A/frame-000945.png
946	frames/A/frame-000946.png
947	frames/A/frame-000947.png
948	frames/A/frame-000948.png
949	frames/A/frame-000949.png
950	frames/A/frame-000950.png
951	frames/A/frame-000951.png
952	frames/A/frame-000952.png
953	frames/A/frame-000953.png
954	frames/A/frame-000954.png
955	frames/A/frame-000955.png
956	frames/A/frame-000956.png
957	frames/A/frame-000957.png
958	frames/A/frame-000958.png
959	frames/A/frame-000959.png
960	frames/A/frame-000960.png
961	frames/A/frame-000961.png
962	frames/A/frame-000962.png
963	frames/A/frame-000963.png
964	frames/A/frame-000964.png
965	frames/A/frame-000965.png
966	frames/A/frame-000966.png
967	frames/A/frame-000967.png
968	frames/A/frame-000968.png
969	frames/A/frame-000969.png
970	frames/A/frame-000970.png
971	frames/B/frame-000971.png
984	frames/C/frame-000984.png
1029	frames/C/frame-001029.png
1039	frames/C/frame-001039.png
1041	frames/C/frame-001041.png
1043	frames/C/frame-001043.png
1047	frames/C/frame-001047.png
1059	frames/C/frame-001059.png
1062	frames/C/frame-001062.png
1098	frames/C/frame-001098.png
1108	frames/D/frame-001108.png
1111	frames/C/frame-001111.png
1122	frames/C/frame-001122.png
1132	frames/C/frame-001132.png
1150	frames/C/frame-001150.png
1156	frames/C/frame-001156.png
1160	frames/C/frame-001160.png
1212	frames/B/frame-001212.png
1213	frames/A/frame-001213.png
1214	frames/A/frame-001214.png
1215	frames/A/frame-001215.png
1216	frames/A/frame-001216.png
1217	frames/A/frame-001217.png
1218	frames/A/frame-001218.png
1219	frames/A/frame-001219.png
1220	frames/A/frame-001220.png
1221	frames/A/frame-001221.png
1222	frames/A/frame-001222.png
1223	frames/A/frame-001223.png
1224	frames/A/frame-001224.png
1225	frames/A/frame-001225.png
1226	frames/A/frame-001226.png
1227	frames/A/frame-001227.png
1228	frames/A/frame-001228.png
1229	frames/A/frame-001229.png
1230	frames/A/frame-001230.png
1231	frames/A/frame-001231.png
1232	frames/A/frame-001232.png
1233	frames/A/frame-001233.png
1234	frames/A/frame-001234.png
1235	frames/A/frame-001235.png
1236	frames/A/frame-001236.png
1237	frames/A/frame-001237.png
1238	frames/A/frame-001238.png
1239	frames/A/frame-001239.png
1240	frames/A/frame-001240.png
1241	frames/A/frame-001241.png
1242	frames/A/frame-001242.png
1243	frames/A/frame-001243.png
1244	frames/A/frame-001244.png
1245	frames/A/frame-001245.png
1246	frames/A/frame-001246.png
1247	frames/A/frame-001247.png
1248	frames/A/frame-001248.png
1249	frames/A/frame-001249.png
1250	frames/A/frame-001250.png
1251	frames/A/frame-001251.png
1252	frames/A/frame-001252.png
1253	frames/A/frame-001253.png
1254	frames/A/frame-001254.png
1255	frames/A/frame-001255.png
1256	frames/A/frame-001256.png
1257	frames/A/frame-001257.png
1258	frames/A/frame-001258.png
1259	frames/A/frame-001259.png
1260	frames/A/frame-001260.png
1261	frames/A/frame-001261.png
1262	frames/A/frame-001262.png
1263	frames/A/frame-001263.png
1264	frames/A/frame-001264.png
1265	frames/A/frame-001265.png
1266	frames/A/frame-001266.png
1267	frames/A/frame-001267.png
1268	frames/A/frame-001268.png
1269	frames/A/frame-001269.png
1270	frames/A/frame-001270.png
1271	frames/A/frame-001271.png
1272	frames/A/frame-001272.png
1273	frames/A/frame-001273.png
1274	frames/A/frame-001274.png
1275	frames/A/frame-001275.png
1276	frames/A/frame-001276.png
1277	frames/A/frame-001277.png
1278	frames/A/frame-001278.png
1279	frames/A/frame-001279.png
1280	frames/A/frame-001280.png
1281	frames/A/frame-001281.png
1282	frames/A/frame-001282.png
1283	frames/A/frame-001283.png
1284	frames/A/frame-001284.png
1285	frames/A/frame-001285.png
1286	frames/A/frame-001286.png
1287	frames/A/frame-001287.png
1288	frames/A/frame-001288.png
1289	frames/A/frame-001289.png
1290	frames/A/frame-001290.png
1291	frames/A/frame-001291.png
1292	frames/A/frame-001292.png
1293	frames/A/frame-001293.png
1294	frames/A/frame-001294.png
1295	frames/A/frame-001295.png
1296	frames/A/frame-001296.png
1297	frames/A/frame-001297.png
1298	frames/A/frame-001298.png
1299	frames/A/frame-001299.png
1300	frames/A/frame-001300.png
1301	frames/A/frame-001301.png
1302	frames/A/frame-001302.png
1303	frames/A/frame-001303.png
1304	frames/A/frame-001304.png
1305	frames/A/frame-001305.png
1306	frames/A/frame-001306.png
1307	frames/A/frame-001307.png
1308	frames/A/frame-001308.png
1309	frames/A/frame-001309.png
1310	frames/A/frame-001310.png
1311	frames/A/frame-001311.png
1312	frames/A/frame-001312.png
1313	frames/A/frame-001313.png
1314	frames/A/frame-001314.png
1315	frames/A/frame-001315.png
1316	frames/A/frame-001316.png
1317	frames/A/frame-001317.png
1318	frames/A/frame-001318.png
1319	frames/A/frame-001319.png
1320	frames/A/frame-001320.png
1321	frames/A/frame-001321.png
1322	frames/A/frame-001322.png
1323	frames/A/frame-001323.png
1324	frames/A/frame-001324.png
1325	frames/A/frame-001325.png
1326	frames/A/frame-001326.png
1327	frames/A/frame-001327.png
1328	frames/A/frame-001328.png
1329	frames/A/frame-001329.png
1330	frames/A/frame-001330.png
1331	frames/A/frame-001331.png
1332	frames/A/frame-001332.png
1333	frames/A/frame-001333.png
1334	frames/A/frame-001334.png
1335	frames/A/frame-001335.png
1336	frames/A/frame-001336.png
1337	frames/A/frame-001337.png
1338	frames/A/frame-001338.png
1339	frames/A/frame-001339.png
1340	frames/A/frame-001340.png
1341	frames/A/frame-001341.png
1342	frames/A/frame-001342.png
1343	frames/A/frame-001343.png
1344	frames/A/frame-001344.png
1345	frames/A/frame-001345.png
1346	frames/A/frame-001346.png
1347	frames/A/frame-001347.png
1348	frames/A/frame-001348.png
1349	frames/A/frame-001349.png
1350	frames/A/frame-001350.png
1351	frames/A/frame-001351.png
1352	frames/A/frame-001352.png
1353	frames/A/frame-001353.png
1354	frames/A/frame-001354.png
1355	frames/A/frame-001355.png
1356	frames/A/frame-001356.png
1357	frames/A/frame-001357.png
1358	frames/A/frame-001358.png
1359	frames/A/frame-001359.png
1360	frames/A/frame-001360.png
1361	frames/A/frame-001361.png
1362	frames/A/frame-001362.png
1363	frames/A/frame-001363.png
1364	frames/A/frame-001364.png
1365	frames/A/frame-001365.png
1366	frames/A/frame-001366.png
1367	frames/A/frame-001367.png
1368	frames/A/frame-001368.png
1369	frames/A/frame-001369.png
1370	frames/A/frame-001370.png
1371	frames/A/frame-001371.png
1372	frames/A/frame-001372.png
1373	frames/A/frame-001373.png
1374	frames/A/frame-001374.png
1375	frames/A/frame-001375.png
1376	frames/A/frame-001376.png
1377	frames/A/frame-001377.png
1378	frames/A/frame-001378.png
1379	frames/A/frame-001379.png
1380	frames/A/frame-001380.png
1381	frames/A/frame-001381.png
1382	frames/A/frame-001382.png
1383	frames/A/frame-001383.png
1384	frames/A/frame-001384.png
1385	frames/A/frame-001385.png
1386	frames/A/frame-001386.png
1387	frames/A/frame-001387.png
1388	frames/A/frame-001388.png
1389	frames/A/frame-001389.png
1390	frames/A/frame-001390.png
1391	frames/B/frame-001391.png
1392	frames/B/frame-001392.png
1399	frames/C/frame-001399.png
1406	frames/C/frame-001406.png
1414	frames/C/frame-001414.png
1442	frames/C/frame-001442.png
1455	frames/C/frame-001455.png
1462	frames/C/frame-001462.png
1488	frames/C/frame-001488.png
1489	frames/C/frame-001489.png
1490	frames/C/frame-001490.png
1491	frames/C/frame-001491.png
1500	frames/C/frame-001500.png
1528	frames/C/frame-001528.png
1536	frames/C/frame-001536.png
1552	frames/C/frame-001552.png
1573	frames/D/frame-001573.png
1576	frames/B/frame-001576.png
1577	frames/B/frame-001577.png
1578	frames/A/frame-001578.png
1579	frames/A/frame-001579.png
1580	frames/A/frame-001580.png
1581	frames/A/frame-001581.png
1582	frames/A/frame-001582.png
1583	frames/A/frame-001583.png
1584	frames/A/frame-001584.png
1585	frames/A/frame-001585.png
1586	frames/A/frame-001586.png
1587	frames/A/frame-001587.png
1588	frames/A/frame-001588.png
1589	frames/A/frame-001589.png
1590	frames/A/frame-001590.png
1591	frames/A/frame-001591.png
1592	frames/A/frame-001592.png
1593	frames/A/frame-001593.png
1594	frames/A/frame-001594.png
1595	frames/A/frame-001595.png
1596	frames/A/frame-001596.png
1597	frames/A/frame-001597.png
1598	frames/A/frame-001598.png
1599	frames/A/frame-001599.png
1600	frames/A/frame-001600.png
1601	frames/A/frame-001601.png
1602	frames/A/frame-001602.png
1603	frames/A/frame-001603.png
1604	frames/A/frame-001604.png
1605	frames/A/frame-001605.png
1606	frames/A/frame-001606.png
1607	frames/A/frame-001607.png
1608	frames/A/frame-001608.png
1609	frames/A/frame-001609.png
1610	frames/A/frame-001610.png
1611	frames/A/frame-001611.png
1612	frames/A/frame-001612.png
1613	frames/A/frame-001613.png
1614	frames/A/frame-001614.png
1615	frames/A/frame-001615.png
1616	frames/A/frame-001616.png
1617	frames/A/frame-001617.png
1618	frames/A/frame-001618.png
1619	frames/A/frame-001619.png
1620	frames/A/frame-001620.png
1621	frames/A/frame-001621.png
1622	frames/A/frame-001622.png
1623	frames/A/frame-001623.png
1624	frames/A/frame-001624.png
1625	frames/A/frame-001625.png
1626	frames/A/frame-001626.png
1627	frames/A/frame-001627.png
1628	frames/A/frame-001628.png
1629	frames/A/frame-001629.png
1630	frames/A/frame-001630.png
1631	frames/A/frame-001631.png
1632	frames/A/frame-001632.png
1633	frames/A/frame-001633.png
1634	frames/A/frame-001634.png
1635	frames/A/frame-001635.png
1636	frames/A/frame-001636.png
1637	frames/A/frame-001637.png
1638	frames/A/frame-001638.png
1639	frames/A/frame-001639.png
1640	frames/A/frame-001640.png
1641	frames/A/frame-001641.png
1642	frames/A/frame-001642.png
1643	frames/A/frame-001643.png
1644	frames/A/frame-001644.png
1645	frames/A/frame-001645.png
1646	frames/A/frame-001646.png
1647	frames/A/frame-001647.png
1648	frames/A/frame-001648.png
1649	frames/A/frame-001649.png
1650	frames/A/frame-001650.png
1651	frames/A/frame-001651.png
1652	frames/A/frame-001652.png
1653	frames/A/frame-001653.png
1654	frames/A/frame-001654.png
1655	frames/A/frame-001655.png
1656	frames/A/frame-001656.png
1657	frames/A/frame-001657.png
1658	frames/A/frame-001658.png
1659	frames/A/frame-001659.png
1660	frames/A/frame-001660.png
1661	frames/A/frame-001661.png
1662	frames/B/frame-001662.png
1663	frames/B/frame-001663.png
1666	frames/C/frame-001666.png
1669	frames/C/frame-001669.png
1673	frames/C/frame-001673.png
