case_work_id,dx0,dy0,dx1,dy1,dx2,dy2,dx3,dy3
C-r2-a0-s11-w1440,1.0,1.0,-1.0,1.0,-1.0,-1.0,1.0,-1.0
C-r2-a0-s22-w1440,1.0,1.0,-1.0,1.0,-1.0,-1.0,1.0,-1.0
C-r2-a0-s33-w1440,1.0,1.0,-1.0,1.0,-1.0,-1.0,1.0,-1.0
C-r2-a0-s44-w1440,1.0,1.0,-1.0,1.0,-1.0,-1.0,1.0,-1.0
C-r2-a105-s11-w1440,-0.9565794574208439,0.528045668751929,-0.583862319142554,-0.9583494769520939,0.9565794574209576,-0.528015151173804,0.528015151173804,0.9565794574209008
C-r2-a105-s22-w1440,-0.9565794574208439,0.528045668751929,-0.583862319142554,-0.9583494769520939,0.9616453753897076,-0.547058119923804,0.547058119923804,0.9616758929677758
C-r2-a105-s33-w1440,-0.9122068988270939,0.539886489064429,-0.598327651173804,-0.9053709613270939,0.9565794574209576,-0.528015151173804,0.539917006642554,0.9122374164052758
C-r2-a105-s44-w1440,-0.9616453753895939,0.547027602345679,-0.583862319142554,-0.9583494769520939,0.9565794574209576,-0.528015151173804,0.528015151173804,0.9565794574209008
C-r2-a120-s11-w1440,-0.8859141386925558,0.2310984648644876,-0.15202741994255575,-0.9033701933800558,0.8859141386926694,-0.23106794728641944,0.23106794728641944,0.8858836211144308
C-r2-a120-s22-w1440,-0.8859141386925558,0.2310984648644876,-0.15202741994255575,-0.9033701933800558,0.8859141386926694,-0.23106794728641944,0.23106794728641944,0.8858836211144308
C-r2-a120-s33-w1440,-0.8859141386925558,0.2310984648644876,-0.15202741994255575,-0.9033701933800558,0.8859141386926694,-0.23106794728641944,0.23106794728641944,0.8858836211144308
C-r2-a120-s44-w1440,-0.8859141386925558,0.2310984648644876,-0.15202741994255575,-0.9033701933800558,0.8859141386926694,-0.23106794728641944,0.23106794728641944,0.8858836211144308
C-r2-a135-s11-w1440,-1.137084989847608,0.0,0.0,-1.137084989847608,1.137084989847608,0.0,0.0,1.137084989847608
C-r2-a135-s22-w1440,-1.137084989847608,0.0,0.0,-1.137084989847608,1.137084989847608,0.0,0.0,1.137084989847608
C-r2-a135-s33-w1440,-1.137084989847608,0.0,0.0,-1.137084989847608,1.137084989847608,0.0,0.0,1.137084989847608
C-r2-a135-s44-w1440,-1.137084989847608,0.0,0.0,-1.137084989847608,1.137084989847608,0.0,0.0,1.137084989847608
C-r2-a15-s11-w1440,0.528015151173804,0.9565794574208439,-0.9583494769520939,0.583923354298804,-0.528015151173804,-0.9565794574209576,0.9565794574208439,-0.528015151173804
C-r2-a15-s22-w1440,0.547058119923804,0.9616758929677189,-0.9583494769520939,0.583923354298804,-0.528015151173804,-0.9565794574209576,0.9616453753895939,-0.547058119923804
C-r2-a15-s33-w1440,0.539917006642554,0.9122374164052189,-0.9768431292958439,0.578887953908179,-0.528015151173804,-0.9565794574209576,0.9565794574208439,-0.528015151173804
C-r2-a15-s44-w1440,0.528015151173804,0.9565794574208439,-0.9583494769520939,0.583923354298804,-0.528015151173804,-0.9565794574209576,0.9565794574208439,-0.528015151173804
C-r2-a150-s11-w1440,-0.8859141386925558,-0.23106794728630575,0.18767195119266944,-0.9238169707238058,0.8859141386926694,0.23109846486454444,-0.23106794728630575,0.8858836211145444
C-r2-a150-s22-w1440,-0.8859141386925558,-0.23106794728630575,0.18767195119266944,-0.9238169707238058,0.8859141386926694,0.23109846486454444,-0.23106794728630575,0.8858836211145444
C-r2-a150-s33-w1440,-0.8859141386925558,-0.23106794728630575,0.18767195119266944,-0.9238169707238058,0.8859141386926694,0.23109846486454444,-0.23106794728630575,0.8858836211145444
C-r2-a150-s44-w1440,-0.8859141386925558,-0.23106794728630575,0.18767195119266944,-0.9238169707238058,0.8859141386926694,0.23109846486454444,-0.23106794728630575,0.8858836211145444
C-r2-a165-s11-w1440,-0.9565794574208439,-0.528015151173804,0.583862319142554,-0.9583494769522076,0.9565794574209576,0.5280456687518722,-0.5280151511736904,0.9565794574208439
C-r2-a165-s22-w1440,-0.9565794574208439,-0.528015151173804,0.583862319142554,-0.9583494769522076,0.9565794574209576,0.5280456687518722,-0.5399170066424404,0.9122374164052189
C-r2-a165-s33-w1440,-0.9565794574208439,-0.528015151173804,0.583862319142554,-0.9583494769522076,0.9565794574209576,0.5280456687518722,-0.5280151511736904,0.9565794574208439
C-r2-a165-s44-w1440,-0.9565794574208439,-0.528015151173804,0.583862319142554,-0.9583494769522076,0.9565794574209576,0.5280456687518722,-0.5280151511736904,0.9565794574208439
C-r2-a180-s11-w1440,-1.0,-1.0,1.0,-1.0,1.0,1.0,-1.0,1.0
C-r2-a180-s22-w1440,-1.0,-1.0,1.0,-1.0,1.0,1.0,-1.0,1.0
C-r2-a180-s33-w1440,-1.0,-1.0,1.0,-1.0,1.0,1.0,-1.0,1.0
C-r2-a180-s44-w1440,-1.0,-1.0,1.0,-1.0,1.0,1.0,-1.0,1.0
