case_work_id,work_width,radius,noise_sigma,measurable,reason,e0,e1,e2,e3,max_error
H-r0-a0-s0-w480,480,0,0,True,,0.9013878188659973,1.346291201783626,1.346291201783626,0.9013878188659973,1.346291201783626
H-r0-a0-s0-w960,960,0,0,True,,0.9013878188659973,1.346291201783626,1.346291201783626,0.9013878188659973,1.346291201783626
H-r0-a0-s0-w1440,1440,0,0,True,,0.9013878188659973,1.346291201783626,1.346291201783626,0.9013878188659973,1.346291201783626
H-r0-a0-s55-w480,480,0,1,True,,0.9013878188659973,1.346291201783626,1.346291201783626,0.9013878188659973,1.346291201783626
H-r0-a0-s55-w960,960,0,1,True,,0.9013878188659973,1.346291201783626,1.346291201783626,0.9013878188659973,1.346291201783626
H-r0-a0-s55-w1440,1440,0,1,True,,0.9013878188659973,1.346291201783626,1.346291201783626,0.9013878188659973,1.346291201783626
H-r0-a0-s66-w480,480,0,1,True,,0.9013878188659973,1.346291201783626,1.346291201783626,0.9013878188659973,1.346291201783626
H-r0-a0-s66-w960,960,0,1,True,,0.9013878188659973,1.346291201783626,1.346291201783626,0.9013878188659973,1.346291201783626
H-r0-a0-s66-w1440,1440,0,1,True,,0.9013878188659973,1.346291201783626,1.346291201783626,0.9013878188659973,1.346291201783626
H-r0-a0-s77-w480,480,0,1,True,,0.9013878188659973,1.346291201783626,1.346291201783626,0.9013878188659973,1.346291201783626
H-r0-a0-s77-w960,960,0,1,True,,0.9013878188659973,1.346291201783626,1.346291201783626,0.9013878188659973,1.346291201783626
H-r0-a0-s77-w1440,1440,0,1,True,,0.9013878188659973,1.346291201783626,1.346291201783626,0.9013878188659973,1.346291201783626
H-r0-a0-s88-w480,480,0,1,True,,0.9013878188659973,1.346291201783626,1.346291201783626,0.9013878188659973,1.346291201783626
H-r0-a0-s88-w960,960,0,1,True,,0.9013878188659973,1.346291201783626,1.346291201783626,0.9013878188659973,1.346291201783626
H-r0-a0-s88-w1440,1440,0,1,True,,0.9013878188659973,1.346291201783626,1.346291201783626,0.9013878188659973,1.346291201783626
H-r0-a15-s0-w480,480,0,0,True,,1.0502145307474484,1.1244846549800653,1.1070276594319974,1.076364365980028,1.1244846549800653
H-r0-a15-s0-w960,960,0,0,True,,1.0502145307474484,1.1244846549800653,1.1070276594319974,1.076364365980028,1.1244846549800653
H-r0-a15-s0-w1440,1440,0,0,True,,1.0502145307474484,1.1244846549800653,1.1070276594319974,1.076364365980028,1.1244846549800653
H-r0-a15-s55-w480,480,0,1,True,,1.0502145307474484,1.1244846549800653,1.1070276594319974,1.076364365980028,1.1244846549800653
H-r0-a15-s55-w960,960,0,1,True,,1.0502145307474484,1.1244846549800653,1.1070276594319974,1.076364365980028,1.1244846549800653
H-r0-a15-s55-w1440,1440,0,1,True,,1.0502145307474484,1.1244846549800653,1.1070276594319974,1.076364365980028,1.1244846549800653
H-r0-a15-s66-w480,480,0,1,True,,1.0502145307474484,1.1244846549800653,1.0418580488010973,1.076364365980028,1.1244846549800653
H-r0-a15-s66-w960,960,0,1,True,,1.0502145307474484,1.1244846549800653,1.0418580488010973,1.076364365980028,1.1244846549800653
H-r0-a15-s66-w1440,1440,0,1,True,,1.0502145307474484,1.1244846549800653,1.0418580488010973,1.076364365980028,1.1244846549800653
H-r0-a15-s77-w480,480,0,1,True,,1.0502145307474484,1.1244846549800653,1.0925951839570809,1.076364365980028,1.1244846549800653
H-r0-a15-s77-w960,960,0,1,True,,1.0502145307474484,1.1244846549800653,1.0925951839570809,1.076364365980028,1.1244846549800653
H-r0-a15-s77-w1440,1440,0,1,True,,1.0502145307474484,1.1244846549800653,1.0925951839570809,1.076364365980028,1.1244846549800653
H-r0-a15-s88-w480,480,0,1,True,,1.0502145307474484,1.1244846549800653,1.0553253147462633,1.076364365980028,1.1244846549800653
H-r0-a15-s88-w960,960,0,1,True,,1.0502145307474484,1.1244846549800653,1.0553253147462633,1.076364365980028,1.1244846549800653
H-r0-a15-s88-w1440,1440,0,1,True,,1.0502145307474484,1.1244846549800653,1.0553253147462633,1.076364365980028,1.1244846549800653
H-r0-a30-s0-w480,480,0,0,True,,0.9329330118415546,0.9057584170515887,1.01942746616231,1.0067774951971837,1.01942746616231
H-r0-a30-s0-w960,960,0,0,True,,0.9329330118415546,0.9057584170515887,1.01942746616231,1.0067774951971837,1.01942746616231
H-r0-a30-s0-w1440,1440,0,0,True,,0.9329330118415546,0.9057584170515887,1.01942746616231,1.0067774951971837,1.01942746616231
H-r0-a30-s55-w480,480,0,1,True,,0.9329330118415546,0.9057584170515887,1.01942746616231,1.0067774951971837,1.01942746616231
H-r0-a30-s55-w960,960,0,1,True,,0.9329330118415546,0.9057584170515887,1.01942746616231,1.0067774951971837,1.01942746616231
H-r0-a30-s55-w1440,1440,0,1,True,,0.9329330118415546,0.9057584170515887,1.01942746616231,1.0067774951971837,1.01942746616231
H-r0-a30-s66-w480,480,0,1,True,,0.9329330118415546,0.9057584170515887,1.01942746616231,1.0067774951971837,1.01942746616231
H-r0-a30-s66-w960,960,0,1,True,,0.9329330118415546,0.9057584170515887,1.01942746616231,1.0067774951971837,1.01942746616231
H-r0-a30-s66-w1440,1440,0,1,True,,0.9329330118415546,0.9057584170515887,1.01942746616231,1.0067774951971837,1.01942746616231
H-r0-a30-s77-w480,480,0,1,True,,0.9329330118415546,0.9057584170515887,1.01942746616231,1.0067774951971837,1.01942746616231
H-r0-a30-s77-w960,960,0,1,True,,0.9329330118415546,0.9057584170515887,1.01942746616231,1.0067774951971837,1.01942746616231
H-r0-a30-s77-w1440,1440,0,1,True,,0.9329330118415546,0.9057584170515887,1.01942746616231,1.0067774951971837,1.01942746616231
H-r0-a30-s88-w480,480,0,1,True,,0.9329330118415546,0.9057584170515887,0.967166764839485,1.0067774951971837,1.0067774951971837
H-r0-a30-s88-w960,960,0,1,True,,0.9329330118415546,0.9057584170515887,0.967166764839485,1.0067774951971837,1.0067774951971837
H-r0-a30-s88-w1440,1440,0,1,True,,0.9329330118415546,0.9057584170515887,0.967166764839485,1.0067774951971837,1.0067774951971837
H-r0-a45-s0-w480,480,0,0,True,,0.684380949683089,0.8870849898476081,0.684380949683089,0.3870849898476081,0.8870849898476081
H-r0-a45-s0-w960,960,0,0,True,,0.684380949683089,0.8870849898476081,0.684380949683089,0.3870849898476081,0.8870849898476081
H-r0-a45-s0-w1440,1440,0,0,True,,0.684380949683089,0.8870849898476081,0.684380949683089,0.3870849898476081,0.8870849898476081
H-r0-a45-s55-w480,480,0,1,True,,0.684380949683089,0.8870849898476081,0.684380949683089,0.3870849898476081,0.8870849898476081
H-r0-a45-s55-w960,960,0,1,True,,0.684380949683089,0.8870849898476081,0.684380949683089,0.3870849898476081,0.8870849898476081
H-r0-a45-s55-w1440,1440,0,1,True,,0.684380949683089,0.8870849898476081,0.684380949683089,0.3870849898476081,0.8870849898476081
H-r0-a45-s66-w480,480,0,1,True,,0.684380949683089,0.8870849898476081,0.684380949683089,0.3870849898476081,0.8870849898476081
H-r0-a45-s66-w960,960,0,1,True,,0.684380949683089,0.8870849898476081,0.684380949683089,0.3870849898476081,0.8870849898476081
H-r0-a45-s66-w1440,1440,0,1,True,,0.684380949683089,0.8870849898476081,0.684380949683089,0.3870849898476081,0.8870849898476081
H-r0-a45-s77-w480,480,0,1,True,,0.684380949683089,0.8870849898476081,0.684380949683089,0.3870849898476081,0.8870849898476081
H-r0-a45-s77-w960,960,0,1,True,,0.684380949683089,0.8870849898476081,0.684380949683089,0.3870849898476081,0.8870849898476081
H-r0-a45-s77-w1440,1440,0,1,True,,0.684380949683089,0.8870849898476081,0.684380949683089,0.3870849898476081,0.8870849898476081
H-r0-a45-s88-w480,480,0,1,True,,0.684380949683089,0.8870849898476081,0.684380949683089,0.3870849898476081,0.8870849898476081
H-r0-a45-s88-w960,960,0,1,True,,0.684380949683089,0.8870849898476081,0.684380949683089,0.3870849898476081,0.8870849898476081
H-r0-a45-s88-w1440,1440,0,1,True,,0.684380949683089,0.8870849898476081,0.684380949683089,0.3870849898476081,0.8870849898476081
H-r0-a60-s0-w480,480,0,0,True,,1.0194274661621998,0.9057584170516337,0.9329330118416302,1.0067774951970436,1.0194274661621998
H-r0-a60-s0-w960,960,0,0,True,,1.0194274661621998,0.9057584170516337,0.9329330118416302,1.0067774951970436,1.0194274661621998
H-r0-a60-s0-w1440,1440,0,0,True,,1.0194274661621998,0.9057584170516337,0.9329330118416302,1.0067774951970436,1.0194274661621998
H-r0-a60-s55-w480,480,0,1,True,,1.0194274661621998,0.9057584170516337,0.9329330118416302,1.0067774951970436,1.0194274661621998
H-r0-a60-s55-w960,960,0,1,True,,1.0194274661621998,0.9057584170516337,0.9329330118416302,1.0067774951970436,1.0194274661621998
H-r0-a60-s55-w1440,1440,0,1,True,,1.0194274661621998,0.9057584170516337,0.9329330118416302,1.0067774951970436,1.0194274661621998
H-r0-a60-s66-w480,480,0,1,True,,1.0194274661621998,0.9057584170516337,0.9322174466826193,1.0067774951970436,1.0194274661621998
H-r0-a60-s66-w960,960,0,1,True,,1.0194274661621998,0.9057584170516337,0.9322174466826193,1.0067774951970436,1.0194274661621998
H-r0-a60-s66-w1440,1440,0,1,True,,1.0194274661621998,0.9057584170516337,0.9322174466826193,1.0067774951970436,1.0194274661621998
H-r0-a60-s77-w480,480,0,1,True,,1.0194274661621998,0.9057584170516337,0.9329330118416302,1.0067774951970436,1.0194274661621998
H-r0-a60-s77-w960,960,0,1,True,,1.0194274661621998,0.9057584170516337,0.9329330118416302,1.0067774951970436,1.0194274661621998
H-r0-a60-s77-w1440,1440,0,1,True,,1.0194274661621998,0.9057584170516337,0.9329330118416302,1.0067774951970436,1.0194274661621998
H-r0-a60-s88-w480,480,0,1,True,,1.0194274661621998,0.9057584170516337,0.9329330118416302,1.0067774951970436,1.0194274661621998
H-r0-a60-s88-w960,960,0,1,True,,1.0194274661621998,0.9057584170516337,0.9329330118416302,1.0067774951970436,1.0194274661621998
H-r0-a60-s88-w1440,1440,0,1,True,,1.0194274661621998,0.9057584170516337,0.9329330118416302,1.0067774951970436,1.0194274661621998
H-r0-a75-s0-w480,480,0,0,True,,1.1070276594319002,1.1244846549800653,1.0502145307475457,1.076364365980028,1.1244846549800653
H-r0-a75-s0-w960,960,0,0,True,,1.1070276594319002,1.1244846549800653,1.0502145307475457,1.076364365980028,1.1244846549800653
H-r0-a75-s0-w1440,1440,0,0,True,,1.1070276594319002,1.1244846549800653,1.0502145307475457,1.076364365980028,1.1244846549800653
H-r0-a75-s55-w480,480,0,1,True,,1.1070276594319002,1.0111429717946994,1.0502145307475457,1.0566375037551574,1.1070276594319002
H-r0-a75-s55-w960,960,0,1,True,,1.1070276594319002,1.0111429717946994,1.0502145307475457,1.0566375037551574,1.1070276594319002
H-r0-a75-s55-w1440,1440,0,1,True,,1.1070276594319002,1.0111429717946994,1.0502145307475457,1.0566375037551574,1.1070276594319002
H-r0-a75-s66-w480,480,0,1,True,,1.1070276594319002,1.241141857047095,1.0502145307475457,1.076364365980028,1.241141857047095
H-r0-a75-s66-w960,960,0,1,True,,1.1070276594319002,1.241141857047095,1.0502145307475457,1.076364365980028,1.241141857047095
H-r0-a75-s66-w1440,1440,0,1,True,,1.1070276594319002,1.241141857047095,1.0502145307475457,1.076364365980028,1.241141857047095
H-r0-a75-s77-w480,480,0,1,True,,1.1070276594319002,1.1244846549800653,1.0502145307475457,1.076364365980028,1.1244846549800653
H-r0-a75-s77-w960,960,0,1,True,,1.1070276594319002,1.1244846549800653,1.0502145307475457,1.076364365980028,1.1244846549800653
H-r0-a75-s77-w1440,1440,0,1,True,,1.1070276594319002,1.1244846549800653,1.0502145307475457,1.076364365980028,1.1244846549800653
H-r0-a75-s88-w480,480,0,1,True,,1.1070276594319002,1.1244846549800653,1.0502145307475457,1.0566375037551574,1.1244846549800653
H-r0-a75-s88-w960,960,0,1,True,,1.1070276594319002,1.1244846549800653,1.0502145307475457,1.0566375037551574,1.1244846549800653
H-r0-a75-s88-w1440,1440,0,1,True,,1.1070276594319002,1.1244846549800653,1.0502145307475457,1.0566375037551574,1.1244846549800653
H-r0-a90-s0-w480,480,0,0,True,,1.346291201783626,1.346291201783626,0.9013878188659973,0.9013878188659973,1.346291201783626
H-r0-a90-s0-w960,960,0,0,True,,1.346291201783626,1.346291201783626,0.9013878188659973,0.9013878188659973,1.346291201783626
H-r0-a90-s0-w1440,1440,0,0,True,,1.346291201783626,1.346291201783626,0.9013878188659973,0.9013878188659973,1.346291201783626
H-r0-a90-s55-w480,480,0,1,True,,1.346291201783626,1.346291201783626,0.9013878188659973,0.9013878188659973,1.346291201783626
H-r0-a90-s55-w960,960,0,1,True,,1.346291201783626,1.346291201783626,0.9013878188659973,0.9013878188659973,1.346291201783626
H-r0-a90-s55-w1440,1440,0,1,True,,1.346291201783626,1.346291201783626,0.9013878188659973,0.9013878188659973,1.346291201783626
H-r0-a90-s66-w480,480,0,1,True,,1.346291201783626,1.346291201783626,0.9013878188659973,0.9013878188659973,1.346291201783626
H-r0-a90-s66-w960,960,0,1,True,,1.346291201783626,1.346291201783626,0.9013878188659973,0.9013878188659973,1.346291201783626
H-r0-a90-s66-w1440,1440,0,1,True,,1.346291201783626,1.346291201783626,0.9013878188659973,0.9013878188659973,1.346291201783626
H-r0-a90-s77-w480,480,0,1,True,,1.346291201783626,1.346291201783626,0.9013878188659973,0.9013878188659973,1.346291201783626
H-r0-a90-s77-w960,960,0,1,True,,1.346291201783626,1.346291201783626,0.9013878188659973,0.9013878188659973,1.346291201783626
H-r0-a90-s77-w1440,1440,0,1,True,,1.346291201783626,1.346291201783626,0.9013878188659973,0.9013878188659973,1.346291201783626
H-r0-a90-s88-w480,480,0,1,True,,1.346291201783626,1.346291201783626,0.9013878188659973,0.9013878188659973,1.346291201783626
H-r0-a90-s88-w960,960,0,1,True,,1.346291201783626,1.346291201783626,0.9013878188659973,0.9013878188659973,1.346291201783626
H-r0-a90-s88-w1440,1440,0,1,True,,1.346291201783626,1.346291201783626,0.9013878188659973,0.9013878188659973,1.346291201783626
H-r0-a105-s0-w480,480,0,0,True,,1.1032525815813443,1.1356438366220354,1.0763643659799302,1.0502145307473896,1.1356438366220354
H-r0-a105-s0-w960,960,0,0,True,,1.1032525815813443,1.1356438366220354,1.0763643659799302,1.0502145307473896,1.1356438366220354
H-r0-a105-s0-w1440,1440,0,0,True,,1.1032525815813443,1.1356438366220354,1.0763643659799302,1.0502145307473896,1.1356438366220354
H-r0-a105-s55-w480,480,0,1,True,,1.1032525815813443,1.1356438366220354,1.0763643659799302,1.0502145307473896,1.1356438366220354
H-r0-a105-s55-w960,960,0,1,True,,1.1032525815813443,1.1356438366220354,1.0763643659799302,1.0502145307473896,1.1356438366220354
H-r0-a105-s55-w1440,1440,0,1,True,,1.1032525815813443,1.1356438366220354,1.0763643659799302,1.0502145307473896,1.1356438366220354
H-r0-a105-s66-w480,480,0,1,True,,1.1032525815813443,0.9992917806450192,1.0763643659799302,1.0502145307473896,1.1032525815813443
H-r0-a105-s66-w960,960,0,1,True,,1.1032525815813443,0.9992917806450192,1.0763643659799302,1.0502145307473896,1.1032525815813443
H-r0-a105-s66-w1440,1440,0,1,True,,1.1032525815813443,0.9992917806450192,1.0763643659799302,1.0502145307473896,1.1032525815813443
H-r0-a105-s77-w480,480,0,1,True,,1.1032525815813443,1.1356438366220354,1.0763643659799302,1.0502145307473896,1.1356438366220354
H-r0-a105-s77-w960,960,0,1,True,,1.1032525815813443,1.1356438366220354,1.0763643659799302,1.0502145307473896,1.1356438366220354
H-r0-a105-s77-w1440,1440,0,1,True,,1.1032525815813443,1.1356438366220354,1.0763643659799302,1.0502145307473896,1.1356438366220354
H-r0-a105-s88-w480,480,0,1,True,,1.1536167807642628,0.9992917806450192,1.0763643659799302,1.0502145307473896,1.1536167807642628
H-r0-a105-s88-w960,960,0,1,True,,1.1536167807642628,0.9992917806450192,1.0763643659799302,1.0502145307473896,1.1536167807642628
H-r0-a105-s88-w1440,1440,0,1,True,,1.1536167807642628,0.9992917806450192,1.0763643659799302,1.0502145307473896,1.1536167807642628
H-r0-a120-s0-w480,480,0,0,True,,0.9809444826066133,1.1450593812324381,1.0067774951970436,0.9329330118416633,1.1450593812324381
H-r0-a120-s0-w960,960,0,0,True,,0.9809444826066133,1.1450593812324381,1.0067774951970436,0.9329330118416633,1.1450593812324381
H-r0-a120-s0-w1440,1440,0,0,True,,0.9809444826066133,1.1450593812324381,1.0067774951970436,0.9329330118416633,1.1450593812324381
H-r0-a120-s55-w480,480,0,1,True,,0.9809444826066133,1.1450593812324381,1.0067774951970436,0.9329330118416633,1.1450593812324381
H-r0-a120-s55-w960,960,0,1,True,,0.9809444826066133,1.1450593812324381,1.0067774951970436,0.9329330118416633,1.1450593812324381
H-r0-a120-s55-w1440,1440,0,1,True,,0.9809444826066133,1.1450593812324381,1.0067774951970436,0.9329330118416633,1.1450593812324381
H-r0-a120-s66-w480,480,0,1,True,,0.9809444826066133,1.1450593812324381,1.0067774951970436,0.9329330118416633,1.1450593812324381
H-r0-a120-s66-w960,960,0,1,True,,0.9809444826066133,1.1450593812324381,1.0067774951970436,0.9329330118416633,1.1450593812324381
H-r0-a120-s66-w1440,1440,0,1,True,,0.9809444826066133,1.1450593812324381,1.0067774951970436,0.9329330118416633,1.1450593812324381
H-r0-a120-s77-w480,480,0,1,True,,0.9809444826066133,1.1450593812324381,1.0067774951970436,0.9329330118416633,1.1450593812324381
H-r0-a120-s77-w960,960,0,1,True,,0.9809444826066133,1.1450593812324381,1.0067774951970436,0.9329330118416633,1.1450593812324381
H-r0-a120-s77-w1440,1440,0,1,True,,0.9809444826066133,1.1450593812324381,1.0067774951970436,0.9329330118416633,1.1450593812324381
H-r0-a120-s88-w480,480,0,1,True,,0.9809444826066133,0.8799618021810263,1.0067774951970436,0.9329330118416633,1.0067774951970436
H-r0-a120-s88-w960,960,0,1,True,,0.9809444826066133,0.8799618021810263,1.0067774951970436,0.9329330118416633,1.0067774951970436
H-r0-a120-s88-w1440,1440,0,1,True,,0.9809444826066133,0.8799618021810263,1.0067774951970436,0.9329330118416633,1.0067774951970436
H-r0-a135-s0-w480,480,0,0,True,,0.8870849898476081,0.684380949683089,0.3870849898476081,0.684380949683089,0.8870849898476081
H-r0-a135-s0-w960,960,0,0,True,,0.8870849898476081,0.684380949683089,0.3870849898476081,0.684380949683089,0.8870849898476081
H-r0-a135-s0-w1440,1440,0,0,True,,0.8870849898476081,0.684380949683089,0.3870849898476081,0.684380949683089,0.8870849898476081
H-r0-a135-s55-w480,480,0,1,True,,0.8870849898476081,0.684380949683089,0.3870849898476081,0.684380949683089,0.8870849898476081
H-r0-a135-s55-w960,960,0,1,True,,0.8870849898476081,0.684380949683089,0.3870849898476081,0.684380949683089,0.8870849898476081
H-r0-a135-s55-w1440,1440,0,1,True,,0.8870849898476081,0.684380949683089,0.3870849898476081,0.684380949683089,0.8870849898476081
H-r0-a135-s66-w480,480,0,1,True,,0.8870849898476081,0.684380949683089,0.3870849898476081,0.684380949683089,0.8870849898476081
H-r0-a135-s66-w960,960,0,1,True,,0.8870849898476081,0.684380949683089,0.3870849898476081,0.684380949683089,0.8870849898476081
H-r0-a135-s66-w1440,1440,0,1,True,,0.8870849898476081,0.684380949683089,0.3870849898476081,0.684380949683089,0.8870849898476081
H-r0-a135-s77-w480,480,0,1,True,,0.8870849898476081,0.684380949683089,0.3870849898476081,0.684380949683089,0.8870849898476081
H-r0-a135-s77-w960,960,0,1,True,,0.8870849898476081,0.684380949683089,0.3870849898476081,0.684380949683089,0.8870849898476081
H-r0-a135-s77-w1440,1440,0,1,True,,0.8870849898476081,0.684380949683089,0.3870849898476081,0.684380949683089,0.8870849898476081
H-r0-a135-s88-w480,480,0,1,True,,0.8870849898476081,0.684380949683089,0.3870849898476081,0.684380949683089,0.8870849898476081
H-r0-a135-s88-w960,960,0,1,True,,0.8870849898476081,0.684380949683089,0.3870849898476081,0.684380949683089,0.8870849898476081
H-r0-a135-s88-w1440,1440,0,1,True,,0.8870849898476081,0.684380949683089,0.3870849898476081,0.684380949683089,0.8870849898476081
H-r0-a150-s0-w480,480,0,0,True,,0.9809444826065844,0.9546200213418663,1.0067774951970743,1.01942746616231,1.01942746616231
H-r0-a150-s0-w960,960,0,0,True,,0.9809444826065844,0.9546200213418663,1.0067774951970743,1.01942746616231,1.01942746616231
H-r0-a150-s0-w1440,1440,0,0,True,,0.9809444826065844,0.9546200213418663,1.0067774951970743,1.01942746616231,1.01942746616231
H-r0-a150-s55-w480,480,0,1,True,,0.9809444826065844,0.9546200213418663,1.0067774951970743,1.01942746616231,1.01942746616231
H-r0-a150-s55-w960,960,0,1,True,,0.9809444826065844,0.9546200213418663,1.0067774951970743,1.01942746616231,1.01942746616231
H-r0-a150-s55-w1440,1440,0,1,True,,0.9809444826065844,0.9546200213418663,1.0067774951970743,1.01942746616231,1.01942746616231
H-r0-a150-s66-w480,480,0,1,True,,0.9809444826065844,0.9546200213418663,1.0067774951970743,1.01942746616231,1.01942746616231
H-r0-a150-s66-w960,960,0,1,True,,0.9809444826065844,0.9546200213418663,1.0067774951970743,1.01942746616231,1.01942746616231
H-r0-a150-s66-w1440,1440,0,1,True,,0.9809444826065844,0.9546200213418663,1.0067774951970743,1.01942746616231,1.01942746616231
H-r0-a150-s77-w480,480,0,1,True,,0.9762956842099052,0.9546200213418663,1.0067774951970743,1.01942746616231,1.01942746616231
H-r0-a150-s77-w960,960,0,1,True,,0.9762956842099052,0.9546200213418663,1.0067774951970743,1.01942746616231,1.01942746616231
H-r0-a150-s77-w1440,1440,0,1,True,,0.9762956842099052,0.9546200213418663,1.0067774951970743,1.01942746616231,1.01942746616231
H-r0-a150-s88-w480,480,0,1,True,,0.9809444826065844,0.9546200213418663,1.0067774951970743,1.01942746616231,1.01942746616231
H-r0-a150-s88-w960,960,0,1,True,,0.9809444826065844,0.9546200213418663,1.0067774951970743,1.01942746616231,1.01942746616231
H-r0-a150-s88-w1440,1440,0,1,True,,0.9809444826065844,0.9546200213418663,1.0067774951970743,1.01942746616231,1.01942746616231
H-r0-a165-s0-w480,480,0,0,True,,1.1032525815813443,1.035077145822748,1.0763643659798723,1.1070276594319002,1.1070276594319002
H-r0-a165-s0-w960,960,0,0,True,,1.1032525815813443,1.035077145822748,1.0763643659798723,1.1070276594319002,1.1070276594319002
H-r0-a165-s0-w1440,1440,0,0,True,,1.1032525815813443,1.035077145822748,1.0763643659798723,1.1070276594319002,1.1070276594319002
H-r0-a165-s55-w480,480,0,1,True,,1.0214215223404433,1.035077145822748,1.0566375037550009,1.1070276594319002,1.1070276594319002
H-r0-a165-s55-w960,960,0,1,True,,1.0214215223404433,1.035077145822748,1.0566375037550009,1.1070276594319002,1.1070276594319002
H-r0-a165-s55-w1440,1440,0,1,True,,1.0214215223404433,1.035077145822748,1.0566375037550009,1.1070276594319002,1.1070276594319002
H-r0-a165-s66-w480,480,0,1,True,,1.0488087613405805,1.035077145822748,1.0763643659798723,1.1070276594319002,1.1070276594319002
H-r0-a165-s66-w960,960,0,1,True,,1.0488087613405805,1.035077145822748,1.0763643659798723,1.1070276594319002,1.1070276594319002
H-r0-a165-s66-w1440,1440,0,1,True,,1.0488087613405805,1.035077145822748,1.0763643659798723,1.1070276594319002,1.1070276594319002
H-r0-a165-s77-w480,480,0,1,True,,1.1032525815813443,1.035077145822748,1.0763643659798723,1.1070276594319002,1.1070276594319002
H-r0-a165-s77-w960,960,0,1,True,,1.1032525815813443,1.035077145822748,1.0763643659798723,1.1070276594319002,1.1070276594319002
H-r0-a165-s77-w1440,1440,0,1,True,,1.1032525815813443,1.035077145822748,1.0763643659798723,1.1070276594319002,1.1070276594319002
H-r0-a165-s88-w480,480,0,1,True,,1.1032525815813443,1.035077145822748,1.0566375037550009,1.1070276594319002,1.1070276594319002
H-r0-a165-s88-w960,960,0,1,True,,1.1032525815813443,1.035077145822748,1.0566375037550009,1.1070276594319002,1.1070276594319002
H-r0-a165-s88-w1440,1440,0,1,True,,1.1032525815813443,1.035077145822748,1.0566375037550009,1.1070276594319002,1.1070276594319002
H-r0-a180-s0-w480,480,0,0,True,,1.346291201783626,0.9013878188659973,0.9013878188659973,1.346291201783626,1.346291201783626
H-r0-a180-s0-w960,960,0,0,True,,1.346291201783626,0.9013878188659973,0.9013878188659973,1.346291201783626,1.346291201783626
H-r0-a180-s0-w1440,1440,0,0,True,,1.346291201783626,0.9013878188659973,0.9013878188659973,1.346291201783626,1.346291201783626
H-r0-a180-s55-w480,480,0,1,True,,1.346291201783626,0.9013878188659973,0.9013878188659973,1.346291201783626,1.346291201783626
H-r0-a180-s55-w960,960,0,1,True,,1.346291201783626,0.9013878188659973,0.9013878188659973,1.346291201783626,1.346291201783626
H-r0-a180-s55-w1440,1440,0,1,True,,1.346291201783626,0.9013878188659973,0.9013878188659973,1.346291201783626,1.346291201783626
H-r0-a180-s66-w480,480,0,1,True,,1.346291201783626,0.9013878188659973,0.9013878188659973,1.346291201783626,1.346291201783626
H-r0-a180-s66-w960,960,0,1,True,,1.346291201783626,0.9013878188659973,0.9013878188659973,1.346291201783626,1.346291201783626
H-r0-a180-s66-w1440,1440,0,1,True,,1.346291201783626,0.9013878188659973,0.9013878188659973,1.346291201783626,1.346291201783626
H-r0-a180-s77-w480,480,0,1,True,,1.346291201783626,0.9013878188659973,0.9013878188659973,1.346291201783626,1.346291201783626
H-r0-a180-s77-w960,960,0,1,True,,1.346291201783626,0.9013878188659973,0.9013878188659973,1.346291201783626,1.346291201783626
H-r0-a180-s77-w1440,1440,0,1,True,,1.346291201783626,0.9013878188659973,0.9013878188659973,1.346291201783626,1.346291201783626
H-r0-a180-s88-w480,480,0,1,True,,1.346291201783626,0.9013878188659973,0.9013878188659973,1.346291201783626,1.346291201783626
H-r0-a180-s88-w960,960,0,1,True,,1.346291201783626,0.9013878188659973,0.9013878188659973,1.346291201783626,1.346291201783626
H-r0-a180-s88-w1440,1440,0,1,True,,1.346291201783626,0.9013878188659973,0.9013878188659973,1.346291201783626,1.346291201783626
H-r0-a195-s0-w480,480,0,0,True,,1.1070276594319002,0.9668322011876128,1.0502145307475073,1.1032525815811554,1.1070276594319002
H-r0-a195-s0-w960,960,0,0,True,,1.1070276594319002,0.9668322011876128,1.0502145307475073,1.1032525815811554,1.1070276594319002
H-r0-a195-s0-w1440,1440,0,0,True,,1.1070276594319002,0.9668322011876128,1.0502145307475073,1.1032525815811554,1.1070276594319002
H-r0-a195-s55-w480,480,0,1,True,,1.1070276594319002,0.9668322011876128,1.0502145307475073,1.1032525815811554,1.1070276594319002
H-r0-a195-s55-w960,960,0,1,True,,1.1070276594319002,0.9668322011876128,1.0502145307475073,1.1032525815811554,1.1070276594319002
H-r0-a195-s55-w1440,1440,0,1,True,,1.1070276594319002,0.9668322011876128,1.0502145307475073,1.1032525815811554,1.1070276594319002
H-r0-a195-s66-w480,480,0,1,True,,1.0418580488009965,0.9668322011876128,1.0502145307475073,1.1032525815811554,1.1032525815811554
H-r0-a195-s66-w960,960,0,1,True,,1.0418580488009965,0.9668322011876128,1.0502145307475073,1.1032525815811554,1.1032525815811554
H-r0-a195-s66-w1440,1440,0,1,True,,1.0418580488009965,0.9668322011876128,1.0502145307475073,1.1032525815811554,1.1032525815811554
H-r0-a195-s77-w480,480,0,1,True,,1.0925951839569843,0.9668322011876128,1.0502145307475073,1.1032525815811554,1.1032525815811554
H-r0-a195-s77-w960,960,0,1,True,,1.0925951839569843,0.9668322011876128,1.0502145307475073,1.1032525815811554,1.1032525815811554
H-r0-a195-s77-w1440,1440,0,1,True,,1.0925951839569843,0.9668322011876128,1.0502145307475073,1.1032525815811554,1.1032525815811554
H-r0-a195-s88-w480,480,0,1,True,,1.0553253147461619,0.9668322011876128,1.0502145307475073,1.1536167807640678,1.1536167807640678
H-r0-a195-s88-w960,960,0,1,True,,1.0553253147461619,0.9668322011876128,1.0502145307475073,1.1536167807640678,1.1536167807640678
H-r0-a195-s88-w1440,1440,0,1,True,,1.0553253147461619,0.9668322011876128,1.0502145307475073,1.1536167807640678,1.1536167807640678
H-r0-a210-s0-w480,480,0,0,True,,1.0194274661621998,1.1110293060679803,0.9329330118416302,0.9809444826066133,1.1110293060679803
H-r0-a210-s0-w960,960,0,0,True,,1.0194274661621998,1.1110293060679803,0.9329330118416302,0.9809444826066133,1.1110293060679803
H-r0-a210-s0-w1440,1440,0,0,True,,1.0194274661621998,1.1110293060679803,0.9329330118416302,0.9809444826066133,1.1110293060679803
H-r0-a210-s55-w480,480,0,1,True,,1.0194274661621998,1.1110293060679803,0.9329330118416302,0.9809444826066133,1.1110293060679803
H-r0-a210-s55-w960,960,0,1,True,,1.0194274661621998,1.1110293060679803,0.9329330118416302,0.9809444826066133,1.1110293060679803
H-r0-a210-s55-w1440,1440,0,1,True,,1.0194274661621998,1.1110293060679803,0.9329330118416302,0.9809444826066133,1.1110293060679803
H-r0-a210-s66-w480,480,0,1,True,,1.0194274661621998,1.1110293060679803,0.9329330118416302,0.9809444826066133,1.1110293060679803
H-r0-a210-s66-w960,960,0,1,True,,1.0194274661621998,1.1110293060679803,0.9329330118416302,0.9809444826066133,1.1110293060679803
H-r0-a210-s66-w1440,1440,0,1,True,,1.0194274661621998,1.1110293060679803,0.9329330118416302,0.9809444826066133,1.1110293060679803
H-r0-a210-s77-w480,480,0,1,True,,1.0194274661621998,1.1110293060679803,0.9329330118416302,0.9809444826066133,1.1110293060679803
H-r0-a210-s77-w960,960,0,1,True,,1.0194274661621998,1.1110293060679803,0.9329330118416302,0.9809444826066133,1.1110293060679803
H-r0-a210-s77-w1440,1440,0,1,True,,1.0194274661621998,1.1110293060679803,0.9329330118416302,0.9809444826066133,1.1110293060679803
H-r0-a210-s88-w480,480,0,1,True,,0.9671667648393735,1.1110293060679803,0.9329330118416302,0.9809444826066133,1.1110293060679803
H-r0-a210-s88-w960,960,0,1,True,,0.9671667648393735,1.1110293060679803,0.9329330118416302,0.9809444826066133,1.1110293060679803
H-r0-a210-s88-w1440,1440,0,1,True,,0.9671667648393735,1.1110293060679803,0.9329330118416302,0.9809444826066133,1.1110293060679803
H-r0-a225-s0-w480,480,0,0,True,,0.684380949683089,0.3870849898476081,0.684380949683089,0.8870849898476081,0.8870849898476081
H-r0-a225-s0-w960,960,0,0,True,,0.684380949683089,0.3870849898476081,0.684380949683089,0.8870849898476081,0.8870849898476081
H-r0-a225-s0-w1440,1440,0,0,True,,0.684380949683089,0.3870849898476081,0.684380949683089,0.8870849898476081,0.8870849898476081
H-r0-a225-s55-w480,480,0,1,True,,0.684380949683089,0.3870849898476081,0.684380949683089,0.8870849898476081,0.8870849898476081
H-r0-a225-s55-w960,960,0,1,True,,0.684380949683089,0.3870849898476081,0.684380949683089,0.8870849898476081,0.8870849898476081
H-r0-a225-s55-w1440,1440,0,1,True,,0.684380949683089,0.3870849898476081,0.684380949683089,0.8870849898476081,0.8870849898476081
H-r0-a225-s66-w480,480,0,1,True,,0.684380949683089,0.3870849898476081,0.684380949683089,0.8870849898476081,0.8870849898476081
H-r0-a225-s66-w960,960,0,1,True,,0.684380949683089,0.3870849898476081,0.684380949683089,0.8870849898476081,0.8870849898476081
H-r0-a225-s66-w1440,1440,0,1,True,,0.684380949683089,0.3870849898476081,0.684380949683089,0.8870849898476081,0.8870849898476081
H-r0-a225-s77-w480,480,0,1,True,,0.684380949683089,0.3870849898476081,0.684380949683089,0.8870849898476081,0.8870849898476081
H-r0-a225-s77-w960,960,0,1,True,,0.684380949683089,0.3870849898476081,0.684380949683089,0.8870849898476081,0.8870849898476081
H-r0-a225-s77-w1440,1440,0,1,True,,0.684380949683089,0.3870849898476081,0.684380949683089,0.8870849898476081,0.8870849898476081
H-r0-a225-s88-w480,480,0,1,True,,0.684380949683089,0.3870849898476081,0.684380949683089,0.8870849898476081,0.8870849898476081
H-r0-a225-s88-w960,960,0,1,True,,0.684380949683089,0.3870849898476081,0.684380949683089,0.8870849898476081,0.8870849898476081
H-r0-a225-s88-w1440,1440,0,1,True,,0.684380949683089,0.3870849898476081,0.684380949683089,0.8870849898476081,0.8870849898476081
H-r0-a240-s0-w480,480,0,0,True,,0.9329330118416633,1.1110293060681602,1.0194274661621434,0.9809444826065844,1.1110293060681602
H-r0-a240-s0-w960,960,0,0,True,,0.9329330118416633,1.1110293060681602,1.0194274661621434,0.9809444826065844,1.1110293060681602
H-r0-a240-s0-w1440,1440,0,0,True,,0.9329330118416633,1.1110293060681602,1.0194274661621434,0.9809444826065844,1.1110293060681602
H-r0-a240-s55-w480,480,0,1,True,,0.9329330118416633,1.1110293060681602,1.0194274661621434,0.9809444826065844,1.1110293060681602
H-r0-a240-s55-w960,960,0,1,True,,0.9329330118416633,1.1110293060681602,1.0194274661621434,0.9809444826065844,1.1110293060681602
H-r0-a240-s55-w1440,1440,0,1,True,,0.9329330118416633,1.1110293060681602,1.0194274661621434,0.9809444826065844,1.1110293060681602
H-r0-a240-s66-w480,480,0,1,True,,0.9322174466826525,1.1110293060681602,1.0194274661621434,0.9809444826065844,1.1110293060681602
H-r0-a240-s66-w960,960,0,1,True,,0.9322174466826525,1.1110293060681602,1.0194274661621434,0.9809444826065844,1.1110293060681602
H-r0-a240-s66-w1440,1440,0,1,True,,0.9322174466826525,1.1110293060681602,1.0194274661621434,0.9809444826065844,1.1110293060681602
H-r0-a240-s77-w480,480,0,1,True,,0.9329330118416633,1.1074657886432724,1.0194274661621434,0.9762956842099052,1.1074657886432724
H-r0-a240-s77-w960,960,0,1,True,,0.9329330118416633,1.1074657886432724,1.0194274661621434,0.9762956842099052,1.1074657886432724
H-r0-a240-s77-w1440,1440,0,1,True,,0.9329330118416633,1.1074657886432724,1.0194274661621434,0.9762956842099052,1.1074657886432724
H-r0-a240-s88-w480,480,0,1,True,,0.9329330118416633,1.1110293060681602,1.0194274661621434,0.9809444826065844,1.1110293060681602
H-r0-a240-s88-w960,960,0,1,True,,0.9329330118416633,1.1110293060681602,1.0194274661621434,0.9809444826065844,1.1110293060681602
H-r0-a240-s88-w1440,1440,0,1,True,,0.9329330118416633,1.1110293060681602,1.0194274661621434,0.9809444826065844,1.1110293060681602
H-r0-a255-s0-w480,480,0,0,True,,1.0502145307474484,0.9668322011875147,1.1070276594319974,1.1032525815813443,1.1070276594319974
H-r0-a255-s0-w960,960,0,0,True,,1.0502145307474484,0.9668322011875147,1.1070276594319974,1.1032525815813443,1.1070276594319974
H-r0-a255-s0-w1440,1440,0,0,True,,1.0502145307474484,0.9668322011875147,1.1070276594319974,1.1032525815813443,1.1070276594319974
H-r0-a255-s55-w480,480,0,1,True,,1.0502145307474484,0.987816924202404,1.1070276594319974,1.0214215223404433,1.1070276594319974
H-r0-a255-s55-w960,960,0,1,True,,1.0502145307474484,0.987816924202404,1.1070276594319974,1.0214215223404433,1.1070276594319974
H-r0-a255-s55-w1440,1440,0,1,True,,1.0502145307474484,0.987816924202404,1.1070276594319974,1.0214215223404433,1.1070276594319974
H-r0-a255-s66-w480,480,0,1,True,,1.0502145307474484,0.9668322011875147,1.1070276594319974,1.0488087613405805,1.1070276594319974
H-r0-a255-s66-w960,960,0,1,True,,1.0502145307474484,0.9668322011875147,1.1070276594319974,1.0488087613405805,1.1070276594319974
H-r0-a255-s66-w1440,1440,0,1,True,,1.0502145307474484,0.9668322011875147,1.1070276594319974,1.0488087613405805,1.1070276594319974
H-r0-a255-s77-w480,480,0,1,True,,1.0502145307474484,0.9668322011875147,1.1070276594319974,1.1032525815813443,1.1070276594319974
H-r0-a255-s77-w960,960,0,1,True,,1.0502145307474484,0.9668322011875147,1.1070276594319974,1.1032525815813443,1.1070276594319974
H-r0-a255-s77-w1440,1440,0,1,True,,1.0502145307474484,0.9668322011875147,1.1070276594319974,1.1032525815813443,1.1070276594319974
H-r0-a255-s88-w480,480,0,1,True,,1.0502145307474484,0.987816924202404,1.1070276594319974,1.1032525815813443,1.1070276594319974
H-r0-a255-s88-w960,960,0,1,True,,1.0502145307474484,0.987816924202404,1.1070276594319974,1.1032525815813443,1.1070276594319974
H-r0-a255-s88-w1440,1440,0,1,True,,1.0502145307474484,0.987816924202404,1.1070276594319974,1.1032525815813443,1.1070276594319974
H-r0-a270-s0-w480,480,0,0,True,,0.9013878188659973,0.9013878188659973,1.346291201783626,1.346291201783626,1.346291201783626
H-r0-a270-s0-w960,960,0,0,True,,0.9013878188659973,0.9013878188659973,1.346291201783626,1.346291201783626,1.346291201783626
H-r0-a270-s0-w1440,1440,0,0,True,,0.9013878188659973,0.9013878188659973,1.346291201783626,1.346291201783626,1.346291201783626
H-r0-a270-s55-w480,480,0,1,True,,0.9013878188659973,0.9013878188659973,1.346291201783626,1.346291201783626,1.346291201783626
H-r0-a270-s55-w960,960,0,1,True,,0.9013878188659973,0.9013878188659973,1.346291201783626,1.346291201783626,1.346291201783626
H-r0-a270-s55-w1440,1440,0,1,True,,0.9013878188659973,0.9013878188659973,1.346291201783626,1.346291201783626,1.346291201783626
H-r0-a270-s66-w480,480,0,1,True,,0.9013878188659973,0.9013878188659973,1.346291201783626,1.346291201783626,1.346291201783626
H-r0-a270-s66-w960,960,0,1,True,,0.9013878188659973,0.9013878188659973,1.346291201783626,1.346291201783626,1.346291201783626
H-r0-a270-s66-w1440,1440,0,1,True,,0.9013878188659973,0.9013878188659973,1.346291201783626,1.346291201783626,1.346291201783626
H-r0-a270-s77-w480,480,0,1,True,,0.9013878188659973,0.9013878188659973,1.346291201783626,1.346291201783626,1.346291201783626
H-r0-a270-s77-w960,960,0,1,True,,0.9013878188659973,0.9013878188659973,1.346291201783626,1.346291201783626,1.346291201783626
H-r0-a270-s77-w1440,1440,0,1,True,,0.9013878188659973,0.9013878188659973,1.346291201783626,1.346291201783626,1.346291201783626
H-r0-a270-s88-w480,480,0,1,True,,0.9013878188659973,0.9013878188659973,1.346291201783626,1.346291201783626,1.346291201783626
H-r0-a270-s88-w960,960,0,1,True,,0.9013878188659973,0.9013878188659973,1.346291201783626,1.346291201783626,1.346291201783626
H-r0-a270-s88-w1440,1440,0,1,True,,0.9013878188659973,0.9013878188659973,1.346291201783626,1.346291201783626,1.346291201783626
H-r0-a285-s0-w480,480,0,0,True,,1.076364365980028,1.0350771458226466,1.1032525815812813,1.1070276594319974,1.1070276594319974
H-r0-a285-s0-w960,960,0,0,True,,1.076364365980028,1.0350771458226466,1.1032525815812813,1.1070276594319974,1.1070276594319974
H-r0-a285-s0-w1440,1440,0,0,True,,1.076364365980028,1.0350771458226466,1.1032525815812813,1.1070276594319974,1.1070276594319974
H-r0-a285-s55-w480,480,0,1,True,,1.076364365980028,1.0350771458226466,1.1032525815812813,1.1070276594319974,1.1070276594319974
H-r0-a285-s55-w960,960,0,1,True,,1.076364365980028,1.0350771458226466,1.1032525815812813,1.1070276594319974,1.1070276594319974
H-r0-a285-s55-w1440,1440,0,1,True,,1.076364365980028,1.0350771458226466,1.1032525815812813,1.1070276594319974,1.1070276594319974
H-r0-a285-s66-w480,480,0,1,True,,1.076364365980028,1.0350771458226466,1.1032525815812813,1.0418580488010973,1.1032525815812813
H-r0-a285-s66-w960,960,0,1,True,,1.076364365980028,1.0350771458226466,1.1032525815812813,1.0418580488010973,1.1032525815812813
H-r0-a285-s66-w1440,1440,0,1,True,,1.076364365980028,1.0350771458226466,1.1032525815812813,1.0418580488010973,1.1032525815812813
H-r0-a285-s77-w480,480,0,1,True,,1.076364365980028,1.0350771458226466,1.1032525815812813,1.0925951839570809,1.1032525815812813
H-r0-a285-s77-w960,960,0,1,True,,1.076364365980028,1.0350771458226466,1.1032525815812813,1.0925951839570809,1.1032525815812813
H-r0-a285-s77-w1440,1440,0,1,True,,1.076364365980028,1.0350771458226466,1.1032525815812813,1.0925951839570809,1.1032525815812813
H-r0-a285-s88-w480,480,0,1,True,,1.076364365980028,1.0350771458226466,1.1536167807642044,1.0553253147462633,1.1536167807642044
H-r0-a285-s88-w960,960,0,1,True,,1.076364365980028,1.0350771458226466,1.1536167807642044,1.0553253147462633,1.1536167807642044
H-r0-a285-s88-w1440,1440,0,1,True,,1.076364365980028,1.0350771458226466,1.1536167807642044,1.0553253147462633,1.1536167807642044
H-r0-a300-s0-w480,480,0,0,True,,1.006777495197153,0.9546200213419721,0.9809444826065844,1.0194274661621998,1.0194274661621998
H-r0-a300-s0-w960,960,0,0,True,,1.006777495197153,0.9546200213419721,0.9809444826065844,1.0194274661621998,1.0194274661621998
H-r0-a300-s0-w1440,1440,0,0,True,,1.006777495197153,0.9546200213419721,0.9809444826065844,1.0194274661621998,1.0194274661621998
H-r0-a300-s55-w480,480,0,1,True,,1.006777495197153,0.9546200213419721,0.9809444826065844,1.0194274661621998,1.0194274661621998
H-r0-a300-s55-w960,960,0,1,True,,1.006777495197153,0.9546200213419721,0.9809444826065844,1.0194274661621998,1.0194274661621998
H-r0-a300-s55-w1440,1440,0,1,True,,1.006777495197153,0.9546200213419721,0.9809444826065844,1.0194274661621998,1.0194274661621998
H-r0-a300-s66-w480,480,0,1,True,,1.006777495197153,0.9546200213419721,0.9809444826065844,1.0194274661621998,1.0194274661621998
H-r0-a300-s66-w960,960,0,1,True,,1.006777495197153,0.9546200213419721,0.9809444826065844,1.0194274661621998,1.0194274661621998
H-r0-a300-s66-w1440,1440,0,1,True,,1.006777495197153,0.9546200213419721,0.9809444826065844,1.0194274661621998,1.0194274661621998
H-r0-a300-s77-w480,480,0,1,True,,1.006777495197153,0.9546200213419721,0.9809444826065844,1.0194274661621998,1.0194274661621998
H-r0-a300-s77-w960,960,0,1,True,,1.006777495197153,0.9546200213419721,0.9809444826065844,1.0194274661621998,1.0194274661621998
H-r0-a300-s77-w1440,1440,0,1,True,,1.006777495197153,0.9546200213419721,0.9809444826065844,1.0194274661621998,1.0194274661621998
H-r0-a300-s88-w480,480,0,1,True,,1.006777495197153,0.9546200213419721,0.9809444826065844,0.9671667648393735,1.006777495197153
H-r0-a300-s88-w960,960,0,1,True,,1.006777495197153,0.9546200213419721,0.9809444826065844,0.9671667648393735,1.006777495197153
H-r0-a300-s88-w1440,1440,0,1,True,,1.006777495197153,0.9546200213419721,0.9809444826065844,0.9671667648393735,1.006777495197153
H-r0-a315-s0-w480,480,0,0,True,,0.3870849898476081,0.684380949683089,0.8870849898476081,0.684380949683089,0.8870849898476081
H-r0-a315-s0-w960,960,0,0,True,,0.3870849898476081,0.684380949683089,0.8870849898476081,0.684380949683089,0.8870849898476081
H-r0-a315-s0-w1440,1440,0,0,True,,0.3870849898476081,0.684380949683089,0.8870849898476081,0.684380949683089,0.8870849898476081
H-r0-a315-s55-w480,480,0,1,True,,0.3870849898476081,0.684380949683089,0.8870849898476081,0.684380949683089,0.8870849898476081
H-r0-a315-s55-w960,960,0,1,True,,0.3870849898476081,0.684380949683089,0.8870849898476081,0.684380949683089,0.8870849898476081
H-r0-a315-s55-w1440,1440,0,1,True,,0.3870849898476081,0.684380949683089,0.8870849898476081,0.684380949683089,0.8870849898476081
H-r0-a315-s66-w480,480,0,1,True,,0.3870849898476081,0.684380949683089,0.8870849898476081,0.684380949683089,0.8870849898476081
H-r0-a315-s66-w960,960,0,1,True,,0.3870849898476081,0.684380949683089,0.8870849898476081,0.684380949683089,0.8870849898476081
H-r0-a315-s66-w1440,1440,0,1,True,,0.3870849898476081,0.684380949683089,0.8870849898476081,0.684380949683089,0.8870849898476081
H-r0-a315-s77-w480,480,0,1,True,,0.3870849898476081,0.684380949683089,0.8870849898476081,0.684380949683089,0.8870849898476081
H-r0-a315-s77-w960,960,0,1,True,,0.3870849898476081,0.684380949683089,0.8870849898476081,0.684380949683089,0.8870849898476081
H-r0-a315-s77-w1440,1440,0,1,True,,0.3870849898476081,0.684380949683089,0.8870849898476081,0.684380949683089,0.8870849898476081
H-r0-a315-s88-w480,480,0,1,True,,0.3870849898476081,0.684380949683089,0.8870849898476081,0.684380949683089,0.8870849898476081
H-r0-a315-s88-w960,960,0,1,True,,0.3870849898476081,0.684380949683089,0.8870849898476081,0.684380949683089,0.8870849898476081
H-r0-a315-s88-w1440,1440,0,1,True,,0.3870849898476081,0.684380949683089,0.8870849898476081,0.684380949683089,0.8870849898476081
H-r0-a330-s0-w480,480,0,0,True,,1.0067774951972626,1.1450593812324645,0.9809444826063645,0.9329330118415546,1.1450593812324645
H-r0-a330-s0-w960,960,0,0,True,,1.0067774951972626,1.1450593812324645,0.9809444826063645,0.9329330118415546,1.1450593812324645
H-r0-a330-s0-w1440,1440,0,0,True,,1.0067774951972626,1.1450593812324645,0.9809444826063645,0.9329330118415546,1.1450593812324645
H-r0-a330-s55-w480,480,0,1,True,,1.0067774951972626,1.1450593812324645,0.9809444826063645,0.9329330118415546,1.1450593812324645
H-r0-a330-s55-w960,960,0,1,True,,1.0067774951972626,1.1450593812324645,0.9809444826063645,0.9329330118415546,1.1450593812324645
H-r0-a330-s55-w1440,1440,0,1,True,,1.0067774951972626,1.1450593812324645,0.9809444826063645,0.9329330118415546,1.1450593812324645
H-r0-a330-s66-w480,480,0,1,True,,1.0067774951972626,1.1450593812324645,0.9809444826063645,0.9322174466825438,1.1450593812324645
H-r0-a330-s66-w960,960,0,1,True,,1.0067774951972626,1.1450593812324645,0.9809444826063645,0.9322174466825438,1.1450593812324645
H-r0-a330-s66-w1440,1440,0,1,True,,1.0067774951972626,1.1450593812324645,0.9809444826063645,0.9322174466825438,1.1450593812324645
H-r0-a330-s77-w480,480,0,1,True,,1.0067774951972626,1.1450593812324645,0.976295684209685,0.9329330118415546,1.1450593812324645
H-r0-a330-s77-w960,960,0,1,True,,1.0067774951972626,1.1450593812324645,0.976295684209685,0.9329330118415546,1.1450593812324645
H-r0-a330-s77-w1440,1440,0,1,True,,1.0067774951972626,1.1450593812324645,0.976295684209685,0.9329330118415546,1.1450593812324645
H-r0-a330-s88-w480,480,0,1,True,,1.0067774951972626,1.1450593812324645,0.9809444826063645,0.9329330118415546,1.1450593812324645
H-r0-a330-s88-w960,960,0,1,True,,1.0067774951972626,1.1450593812324645,0.9809444826063645,0.9329330118415546,1.1450593812324645
H-r0-a330-s88-w1440,1440,0,1,True,,1.0067774951972626,1.1450593812324645,0.9809444826063645,0.9329330118415546,1.1450593812324645
H-r0-a345-s0-w480,480,0,0,True,,1.076364365980028,1.1356438366220354,1.1032525815813443,1.0502145307474484,1.1356438366220354
H-r0-a345-s0-w960,960,0,0,True,,1.076364365980028,1.1356438366220354,1.1032525815813443,1.0502145307474484,1.1356438366220354
H-r0-a345-s0-w1440,1440,0,0,True,,1.076364365980028,1.1356438366220354,1.1032525815813443,1.0502145307474484,1.1356438366220354
H-r0-a345-s55-w480,480,0,1,True,,1.0566375037551574,1.1356438366220354,1.0214215223404433,1.0502145307474484,1.1356438366220354
H-r0-a345-s55-w960,960,0,1,True,,1.0566375037551574,1.1356438366220354,1.0214215223404433,1.0502145307474484,1.1356438366220354
H-r0-a345-s55-w1440,1440,0,1,True,,1.0566375037551574,1.1356438366220354,1.0214215223404433,1.0502145307474484,1.1356438366220354
H-r0-a345-s66-w480,480,0,1,True,,1.076364365980028,1.1356438366220354,1.0488087613405805,1.0502145307474484,1.1356438366220354
H-r0-a345-s66-w960,960,0,1,True,,1.076364365980028,1.1356438366220354,1.0488087613405805,1.0502145307474484,1.1356438366220354
H-r0-a345-s66-w1440,1440,0,1,True,,1.076364365980028,1.1356438366220354,1.0488087613405805,1.0502145307474484,1.1356438366220354
H-r0-a345-s77-w480,480,0,1,True,,1.076364365980028,1.1356438366220354,1.1032525815813443,1.0502145307474484,1.1356438366220354
H-r0-a345-s77-w960,960,0,1,True,,1.076364365980028,1.1356438366220354,1.1032525815813443,1.0502145307474484,1.1356438366220354
H-r0-a345-s77-w1440,1440,0,1,True,,1.076364365980028,1.1356438366220354,1.1032525815813443,1.0502145307474484,1.1356438366220354
H-r0-a345-s88-w480,480,0,1,True,,1.0566375037551574,1.1356438366220354,1.1032525815813443,1.0502145307474484,1.1356438366220354
H-r0-a345-s88-w960,960,0,1,True,,1.0566375037551574,1.1356438366220354,1.1032525815813443,1.0502145307474484,1.1356438366220354
H-r0-a345-s88-w1440,1440,0,1,True,,1.0566375037551574,1.1356438366220354,1.1032525815813443,1.0502145307474484,1.1356438366220354
H-r2-a0-s0-w480,480,2,0,True,,0.9013878188659973,1.346291201783626,1.346291201783626,0.9013878188659973,1.346291201783626
H-r2-a0-s0-w960,960,2,0,True,,0.9013878188659973,1.346291201783626,1.346291201783626,0.9013878188659973,1.346291201783626
H-r2-a0-s0-w1440,1440,2,0,True,,0.9013878188659973,1.346291201783626,1.346291201783626,0.9013878188659973,1.346291201783626
H-r2-a0-s55-w480,480,2,1,True,,0.9013878188659973,1.346291201783626,1.346291201783626,0.9013878188659973,1.346291201783626
H-r2-a0-s55-w960,960,2,1,True,,0.9013878188659973,1.346291201783626,1.346291201783626,0.9013878188659973,1.346291201783626
H-r2-a0-s55-w1440,1440,2,1,True,,0.9013878188659973,1.346291201783626,1.346291201783626,0.9013878188659973,1.346291201783626
H-r2-a0-s66-w480,480,2,1,True,,0.9013878188659973,1.346291201783626,1.346291201783626,0.9013878188659973,1.346291201783626
H-r2-a0-s66-w960,960,2,1,True,,0.9013878188659973,1.346291201783626,1.346291201783626,0.9013878188659973,1.346291201783626
H-r2-a0-s66-w1440,1440,2,1,True,,0.9013878188659973,1.346291201783626,1.346291201783626,0.9013878188659973,1.346291201783626
H-r2-a0-s77-w480,480,2,1,True,,0.9013878188659973,1.346291201783626,1.346291201783626,0.9013878188659973,1.346291201783626
H-r2-a0-s77-w960,960,2,1,True,,0.9013878188659973,1.346291201783626,1.346291201783626,0.9013878188659973,1.346291201783626
H-r2-a0-s77-w1440,1440,2,1,True,,0.9013878188659973,1.346291201783626,1.346291201783626,0.9013878188659973,1.346291201783626
H-r2-a0-s88-w480,480,2,1,True,,0.9013878188659973,1.346291201783626,1.346291201783626,0.9013878188659973,1.346291201783626
H-r2-a0-s88-w960,960,2,1,True,,0.9013878188659973,1.346291201783626,1.346291201783626,0.9013878188659973,1.346291201783626
H-r2-a0-s88-w1440,1440,2,1,True,,0.9013878188659973,1.346291201783626,1.346291201783626,0.9013878188659973,1.346291201783626
H-r2-a15-s0-w480,480,2,0,True,,1.062378463252549,1.106805251521535,1.1070276594319974,1.0728518925680872,1.1070276594319974
H-r2-a15-s0-w960,960,2,0,True,,1.062378463252549,1.106805251521535,1.1070276594319974,1.0728518925680872,1.1070276594319974
H-r2-a15-s0-w1440,1440,2,0,True,,1.062378463252549,1.106805251521535,1.1070276594319974,1.0728518925680872,1.1070276594319974
H-r2-a15-s55-w480,480,2,1,True,,1.062378463252549,1.106805251521535,1.1070276594319974,1.0728518925680872,1.1070276594319974
H-r2-a15-s55-w960,960,2,1,True,,1.062378463252549,1.106805251521535,1.1070276594319974,1.0728518925680872,1.1070276594319974
H-r2-a15-s55-w1440,1440,2,1,True,,1.062378463252549,1.106805251521535,1.1070276594319974,1.0728518925680872,1.1070276594319974
H-r2-a15-s66-w480,480,2,1,True,,1.062378463252549,1.106805251521535,1.0418580488010973,1.0728518925680872,1.106805251521535
H-r2-a15-s66-w960,960,2,1,True,,1.062378463252549,1.106805251521535,1.0418580488010973,1.0728518925680872,1.106805251521535
H-r2-a15-s66-w1440,1440,2,1,True,,1.062378463252549,1.106805251521535,1.0418580488010973,1.0728518925680872,1.106805251521535
H-r2-a15-s77-w480,480,2,1,True,,1.062378463252549,1.106805251521535,1.0925951839570809,1.0728518925680872,1.106805251521535
H-r2-a15-s77-w960,960,2,1,True,,1.062378463252549,1.106805251521535,1.0925951839570809,1.0728518925680872,1.106805251521535
H-r2-a15-s77-w1440,1440,2,1,True,,1.062378463252549,1.106805251521535,1.0925951839570809,1.0728518925680872,1.106805251521535
H-r2-a15-s88-w480,480,2,1,True,,1.062378463252549,1.106805251521535,1.0553253147462633,1.0728518925680872,1.106805251521535
H-r2-a15-s88-w960,960,2,1,True,,1.062378463252549,1.106805251521535,1.0553253147462633,1.0728518925680872,1.106805251521535
H-r2-a15-s88-w1440,1440,2,1,True,,1.062378463252549,1.106805251521535,1.0553253147462633,1.0728518925680872,1.106805251521535
H-r2-a30-s0-w480,480,2,0,True,,0.9507859477257806,0.8357232010217752,1.01942746616231,0.9710593655546865,1.01942746616231
H-r2-a30-s0-w960,960,2,0,True,,0.9507859477257806,0.8357232010217752,1.01942746616231,0.9710593655546865,1.01942746616231
H-r2-a30-s0-w1440,1440,2,0,True,,0.9507859477257806,0.8357232010217752,1.01942746616231,0.9710593655546865,1.01942746616231
H-r2-a30-s55-w480,480,2,1,True,,0.9507859477257806,0.8357232010217752,1.01942746616231,0.9710593655546865,1.01942746616231
H-r2-a30-s55-w960,960,2,1,True,,0.9507859477257806,0.8357232010217752,1.01942746616231,0.9710593655546865,1.01942746616231
H-r2-a30-s55-w1440,1440,2,1,True,,0.9507859477257806,0.8357232010217752,1.01942746616231,0.9710593655546865,1.01942746616231
H-r2-a30-s66-w480,480,2,1,True,,0.9507859477257806,0.8357232010217752,1.01942746616231,0.9710593655546865,1.01942746616231
H-r2-a30-s66-w960,960,2,1,True,,0.9507859477257806,0.8357232010217752,1.01942746616231,0.9710593655546865,1.01942746616231
H-r2-a30-s66-w1440,1440,2,1,True,,0.9507859477257806,0.8357232010217752,1.01942746616231,0.9710593655546865,1.01942746616231
H-r2-a30-s77-w480,480,2,1,True,,0.9507859477257806,0.8357232010217752,1.01942746616231,0.9710593655546865,1.01942746616231
H-r2-a30-s77-w960,960,2,1,True,,0.9507859477257806,0.8357232010217752,1.01942746616231,0.9710593655546865,1.01942746616231
H-r2-a30-s77-w1440,1440,2,1,True,,0.9507859477257806,0.8357232010217752,1.01942746616231,0.9710593655546865,1.01942746616231
H-r2-a30-s88-w480,480,2,1,True,,0.9507859477257806,0.8357232010217752,0.9546727879462563,0.9710593655546865,0.9710593655546865
H-r2-a30-s88-w960,960,2,1,True,,0.9507859477257806,0.8357232010217752,0.9546727879462563,0.9710593655546865,0.9710593655546865
H-r2-a30-s88-w1440,1440,2,1,True,,0.9507859477257806,0.8357232010217752,0.9546727879462563,0.9710593655546865,0.9710593655546865
H-r2-a45-s0-w480,480,2,0,True,,0.684380949683089,0.8870849898476081,0.684380949683089,0.3870849898476081,0.8870849898476081
H-r2-a45-s0-w960,960,2,0,True,,0.684380949683089,0.8870849898476081,0.684380949683089,0.3870849898476081,0.8870849898476081
H-r2-a45-s0-w1440,1440,2,0,True,,0.684380949683089,0.8870849898476081,0.684380949683089,0.3870849898476081,0.8870849898476081
H-r2-a45-s55-w480,480,2,1,True,,0.684380949683089,0.8870849898476081,0.684380949683089,0.3870849898476081,0.8870849898476081
H-r2-a45-s55-w960,960,2,1,True,,0.684380949683089,0.8870849898476081,0.684380949683089,0.3870849898476081,0.8870849898476081
H-r2-a45-s55-w1440,1440,2,1,True,,0.684380949683089,0.8870849898476081,0.684380949683089,0.3870849898476081,0.8870849898476081
H-r2-a45-s66-w480,480,2,1,True,,0.684380949683089,0.8870849898476081,0.684380949683089,0.3870849898476081,0.8870849898476081
H-r2-a45-s66-w960,960,2,1,True,,0.684380949683089,0.8870849898476081,0.684380949683089,0.3870849898476081,0.8870849898476081
H-r2-a45-s66-w1440,1440,2,1,True,,0.684380949683089,0.8870849898476081,0.684380949683089,0.3870849898476081,0.8870849898476081
H-r2-a45-s77-w480,480,2,1,True,,0.684380949683089,0.8870849898476081,0.684380949683089,0.3870849898476081,0.8870849898476081
H-r2-a45-s77-w960,960,2,1,True,,0.684380949683089,0.8870849898476081,0.684380949683089,0.3870849898476081,0.8870849898476081
H-r2-a45-s77-w1440,1440,2,1,True,,0.684380949683089,0.8870849898476081,0.684380949683089,0.3870849898476081,0.8870849898476081
H-r2-a45-s88-w480,480,2,1,True,,0.684380949683089,0.8870849898476081,0.684380949683089,0.3870849898476081,0.8870849898476081
H-r2-a45-s88-w960,960,2,1,True,,0.684380949683089,0.8870849898476081,0.684380949683089,0.3870849898476081,0.8870849898476081
H-r2-a45-s88-w1440,1440,2,1,True,,0.684380949683089,0.8870849898476081,0.684380949683089,0.3870849898476081,0.8870849898476081
H-r2-a60-s0-w480,480,2,0,True,,1.0194274661621998,0.835723201021833,0.9507859477258668,0.971059365554546,1.0194274661621998
H-r2-a60-s0-w960,960,2,0,True,,1.0194274661621998,0.835723201021833,0.9507859477258668,0.971059365554546,1.0194274661621998
H-r2-a60-s0-w1440,1440,2,0,True,,1.0194274661621998,0.835723201021833,0.9507859477258668,0.971059365554546,1.0194274661621998
H-r2-a60-s55-w480,480,2,1,True,,1.0194274661621998,0.835723201021833,0.9507859477258668,0.9614589164591533,1.0194274661621998
H-r2-a60-s55-w960,960,2,1,True,,1.0194274661621998,0.835723201021833,0.9507859477258668,0.9614589164591533,1.0194274661621998
H-r2-a60-s55-w1440,1440,2,1,True,,1.0194274661621998,0.835723201021833,0.9507859477258668,0.9614589164591533,1.0194274661621998
H-r2-a60-s66-w480,480,2,1,True,,1.0194274661621998,0.835723201021833,0.9451918653451334,0.971059365554546,1.0194274661621998
H-r2-a60-s66-w960,960,2,1,True,,1.0194274661621998,0.835723201021833,0.9451918653451334,0.971059365554546,1.0194274661621998
H-r2-a60-s66-w1440,1440,2,1,True,,1.0194274661621998,0.835723201021833,0.9451918653451334,0.971059365554546,1.0194274661621998
H-r2-a60-s77-w480,480,2,1,True,,1.0194274661621998,0.835723201021833,0.9507859477258668,0.971059365554546,1.0194274661621998
H-r2-a60-s77-w960,960,2,1,True,,1.0194274661621998,0.835723201021833,0.9507859477258668,0.971059365554546,1.0194274661621998
H-r2-a60-s77-w1440,1440,2,1,True,,1.0194274661621998,0.835723201021833,0.9507859477258668,0.971059365554546,1.0194274661621998
H-r2-a60-s88-w480,480,2,1,True,,1.0194274661621998,0.835723201021833,0.9507859477258668,0.971059365554546,1.0194274661621998
H-r2-a60-s88-w960,960,2,1,True,,1.0194274661621998,0.835723201021833,0.9507859477258668,0.971059365554546,1.0194274661621998
H-r2-a60-s88-w1440,1440,2,1,True,,1.0194274661621998,0.835723201021833,0.9507859477258668,0.971059365554546,1.0194274661621998
H-r2-a75-s0-w480,480,2,0,True,,1.1070276594319002,1.106805251521535,1.062378463252645,1.0728518925680872,1.1070276594319002
H-r2-a75-s0-w960,960,2,0,True,,1.1070276594319002,1.106805251521535,1.062378463252645,1.0728518925680872,1.1070276594319002
H-r2-a75-s0-w1440,1440,2,0,True,,1.1070276594319002,1.106805251521535,1.062378463252645,1.0728518925680872,1.1070276594319002
H-r2-a75-s55-w480,480,2,1,True,,1.1070276594319002,1.034215482461709,1.062378463252645,1.0528678847748663,1.1070276594319002
H-r2-a75-s55-w960,960,2,1,True,,1.1070276594319002,1.034215482461709,1.062378463252645,1.0528678847748663,1.1070276594319002
H-r2-a75-s55-w1440,1440,2,1,True,,1.1070276594319002,1.034215482461709,1.062378463252645,1.0528678847748663,1.1070276594319002
H-r2-a75-s66-w480,480,2,1,True,,1.1070276594319002,1.106805251521535,1.062378463252645,1.0728518925680872,1.1070276594319002
H-r2-a75-s66-w960,960,2,1,True,,1.1070276594319002,1.106805251521535,1.062378463252645,1.0728518925680872,1.1070276594319002
H-r2-a75-s66-w1440,1440,2,1,True,,1.1070276594319002,1.106805251521535,1.062378463252645,1.0728518925680872,1.1070276594319002
H-r2-a75-s77-w480,480,2,1,True,,1.1070276594319002,1.106805251521535,1.062378463252645,1.0728518925680872,1.1070276594319002
H-r2-a75-s77-w960,960,2,1,True,,1.1070276594319002,1.106805251521535,1.062378463252645,1.0728518925680872,1.1070276594319002
H-r2-a75-s77-w1440,1440,2,1,True,,1.1070276594319002,1.106805251521535,1.062378463252645,1.0728518925680872,1.1070276594319002
H-r2-a75-s88-w480,480,2,1,True,,1.1070276594319002,1.106805251521535,1.062378463252645,1.0528678847748663,1.1070276594319002
H-r2-a75-s88-w960,960,2,1,True,,1.1070276594319002,1.106805251521535,1.062378463252645,1.0528678847748663,1.1070276594319002
H-r2-a75-s88-w1440,1440,2,1,True,,1.1070276594319002,1.106805251521535,1.062378463252645,1.0528678847748663,1.1070276594319002
H-r2-a90-s0-w480,480,2,0,True,,1.346291201783626,1.346291201783626,0.9013878188659973,0.9013878188659973,1.346291201783626
H-r2-a90-s0-w960,960,2,0,True,,1.346291201783626,1.346291201783626,0.9013878188659973,0.9013878188659973,1.346291201783626
H-r2-a90-s0-w1440,1440,2,0,True,,1.346291201783626,1.346291201783626,0.9013878188659973,0.9013878188659973,1.346291201783626
H-r2-a90-s55-w480,480,2,1,True,,1.346291201783626,1.346291201783626,0.9013878188659973,0.9013878188659973,1.346291201783626
H-r2-a90-s55-w960,960,2,1,True,,1.346291201783626,1.346291201783626,0.9013878188659973,0.9013878188659973,1.346291201783626
H-r2-a90-s55-w1440,1440,2,1,True,,1.346291201783626,1.346291201783626,0.9013878188659973,0.9013878188659973,1.346291201783626
H-r2-a90-s66-w480,480,2,1,True,,1.346291201783626,1.346291201783626,0.9013878188659973,0.9013878188659973,1.346291201783626
H-r2-a90-s66-w960,960,2,1,True,,1.346291201783626,1.346291201783626,0.9013878188659973,0.9013878188659973,1.346291201783626
H-r2-a90-s66-w1440,1440,2,1,True,,1.346291201783626,1.346291201783626,0.9013878188659973,0.9013878188659973,1.346291201783626
H-r2-a90-s77-w480,480,2,1,True,,1.346291201783626,1.346291201783626,0.9013878188659973,0.9013878188659973,1.346291201783626
H-r2-a90-s77-w960,960,2,1,True,,1.346291201783626,1.346291201783626,0.9013878188659973,0.9013878188659973,1.346291201783626
H-r2-a90-s77-w1440,1440,2,1,True,,1.346291201783626,1.346291201783626,0.9013878188659973,0.9013878188659973,1.346291201783626
H-r2-a90-s88-w480,480,2,1,True,,1.346291201783626,1.346291201783626,0.9013878188659973,0.9013878188659973,1.346291201783626
H-r2-a90-s88-w960,960,2,1,True,,1.346291201783626,1.346291201783626,0.9013878188659973,0.9013878188659973,1.346291201783626
H-r2-a90-s88-w1440,1440,2,1,True,,1.346291201783626,1.346291201783626,0.9013878188659973,0.9013878188659973,1.346291201783626
H-r2-a105-s0-w480,480,2,0,True,,1.103972855056907,1.1356438366220354,1.0728518925679906,1.0623784632524882,1.1356438366220354
H-r2-a105-s0-w960,960,2,0,True,,1.103972855056907,1.1356438366220354,1.0728518925679906,1.0623784632524882,1.1356438366220354
H-r2-a105-s0-w1440,1440,2,0,True,,1.103972855056907,1.1356438366220354,1.0728518925679906,1.0623784632524882,1.1356438366220354
H-r2-a105-s55-w480,480,2,1,True,,1.103972855056907,1.1356438366220354,1.0728518925679906,1.0623784632524882,1.1356438366220354
H-r2-a105-s55-w960,960,2,1,True,,1.103972855056907,1.1356438366220354,1.0728518925679906,1.0623784632524882,1.1356438366220354
H-r2-a105-s55-w1440,1440,2,1,True,,1.103972855056907,1.1356438366220354,1.0728518925679906,1.0623784632524882,1.1356438366220354
H-r2-a105-s66-w480,480,2,1,True,,1.103972855056907,0.9992917806450192,1.0728518925679906,1.0623784632524882,1.103972855056907
H-r2-a105-s66-w960,960,2,1,True,,1.103972855056907,0.9992917806450192,1.0728518925679906,1.0623784632524882,1.103972855056907
H-r2-a105-s66-w1440,1440,2,1,True,,1.103972855056907,0.9992917806450192,1.0728518925679906,1.0623784632524882,1.103972855056907
H-r2-a105-s77-w480,480,2,1,True,,1.103972855056907,1.1356438366220354,1.0728518925679906,1.0623784632524882,1.1356438366220354
H-r2-a105-s77-w960,960,2,1,True,,1.103972855056907,1.1356438366220354,1.0728518925679906,1.0623784632524882,1.1356438366220354
H-r2-a105-s77-w1440,1440,2,1,True,,1.103972855056907,1.1356438366220354,1.0728518925679906,1.0623784632524882,1.1356438366220354
H-r2-a105-s88-w480,480,2,1,True,,1.103972855056907,0.9992917806450192,1.0728518925679906,1.0623784632524882,1.103972855056907
H-r2-a105-s88-w960,960,2,1,True,,1.103972855056907,0.9992917806450192,1.0728518925679906,1.0623784632524882,1.103972855056907
H-r2-a105-s88-w1440,1440,2,1,True,,1.103972855056907,0.9992917806450192,1.0728518925679906,1.0623784632524882,1.103972855056907
H-r2-a120-s0-w480,480,2,0,True,,0.9958459586704782,1.046422710582651,0.971059365554546,0.9507859477258915,1.046422710582651
H-r2-a120-s0-w960,960,2,0,True,,0.9958459586704782,1.046422710582651,0.971059365554546,0.9507859477258915,1.046422710582651
H-r2-a120-s0-w1440,1440,2,0,True,,0.9958459586704782,1.046422710582651,0.971059365554546,0.9507859477258915,1.046422710582651
H-r2-a120-s55-w480,480,2,1,True,,0.9958459586704782,1.046422710582651,0.971059365554546,0.9507859477258915,1.046422710582651
H-r2-a120-s55-w960,960,2,1,True,,0.9958459586704782,1.046422710582651,0.971059365554546,0.9507859477258915,1.046422710582651
H-r2-a120-s55-w1440,1440,2,1,True,,0.9958459586704782,1.046422710582651,0.971059365554546,0.9507859477258915,1.046422710582651
H-r2-a120-s66-w480,480,2,1,True,,0.9958459586704782,1.046422710582651,0.971059365554546,0.9507859477258915,1.046422710582651
H-r2-a120-s66-w960,960,2,1,True,,0.9958459586704782,1.046422710582651,0.971059365554546,0.9507859477258915,1.046422710582651
H-r2-a120-s66-w1440,1440,2,1,True,,0.9958459586704782,1.046422710582651,0.971059365554546,0.9507859477258915,1.046422710582651
H-r2-a120-s77-w480,480,2,1,True,,0.9958459586704782,1.046422710582651,0.971059365554546,0.9507859477258915,1.046422710582651
H-r2-a120-s77-w960,960,2,1,True,,0.9958459586704782,1.046422710582651,0.971059365554546,0.9507859477258915,1.046422710582651
H-r2-a120-s77-w1440,1440,2,1,True,,0.9958459586704782,1.046422710582651,0.971059365554546,0.9507859477258915,1.046422710582651
H-r2-a120-s88-w480,480,2,1,True,,0.9958459586704782,0.9137731327034451,0.971059365554546,0.9507859477258915,0.9958459586704782
H-r2-a120-s88-w960,960,2,1,True,,0.9958459586704782,0.9137731327034451,0.971059365554546,0.9507859477258915,0.9958459586704782
H-r2-a120-s88-w1440,1440,2,1,True,,0.9958459586704782,0.9137731327034451,0.971059365554546,0.9507859477258915,0.9958459586704782
H-r2-a135-s0-w480,480,2,0,True,,0.8870849898476081,0.684380949683089,0.3870849898476081,0.684380949683089,0.8870849898476081
H-r2-a135-s0-w960,960,2,0,True,,0.8870849898476081,0.684380949683089,0.3870849898476081,0.684380949683089,0.8870849898476081
H-r2-a135-s0-w1440,1440,2,0,True,,0.8870849898476081,0.684380949683089,0.3870849898476081,0.684380949683089,0.8870849898476081
H-r2-a135-s55-w480,480,2,1,True,,0.8870849898476081,0.684380949683089,0.3870849898476081,0.684380949683089,0.8870849898476081
H-r2-a135-s55-w960,960,2,1,True,,0.8870849898476081,0.684380949683089,0.3870849898476081,0.684380949683089,0.8870849898476081
H-r2-a135-s55-w1440,1440,2,1,True,,0.8870849898476081,0.684380949683089,0.3870849898476081,0.684380949683089,0.8870849898476081
H-r2-a135-s66-w480,480,2,1,True,,0.8870849898476081,0.684380949683089,0.3870849898476081,0.684380949683089,0.8870849898476081
H-r2-a135-s66-w960,960,2,1,True,,0.8870849898476081,0.684380949683089,0.3870849898476081,0.684380949683089,0.8870849898476081
H-r2-a135-s66-w1440,1440,2,1,True,,0.8870849898476081,0.684380949683089,0.3870849898476081,0.684380949683089,0.8870849898476081
H-r2-a135-s77-w480,480,2,1,True,,0.8870849898476081,0.684380949683089,0.3870849898476081,0.684380949683089,0.8870849898476081
H-r2-a135-s77-w960,960,2,1,True,,0.8870849898476081,0.684380949683089,0.3870849898476081,0.684380949683089,0.8870849898476081
H-r2-a135-s77-w1440,1440,2,1,True,,0.8870849898476081,0.684380949683089,0.3870849898476081,0.684380949683089,0.8870849898476081
H-r2-a135-s88-w480,480,2,1,True,,0.8870849898476081,0.684380949683089,0.3870849898476081,0.684380949683089,0.8870849898476081
H-r2-a135-s88-w960,960,2,1,True,,0.8870849898476081,0.684380949683089,0.3870849898476081,0.684380949683089,0.8870849898476081
H-r2-a135-s88-w1440,1440,2,1,True,,0.8870849898476081,0.684380949683089,0.3870849898476081,0.684380949683089,0.8870849898476081
H-r2-a150-s0-w480,480,2,0,True,,0.9958459586704477,0.9643455982353001,0.9710593655545772,1.01942746616231,1.01942746616231
H-r2-a150-s0-w960,960,2,0,True,,0.9958459586704477,0.9643455982353001,0.9710593655545772,1.01942746616231,1.01942746616231
H-r2-a150-s0-w1440,1440,2,0,True,,0.9958459586704477,0.9643455982353001,0.9710593655545772,1.01942746616231,1.01942746616231
H-r2-a150-s55-w480,480,2,1,True,,0.9958459586704477,0.9643455982353001,0.9614589164591857,1.01942746616231,1.01942746616231
H-r2-a150-s55-w960,960,2,1,True,,0.9958459586704477,0.9643455982353001,0.9614589164591857,1.01942746616231,1.01942746616231
H-r2-a150-s55-w1440,1440,2,1,True,,0.9958459586704477,0.9643455982353001,0.9614589164591857,1.01942746616231,1.01942746616231
H-r2-a150-s66-w480,480,2,1,True,,0.9958459586704477,0.9643455982353001,0.9710593655545772,1.01942746616231,1.01942746616231
H-r2-a150-s66-w960,960,2,1,True,,0.9958459586704477,0.9643455982353001,0.9710593655545772,1.01942746616231,1.01942746616231
H-r2-a150-s66-w1440,1440,2,1,True,,0.9958459586704477,0.9643455982353001,0.9710593655545772,1.01942746616231,1.01942746616231
H-r2-a150-s77-w480,480,2,1,True,,0.9762956842099052,0.9643455982353001,0.9710593655545772,1.01942746616231,1.01942746616231
H-r2-a150-s77-w960,960,2,1,True,,0.9762956842099052,0.9643455982353001,0.9710593655545772,1.01942746616231,1.01942746616231
H-r2-a150-s77-w1440,1440,2,1,True,,0.9762956842099052,0.9643455982353001,0.9710593655545772,1.01942746616231,1.01942746616231
H-r2-a150-s88-w480,480,2,1,True,,0.9958459586704477,0.9643455982353001,0.9710593655545772,1.01942746616231,1.01942746616231
H-r2-a150-s88-w960,960,2,1,True,,0.9958459586704477,0.9643455982353001,0.9710593655545772,1.01942746616231,1.01942746616231
H-r2-a150-s88-w1440,1440,2,1,True,,0.9958459586704477,0.9643455982353001,0.9710593655545772,1.01942746616231,1.01942746616231
H-r2-a165-s0-w480,480,2,0,True,,1.103972855056907,1.0545593748386364,1.0728518925679305,1.1070276594319002,1.1070276594319002
H-r2-a165-s0-w960,960,2,0,True,,1.103972855056907,1.0545593748386364,1.0728518925679305,1.1070276594319002,1.1070276594319002
H-r2-a165-s0-w1440,1440,2,0,True,,1.103972855056907,1.0545593748386364,1.0728518925679305,1.1070276594319002,1.1070276594319002
H-r2-a165-s55-w480,480,2,1,True,,1.0757759906727233,1.0545593748386364,1.0528678847747088,1.1070276594319002,1.1070276594319002
H-r2-a165-s55-w960,960,2,1,True,,1.0757759906727233,1.0545593748386364,1.0528678847747088,1.1070276594319002,1.1070276594319002
H-r2-a165-s55-w1440,1440,2,1,True,,1.0757759906727233,1.0545593748386364,1.0528678847747088,1.1070276594319002,1.1070276594319002
H-r2-a165-s66-w480,480,2,1,True,,1.1319548895170801,1.0545593748386364,1.0728518925679305,1.1070276594319002,1.1319548895170801
H-r2-a165-s66-w960,960,2,1,True,,1.1319548895170801,1.0545593748386364,1.0728518925679305,1.1070276594319002,1.1319548895170801
H-r2-a165-s66-w1440,1440,2,1,True,,1.1319548895170801,1.0545593748386364,1.0728518925679305,1.1070276594319002,1.1319548895170801
H-r2-a165-s77-w480,480,2,1,True,,1.103972855056907,1.0545593748386364,1.0728518925679305,1.1070276594319002,1.1070276594319002
H-r2-a165-s77-w960,960,2,1,True,,1.103972855056907,1.0545593748386364,1.0728518925679305,1.1070276594319002,1.1070276594319002
H-r2-a165-s77-w1440,1440,2,1,True,,1.103972855056907,1.0545593748386364,1.0728518925679305,1.1070276594319002,1.1070276594319002
H-r2-a165-s88-w480,480,2,1,True,,1.103972855056907,1.0545593748386364,1.0528678847747088,1.1070276594319002,1.1070276594319002
H-r2-a165-s88-w960,960,2,1,True,,1.103972855056907,1.0545593748386364,1.0528678847747088,1.1070276594319002,1.1070276594319002
H-r2-a165-s88-w1440,1440,2,1,True,,1.103972855056907,1.0545593748386364,1.0528678847747088,1.1070276594319002,1.1070276594319002
H-r2-a180-s0-w480,480,2,0,True,,1.346291201783626,0.9013878188659973,0.9013878188659973,1.346291201783626,1.346291201783626
H-r2-a180-s0-w960,960,2,0,True,,1.346291201783626,0.9013878188659973,0.9013878188659973,1.346291201783626,1.346291201783626
H-r2-a180-s0-w1440,1440,2,0,True,,1.346291201783626,0.9013878188659973,0.9013878188659973,1.346291201783626,1.346291201783626
H-r2-a180-s55-w480,480,2,1,True,,1.346291201783626,0.9013878188659973,0.9013878188659973,1.346291201783626,1.346291201783626
H-r2-a180-s55-w960,960,2,1,True,,1.346291201783626,0.9013878188659973,0.9013878188659973,1.346291201783626,1.346291201783626
H-r2-a180-s55-w1440,1440,2,1,True,,1.346291201783626,0.9013878188659973,0.9013878188659973,1.346291201783626,1.346291201783626
H-r2-a180-s66-w480,480,2,1,True,,1.346291201783626,0.9013878188659973,0.9013878188659973,1.346291201783626,1.346291201783626
H-r2-a180-s66-w960,960,2,1,True,,1.346291201783626,0.9013878188659973,0.9013878188659973,1.346291201783626,1.346291201783626
H-r2-a180-s66-w1440,1440,2,1,True,,1.346291201783626,0.9013878188659973,0.9013878188659973,1.346291201783626,1.346291201783626
H-r2-a180-s77-w480,480,2,1,True,,1.346291201783626,0.9013878188659973,0.9013878188659973,1.346291201783626,1.346291201783626
H-r2-a180-s77-w960,960,2,1,True,,1.346291201783626,0.9013878188659973,0.9013878188659973,1.346291201783626,1.346291201783626
H-r2-a180-s77-w1440,1440,2,1,True,,1.346291201783626,0.9013878188659973,0.9013878188659973,1.346291201783626,1.346291201783626
H-r2-a180-s88-w480,480,2,1,True,,1.346291201783626,0.9013878188659973,0.9013878188659973,1.346291201783626,1.346291201783626
H-r2-a180-s88-w960,960,2,1,True,,1.346291201783626,0.9013878188659973,0.9013878188659973,1.346291201783626,1.346291201783626
H-r2-a180-s88-w1440,1440,2,1,True,,1.346291201783626,0.9013878188659973,0.9013878188659973,1.346291201783626,1.346291201783626
H-r2-a195-s0-w480,480,2,0,True,,1.1070276594319002,1.0285310326741615,1.0623784632526097,1.1039728550567123,1.1070276594319002
H-r2-a195-s0-w960,960,2,0,True,,1.1070276594319002,1.0285310326741615,1.0623784632526097,1.1039728550567123,1.1070276594319002
H-r2-a195-s0-w1440,1440,2,0,True,,1.1070276594319002,1.0285310326741615,1.0623784632526097,1.1039728550567123,1.1070276594319002
H-r2-a195-s55-w480,480,2,1,True,,1.1070276594319002,1.0285310326741615,1.0623784632526097,1.1039728550567123,1.1070276594319002
H-r2-a195-s55-w960,960,2,1,True,,1.1070276594319002,1.0285310326741615,1.0623784632526097,1.1039728550567123,1.1070276594319002
H-r2-a195-s55-w1440,1440,2,1,True,,1.1070276594319002,1.0285310326741615,1.0623784632526097,1.1039728550567123,1.1070276594319002
H-r2-a195-s66-w480,480,2,1,True,,1.0418580488009965,1.0285310326741615,1.0623784632526097,1.1039728550567123,1.1039728550567123
H-r2-a195-s66-w960,960,2,1,True,,1.0418580488009965,1.0285310326741615,1.0623784632526097,1.1039728550567123,1.1039728550567123
H-r2-a195-s66-w1440,1440,2,1,True,,1.0418580488009965,1.0285310326741615,1.0623784632526097,1.1039728550567123,1.1039728550567123
H-r2-a195-s77-w480,480,2,1,True,,1.0925951839569843,1.0285310326741615,1.0623784632526097,1.1039728550567123,1.1039728550567123
H-r2-a195-s77-w960,960,2,1,True,,1.0925951839569843,1.0285310326741615,1.0623784632526097,1.1039728550567123,1.1039728550567123
H-r2-a195-s77-w1440,1440,2,1,True,,1.0925951839569843,1.0285310326741615,1.0623784632526097,1.1039728550567123,1.1039728550567123
H-r2-a195-s88-w480,480,2,1,True,,1.0553253147461619,1.0285310326741615,1.0623784632526097,1.1039728550567123,1.1039728550567123
H-r2-a195-s88-w960,960,2,1,True,,1.0553253147461619,1.0285310326741615,1.0623784632526097,1.1039728550567123,1.1039728550567123
H-r2-a195-s88-w1440,1440,2,1,True,,1.0553253147461619,1.0285310326741615,1.0623784632526097,1.1039728550567123,1.1039728550567123
H-r2-a210-s0-w480,480,2,0,True,,1.0194274661621998,1.1968920214696757,0.9507859477258668,0.9958459586704782,1.1968920214696757
H-r2-a210-s0-w960,960,2,0,True,,1.0194274661621998,1.1968920214696757,0.9507859477258668,0.9958459586704782,1.1968920214696757
H-r2-a210-s0-w1440,1440,2,0,True,,1.0194274661621998,1.1968920214696757,0.9507859477258668,0.9958459586704782,1.1968920214696757
H-r2-a210-s55-w480,480,2,1,True,,1.0194274661621998,1.1968920214696757,0.9507859477258668,0.9958459586704782,1.1968920214696757
H-r2-a210-s55-w960,960,2,1,True,,1.0194274661621998,1.1968920214696757,0.9507859477258668,0.9958459586704782,1.1968920214696757
H-r2-a210-s55-w1440,1440,2,1,True,,1.0194274661621998,1.1968920214696757,0.9507859477258668,0.9958459586704782,1.1968920214696757
H-r2-a210-s66-w480,480,2,1,True,,1.0194274661621998,1.1968920214696757,0.9507859477258668,0.9958459586704782,1.1968920214696757
H-r2-a210-s66-w960,960,2,1,True,,1.0194274661621998,1.1968920214696757,0.9507859477258668,0.9958459586704782,1.1968920214696757
H-r2-a210-s66-w1440,1440,2,1,True,,1.0194274661621998,1.1968920214696757,0.9507859477258668,0.9958459586704782,1.1968920214696757
H-r2-a210-s77-w480,480,2,1,True,,1.0194274661621998,1.1968920214696757,0.9507859477258668,0.9958459586704782,1.1968920214696757
H-r2-a210-s77-w960,960,2,1,True,,1.0194274661621998,1.1968920214696757,0.9507859477258668,0.9958459586704782,1.1968920214696757
H-r2-a210-s77-w1440,1440,2,1,True,,1.0194274661621998,1.1968920214696757,0.9507859477258668,0.9958459586704782,1.1968920214696757
H-r2-a210-s88-w480,480,2,1,True,,0.9546727879461444,1.1968920214696757,0.9507859477258668,0.9958459586704782,1.1968920214696757
H-r2-a210-s88-w960,960,2,1,True,,0.9546727879461444,1.1968920214696757,0.9507859477258668,0.9958459586704782,1.1968920214696757
H-r2-a210-s88-w1440,1440,2,1,True,,0.9546727879461444,1.1968920214696757,0.9507859477258668,0.9958459586704782,1.1968920214696757
H-r2-a225-s0-w480,480,2,0,True,,0.684380949683089,0.3870849898476081,0.684380949683089,0.8870849898476081,0.8870849898476081
H-r2-a225-s0-w960,960,2,0,True,,0.684380949683089,0.3870849898476081,0.684380949683089,0.8870849898476081,0.8870849898476081
H-r2-a225-s0-w1440,1440,2,0,True,,0.684380949683089,0.3870849898476081,0.684380949683089,0.8870849898476081,0.8870849898476081
H-r2-a225-s55-w480,480,2,1,True,,0.684380949683089,0.3870849898476081,0.684380949683089,0.8870849898476081,0.8870849898476081
H-r2-a225-s55-w960,960,2,1,True,,0.684380949683089,0.3870849898476081,0.684380949683089,0.8870849898476081,0.8870849898476081
H-r2-a225-s55-w1440,1440,2,1,True,,0.684380949683089,0.3870849898476081,0.684380949683089,0.8870849898476081,0.8870849898476081
H-r2-a225-s66-w480,480,2,1,True,,0.684380949683089,0.3870849898476081,0.684380949683089,0.8870849898476081,0.8870849898476081
H-r2-a225-s66-w960,960,2,1,True,,0.684380949683089,0.3870849898476081,0.684380949683089,0.8870849898476081,0.8870849898476081
H-r2-a225-s66-w1440,1440,2,1,True,,0.684380949683089,0.3870849898476081,0.684380949683089,0.8870849898476081,0.8870849898476081
H-r2-a225-s77-w480,480,2,1,True,,0.684380949683089,0.3870849898476081,0.684380949683089,0.8870849898476081,0.8870849898476081
H-r2-a225-s77-w960,960,2,1,True,,0.684380949683089,0.3870849898476081,0.684380949683089,0.8870849898476081,0.8870849898476081
H-r2-a225-s77-w1440,1440,2,1,True,,0.684380949683089,0.3870849898476081,0.684380949683089,0.8870849898476081,0.8870849898476081
H-r2-a225-s88-w480,480,2,1,True,,0.684380949683089,0.3870849898476081,0.684380949683089,0.8870849898476081,0.8870849898476081
H-r2-a225-s88-w960,960,2,1,True,,0.684380949683089,0.3870849898476081,0.684380949683089,0.8870849898476081,0.8870849898476081
H-r2-a225-s88-w1440,1440,2,1,True,,0.684380949683089,0.3870849898476081,0.684380949683089,0.8870849898476081,0.8870849898476081
H-r2-a240-s0-w480,480,2,0,True,,0.9507859477258915,1.1968920214698575,1.0194274661621434,0.9958459586704477,1.1968920214698575
H-r2-a240-s0-w960,960,2,0,True,,0.9507859477258915,1.1968920214698575,1.0194274661621434,0.9958459586704477,1.1968920214698575
H-r2-a240-s0-w1440,1440,2,0,True,,0.9507859477258915,1.1968920214698575,1.0194274661621434,0.9958459586704477,1.1968920214698575
H-r2-a240-s55-w480,480,2,1,True,,0.9507859477258915,1.1968920214698575,1.0194274661621434,0.9958459586704477,1.1968920214698575
H-r2-a240-s55-w960,960,2,1,True,,0.9507859477258915,1.1968920214698575,1.0194274661621434,0.9958459586704477,1.1968920214698575
H-r2-a240-s55-w1440,1440,2,1,True,,0.9507859477258915,1.1968920214698575,1.0194274661621434,0.9958459586704477,1.1968920214698575
H-r2-a240-s66-w480,480,2,1,True,,0.9451918653451589,1.1968920214698575,1.0194274661621434,0.9958459586704477,1.1968920214698575
H-r2-a240-s66-w960,960,2,1,True,,0.9451918653451589,1.1968920214698575,1.0194274661621434,0.9958459586704477,1.1968920214698575
H-r2-a240-s66-w1440,1440,2,1,True,,0.9451918653451589,1.1968920214698575,1.0194274661621434,0.9958459586704477,1.1968920214698575
H-r2-a240-s77-w480,480,2,1,True,,0.9507859477258915,1.1212167517256544,1.0194274661621434,0.9762956842099052,1.1212167517256544
H-r2-a240-s77-w960,960,2,1,True,,0.9507859477258915,1.1212167517256544,1.0194274661621434,0.9762956842099052,1.1212167517256544
H-r2-a240-s77-w1440,1440,2,1,True,,0.9507859477258915,1.1212167517256544,1.0194274661621434,0.9762956842099052,1.1212167517256544
H-r2-a240-s88-w480,480,2,1,True,,0.9507859477258915,1.1968920214698575,1.0194274661621434,0.9958459586704477,1.1968920214698575
H-r2-a240-s88-w960,960,2,1,True,,0.9507859477258915,1.1968920214698575,1.0194274661621434,0.9958459586704477,1.1968920214698575
H-r2-a240-s88-w1440,1440,2,1,True,,0.9507859477258915,1.1968920214698575,1.0194274661621434,0.9958459586704477,1.1968920214698575
H-r2-a255-s0-w480,480,2,0,True,,1.062378463252549,1.0285310326740644,1.1070276594319974,1.103972855056907,1.1070276594319974
H-r2-a255-s0-w960,960,2,0,True,,1.062378463252549,1.0285310326740644,1.1070276594319974,1.103972855056907,1.1070276594319974
H-r2-a255-s0-w1440,1440,2,0,True,,1.062378463252549,1.0285310326740644,1.1070276594319974,1.103972855056907,1.1070276594319974
H-r2-a255-s55-w480,480,2,1,True,,1.062378463252549,0.9751338956677829,1.1070276594319974,1.0757759906727233,1.1070276594319974
H-r2-a255-s55-w960,960,2,1,True,,1.062378463252549,0.9751338956677829,1.1070276594319974,1.0757759906727233,1.1070276594319974
H-r2-a255-s55-w1440,1440,2,1,True,,1.062378463252549,0.9751338956677829,1.1070276594319974,1.0757759906727233,1.1070276594319974
H-r2-a255-s66-w480,480,2,1,True,,1.062378463252549,1.0285310326740644,1.1070276594319974,1.1319548895170801,1.1319548895170801
H-r2-a255-s66-w960,960,2,1,True,,1.062378463252549,1.0285310326740644,1.1070276594319974,1.1319548895170801,1.1319548895170801
H-r2-a255-s66-w1440,1440,2,1,True,,1.062378463252549,1.0285310326740644,1.1070276594319974,1.1319548895170801,1.1319548895170801
H-r2-a255-s77-w480,480,2,1,True,,1.062378463252549,1.0285310326740644,1.1070276594319974,1.103972855056907,1.1070276594319974
H-r2-a255-s77-w960,960,2,1,True,,1.062378463252549,1.0285310326740644,1.1070276594319974,1.103972855056907,1.1070276594319974
H-r2-a255-s77-w1440,1440,2,1,True,,1.062378463252549,1.0285310326740644,1.1070276594319974,1.103972855056907,1.1070276594319974
H-r2-a255-s88-w480,480,2,1,True,,1.062378463252549,0.9751338956677829,1.1070276594319974,1.103972855056907,1.1070276594319974
H-r2-a255-s88-w960,960,2,1,True,,1.062378463252549,0.9751338956677829,1.1070276594319974,1.103972855056907,1.1070276594319974
H-r2-a255-s88-w1440,1440,2,1,True,,1.062378463252549,0.9751338956677829,1.1070276594319974,1.103972855056907,1.1070276594319974
H-r2-a270-s0-w480,480,2,0,True,,0.9013878188659973,0.9013878188659973,1.346291201783626,1.346291201783626,1.346291201783626
H-r2-a270-s0-w960,960,2,0,True,,0.9013878188659973,0.9013878188659973,1.346291201783626,1.346291201783626,1.346291201783626
H-r2-a270-s0-w1440,1440,2,0,True,,0.9013878188659973,0.9013878188659973,1.346291201783626,1.346291201783626,1.346291201783626
H-r2-a270-s55-w480,480,2,1,True,,0.9013878188659973,0.9013878188659973,1.346291201783626,1.346291201783626,1.346291201783626
H-r2-a270-s55-w960,960,2,1,True,,0.9013878188659973,0.9013878188659973,1.346291201783626,1.346291201783626,1.346291201783626
H-r2-a270-s55-w1440,1440,2,1,True,,0.9013878188659973,0.9013878188659973,1.346291201783626,1.346291201783626,1.346291201783626
H-r2-a270-s66-w480,480,2,1,True,,0.9013878188659973,0.9013878188659973,1.346291201783626,1.346291201783626,1.346291201783626
H-r2-a270-s66-w960,960,2,1,True,,0.9013878188659973,0.9013878188659973,1.346291201783626,1.346291201783626,1.346291201783626
H-r2-a270-s66-w1440,1440,2,1,True,,0.9013878188659973,0.9013878188659973,1.346291201783626,1.346291201783626,1.346291201783626
H-r2-a270-s77-w480,480,2,1,True,,0.9013878188659973,0.9013878188659973,1.346291201783626,1.346291201783626,1.346291201783626
H-r2-a270-s77-w960,960,2,1,True,,0.9013878188659973,0.9013878188659973,1.346291201783626,1.346291201783626,1.346291201783626
H-r2-a270-s77-w1440,1440,2,1,True,,0.9013878188659973,0.9013878188659973,1.346291201783626,1.346291201783626,1.346291201783626
H-r2-a270-s88-w480,480,2,1,True,,0.9013878188659973,0.9013878188659973,1.346291201783626,1.346291201783626,1.346291201783626
H-r2-a270-s88-w960,960,2,1,True,,0.9013878188659973,0.9013878188659973,1.346291201783626,1.346291201783626,1.346291201783626
H-r2-a270-s88-w1440,1440,2,1,True,,0.9013878188659973,0.9013878188659973,1.346291201783626,1.346291201783626,1.346291201783626
H-r2-a285-s0-w480,480,2,0,True,,1.0728518925680872,1.0545593748385382,1.1039728550568482,1.1070276594319974,1.1070276594319974
H-r2-a285-s0-w960,960,2,0,True,,1.0728518925680872,1.0545593748385382,1.1039728550568482,1.1070276594319974,1.1070276594319974
H-r2-a285-s0-w1440,1440,2,0,True,,1.0728518925680872,1.0545593748385382,1.1039728550568482,1.1070276594319974,1.1070276594319974
H-r2-a285-s55-w480,480,2,1,True,,1.0728518925680872,1.0545593748385382,1.1039728550568482,1.1070276594319974,1.1070276594319974
H-r2-a285-s55-w960,960,2,1,True,,1.0728518925680872,1.0545593748385382,1.1039728550568482,1.1070276594319974,1.1070276594319974
H-r2-a285-s55-w1440,1440,2,1,True,,1.0728518925680872,1.0545593748385382,1.1039728550568482,1.1070276594319974,1.1070276594319974
H-r2-a285-s66-w480,480,2,1,True,,1.0728518925680872,1.0545593748385382,1.1039728550568482,1.0418580488010973,1.1039728550568482
H-r2-a285-s66-w960,960,2,1,True,,1.0728518925680872,1.0545593748385382,1.1039728550568482,1.0418580488010973,1.1039728550568482
H-r2-a285-s66-w1440,1440,2,1,True,,1.0728518925680872,1.0545593748385382,1.1039728550568482,1.0418580488010973,1.1039728550568482
H-r2-a285-s77-w480,480,2,1,True,,1.0728518925680872,1.0545593748385382,1.1039728550568482,1.0925951839570809,1.1039728550568482
H-r2-a285-s77-w960,960,2,1,True,,1.0728518925680872,1.0545593748385382,1.1039728550568482,1.0925951839570809,1.1039728550568482
H-r2-a285-s77-w1440,1440,2,1,True,,1.0728518925680872,1.0545593748385382,1.1039728550568482,1.0925951839570809,1.1039728550568482
H-r2-a285-s88-w480,480,2,1,True,,1.0728518925680872,1.0545593748385382,1.1039728550568482,1.0553253147462633,1.1039728550568482
H-r2-a285-s88-w960,960,2,1,True,,1.0728518925680872,1.0545593748385382,1.1039728550568482,1.0553253147462633,1.1039728550568482
H-r2-a285-s88-w1440,1440,2,1,True,,1.0728518925680872,1.0545593748385382,1.1039728550568482,1.0553253147462633,1.1039728550568482
H-r2-a300-s0-w480,480,2,0,True,,0.9710593655546553,0.9643455982354088,0.9958459586704477,1.0194274661621998,1.0194274661621998
H-r2-a300-s0-w960,960,2,0,True,,0.9710593655546553,0.9643455982354088,0.9958459586704477,1.0194274661621998,1.0194274661621998
H-r2-a300-s0-w1440,1440,2,0,True,,0.9710593655546553,0.9643455982354088,0.9958459586704477,1.0194274661621998,1.0194274661621998
H-r2-a300-s55-w480,480,2,1,True,,0.9710593655546553,0.9643455982354088,0.9958459586704477,1.0194274661621998,1.0194274661621998
H-r2-a300-s55-w960,960,2,1,True,,0.9710593655546553,0.9643455982354088,0.9958459586704477,1.0194274661621998,1.0194274661621998
H-r2-a300-s55-w1440,1440,2,1,True,,0.9710593655546553,0.9643455982354088,0.9958459586704477,1.0194274661621998,1.0194274661621998
H-r2-a300-s66-w480,480,2,1,True,,0.9710593655546553,0.9643455982354088,0.9958459586704477,1.0194274661621998,1.0194274661621998
H-r2-a300-s66-w960,960,2,1,True,,0.9710593655546553,0.9643455982354088,0.9958459586704477,1.0194274661621998,1.0194274661621998
H-r2-a300-s66-w1440,1440,2,1,True,,0.9710593655546553,0.9643455982354088,0.9958459586704477,1.0194274661621998,1.0194274661621998
H-r2-a300-s77-w480,480,2,1,True,,0.9710593655546553,0.9643455982354088,0.9958459586704477,1.0194274661621998,1.0194274661621998
H-r2-a300-s77-w960,960,2,1,True,,0.9710593655546553,0.9643455982354088,0.9958459586704477,1.0194274661621998,1.0194274661621998
H-r2-a300-s77-w1440,1440,2,1,True,,0.9710593655546553,0.9643455982354088,0.9958459586704477,1.0194274661621998,1.0194274661621998
H-r2-a300-s88-w480,480,2,1,True,,0.9710593655546553,0.9643455982354088,0.9958459586704477,0.9546727879461444,0.9958459586704477
H-r2-a300-s88-w960,960,2,1,True,,0.9710593655546553,0.9643455982354088,0.9958459586704477,0.9546727879461444,0.9958459586704477
H-r2-a300-s88-w1440,1440,2,1,True,,0.9710593655546553,0.9643455982354088,0.9958459586704477,0.9546727879461444,0.9958459586704477
H-r2-a315-s0-w480,480,2,0,True,,0.3870849898476081,0.684380949683089,0.8870849898476081,0.684380949683089,0.8870849898476081
H-r2-a315-s0-w960,960,2,0,True,,0.3870849898476081,0.684380949683089,0.8870849898476081,0.684380949683089,0.8870849898476081
H-r2-a315-s0-w1440,1440,2,0,True,,0.3870849898476081,0.684380949683089,0.8870849898476081,0.684380949683089,0.8870849898476081
H-r2-a315-s55-w480,480,2,1,True,,0.3870849898476081,0.684380949683089,0.8870849898476081,0.684380949683089,0.8870849898476081
H-r2-a315-s55-w960,960,2,1,True,,0.3870849898476081,0.684380949683089,0.8870849898476081,0.684380949683089,0.8870849898476081
H-r2-a315-s55-w1440,1440,2,1,True,,0.3870849898476081,0.684380949683089,0.8870849898476081,0.684380949683089,0.8870849898476081
H-r2-a315-s66-w480,480,2,1,True,,0.3870849898476081,0.684380949683089,0.8870849898476081,0.684380949683089,0.8870849898476081
H-r2-a315-s66-w960,960,2,1,True,,0.3870849898476081,0.684380949683089,0.8870849898476081,0.684380949683089,0.8870849898476081
H-r2-a315-s66-w1440,1440,2,1,True,,0.3870849898476081,0.684380949683089,0.8870849898476081,0.684380949683089,0.8870849898476081
H-r2-a315-s77-w480,480,2,1,True,,0.3870849898476081,0.684380949683089,0.8870849898476081,0.684380949683089,0.8870849898476081
H-r2-a315-s77-w960,960,2,1,True,,0.3870849898476081,0.684380949683089,0.8870849898476081,0.684380949683089,0.8870849898476081
H-r2-a315-s77-w1440,1440,2,1,True,,0.3870849898476081,0.684380949683089,0.8870849898476081,0.684380949683089,0.8870849898476081
H-r2-a315-s88-w480,480,2,1,True,,0.3870849898476081,0.684380949683089,0.8870849898476081,0.684380949683089,0.8870849898476081
H-r2-a315-s88-w960,960,2,1,True,,0.3870849898476081,0.684380949683089,0.8870849898476081,0.684380949683089,0.8870849898476081
H-r2-a315-s88-w1440,1440,2,1,True,,0.3870849898476081,0.684380949683089,0.8870849898476081,0.684380949683089,0.8870849898476081
H-r2-a330-s0-w480,480,2,0,True,,0.9710593655547646,1.0464227105826973,0.9958459586702286,0.9507859477257806,1.0464227105826973
H-r2-a330-s0-w960,960,2,0,True,,0.9710593655547646,1.0464227105826973,0.9958459586702286,0.9507859477257806,1.0464227105826973
H-r2-a330-s0-w1440,1440,2,0,True,,0.9710593655547646,1.0464227105826973,0.9958459586702286,0.9507859477257806,1.0464227105826973
H-r2-a330-s55-w480,480,2,1,True,,0.9614589164593713,1.0464227105826973,0.9958459586702286,0.9507859477257806,1.0464227105826973
H-r2-a330-s55-w960,960,2,1,True,,0.9614589164593713,1.0464227105826973,0.9958459586702286,0.9507859477257806,1.0464227105826973
H-r2-a330-s55-w1440,1440,2,1,True,,0.9614589164593713,1.0464227105826973,0.9958459586702286,0.9507859477257806,1.0464227105826973
H-r2-a330-s66-w480,480,2,1,True,,0.9710593655547646,1.0464227105826973,0.9958459586702286,0.9451918653450481,1.0464227105826973
H-r2-a330-s66-w960,960,2,1,True,,0.9710593655547646,1.0464227105826973,0.9958459586702286,0.9451918653450481,1.0464227105826973
H-r2-a330-s66-w1440,1440,2,1,True,,0.9710593655547646,1.0464227105826973,0.9958459586702286,0.9451918653450481,1.0464227105826973
H-r2-a330-s77-w480,480,2,1,True,,0.9710593655547646,1.0464227105826973,0.976295684209685,0.9507859477257806,1.0464227105826973
H-r2-a330-s77-w960,960,2,1,True,,0.9710593655547646,1.0464227105826973,0.976295684209685,0.9507859477257806,1.0464227105826973
H-r2-a330-s77-w1440,1440,2,1,True,,0.9710593655547646,1.0464227105826973,0.976295684209685,0.9507859477257806,1.0464227105826973
H-r2-a330-s88-w480,480,2,1,True,,0.9710593655547646,1.0464227105826973,0.9958459586702286,0.9507859477257806,1.0464227105826973
H-r2-a330-s88-w960,960,2,1,True,,0.9710593655547646,1.0464227105826973,0.9958459586702286,0.9507859477257806,1.0464227105826973
H-r2-a330-s88-w1440,1440,2,1,True,,0.9710593655547646,1.0464227105826973,0.9958459586702286,0.9507859477257806,1.0464227105826973
H-r2-a345-s0-w480,480,2,0,True,,1.0728518925680872,1.1356438366220354,1.103972855056907,1.062378463252549,1.1356438366220354
H-r2-a345-s0-w960,960,2,0,True,,1.0728518925680872,1.1356438366220354,1.103972855056907,1.062378463252549,1.1356438366220354
H-r2-a345-s0-w1440,1440,2,0,True,,1.0728518925680872,1.1356438366220354,1.103972855056907,1.062378463252549,1.1356438366220354
H-r2-a345-s55-w480,480,2,1,True,,1.0528678847748663,1.1356438366220354,1.0757759906727233,1.062378463252549,1.1356438366220354
H-r2-a345-s55-w960,960,2,1,True,,1.0528678847748663,1.1356438366220354,1.0757759906727233,1.062378463252549,1.1356438366220354
H-r2-a345-s55-w1440,1440,2,1,True,,1.0528678847748663,1.1356438366220354,1.0757759906727233,1.062378463252549,1.1356438366220354
H-r2-a345-s66-w480,480,2,1,True,,1.0728518925680872,1.1356438366220354,1.1319548895170801,1.062378463252549,1.1356438366220354
H-r2-a345-s66-w960,960,2,1,True,,1.0728518925680872,1.1356438366220354,1.1319548895170801,1.062378463252549,1.1356438366220354
H-r2-a345-s66-w1440,1440,2,1,True,,1.0728518925680872,1.1356438366220354,1.1319548895170801,1.062378463252549,1.1356438366220354
H-r2-a345-s77-w480,480,2,1,True,,1.0728518925680872,1.1356438366220354,1.103972855056907,1.062378463252549,1.1356438366220354
H-r2-a345-s77-w960,960,2,1,True,,1.0728518925680872,1.1356438366220354,1.103972855056907,1.062378463252549,1.1356438366220354
H-r2-a345-s77-w1440,1440,2,1,True,,1.0728518925680872,1.1356438366220354,1.103972855056907,1.062378463252549,1.1356438366220354
H-r2-a345-s88-w480,480,2,1,True,,1.0528678847748663,1.1356438366220354,1.103972855056907,1.062378463252549,1.1356438366220354
H-r2-a345-s88-w960,960,2,1,True,,1.0528678847748663,1.1356438366220354,1.103972855056907,1.062378463252549,1.1356438366220354
H-r2-a345-s88-w1440,1440,2,1,True,,1.0528678847748663,1.1356438366220354,1.103972855056907,1.062378463252549,1.1356438366220354
