dataset,work_width,radius,noise_sigma,total,measurable,failures,mean,sd,p95,p99,max,formula_raw,rounded_candidate,exceed_r,exceed_ratio
C,480,0,0,24,24,0,1.1363670038271523,0.14344381065243844,1.4142135623730951,1.4142135623730951,1.4142135623730951,1.5666984357844675,2.0,,
C,480,0,1,96,96,0,1.1376668040457425,0.14197746471924833,1.4142135623730951,1.4142135623730951,1.4142135623730951,1.5635991982034874,2.0,,
C,480,2,0,24,24,0,1.1124048926369496,0.1625551069866758,1.4142135623730951,1.4142135623730951,1.4142135623730951,1.600070213596977,2.0,,
C,480,2,1,96,96,0,1.1122213088689823,0.1603426686778428,1.4142135623730951,1.4142135623730951,1.4142135623730951,1.5932493149025106,2.0,,
C,960,0,0,24,24,0,1.1363670038271523,0.14344381065243844,1.4142135623730951,1.4142135623730951,1.4142135623730951,1.5666984357844675,2.0,,
C,960,0,1,96,96,0,1.1376668040457425,0.14197746471924833,1.4142135623730951,1.4142135623730951,1.4142135623730951,1.5635991982034874,2.0,,
C,960,2,0,24,24,0,1.1124048926369496,0.1625551069866758,1.4142135623730951,1.4142135623730951,1.4142135623730951,1.600070213596977,2.0,,
C,960,2,1,96,96,0,1.1122213088689823,0.1603426686778428,1.4142135623730951,1.4142135623730951,1.4142135623730951,1.5932493149025106,2.0,,
C,1440,0,0,24,24,0,1.1363670038271523,0.14344381065243844,1.4142135623730951,1.4142135623730951,1.4142135623730951,1.5666984357844675,2.0,,
C,1440,0,1,96,96,0,1.1376668040457425,0.14197746471924833,1.4142135623730951,1.4142135623730951,1.4142135623730951,1.5635991982034874,2.0,,
C,1440,2,0,24,24,0,1.1124048926369496,0.1625551069866758,1.4142135623730951,1.4142135623730951,1.4142135623730951,1.600070213596977,2.0,,
C,1440,2,1,96,96,0,1.1122213088689823,0.1603426686778428,1.4142135623730951,1.4142135623730951,1.4142135623730951,1.5932493149025106,2.0,,
H,480,0,0,24,24,0,1.1029899844461248,0.14110793045376196,1.346291201783626,1.346291201783626,1.346291201783626,1.5263137758074108,2.0,0,0.0
H,480,0,1,96,96,0,1.102945343628327,0.1402059062753268,1.346291201783626,1.346291201783626,1.346291201783626,1.5235630624543073,2.0,0,0.0
H,480,2,0,24,24,0,1.1004707385464416,0.14405396313017715,1.346291201783626,1.346291201783626,1.346291201783626,1.532632627936973,2.0,0,0.0
H,480,2,1,96,96,0,1.098067767893336,0.14222138558083744,1.346291201783626,1.346291201783626,1.346291201783626,1.5247319246358484,2.0,0,0.0
H,960,0,0,24,24,0,1.1029899844461248,0.14110793045376196,1.346291201783626,1.346291201783626,1.346291201783626,1.5263137758074108,2.0,0,0.0
H,960,0,1,96,96,0,1.102945343628327,0.1402059062753268,1.346291201783626,1.346291201783626,1.346291201783626,1.5235630624543073,2.0,0,0.0
H,960,2,0,24,24,0,1.1004707385464416,0.14405396313017715,1.346291201783626,1.346291201783626,1.346291201783626,1.532632627936973,2.0,0,0.0
H,960,2,1,96,96,0,1.098067767893336,0.14222138558083744,1.346291201783626,1.346291201783626,1.346291201783626,1.5247319246358484,2.0,0,0.0
H,1440,0,0,24,24,0,1.1029899844461248,0.14110793045376196,1.346291201783626,1.346291201783626,1.346291201783626,1.5263137758074108,2.0,0,0.0
H,1440,0,1,96,96,0,1.102945343628327,0.1402059062753268,1.346291201783626,1.346291201783626,1.346291201783626,1.5235630624543073,2.0,0,0.0
H,1440,2,0,24,24,0,1.1004707385464416,0.14405396313017715,1.346291201783626,1.346291201783626,1.346291201783626,1.532632627936973,2.0,0,0.0
H,1440,2,1,96,96,0,1.098067767893336,0.14222138558083744,1.346291201783626,1.346291201783626,1.346291201783626,1.5247319246358484,2.0,0,0.0
