帧号,类别,失败原因,图片路径,人工结论
4,C,"角点证据不足；corner/0/NO_VALID_ADJACENT_EDGES: polygon=71,eligible_arcs=428,connection=44803,corner_or_extension=1187,direction_or_position_arc=17712,discontinuous_arc=7678,short_or_residual_arc=3594: P2",frames/C/frame-000004.png,有（该检出）
7,C,"角点证据不足；corner/0/NO_VALID_ADJACENT_EDGES: polygon=105,eligible_arcs=515,connection=79148,direction_or_position_arc=30393,discontinuous_arc=18132,short_or_residual_arc=5482: P2",frames/C/frame-000007.png,有（该检出）
14,C,"角点证据不足；corner/0/NO_VALID_ADJACENT_EDGES: polygon=114,eligible_arcs=585,connection=100048,direction_or_position_arc=32036,discontinuous_arc=20642,short_or_residual_arc=5543: P0",frames/C/frame-000014.png,有（该检出）
17,C,"角点证据不足；corner/0/NO_VALID_ADJACENT_EDGES: polygon=76,eligible_arcs=297,connection=33592,direction_or_position_arc=16312,discontinuous_arc=8745,short_or_residual_arc=5446: P2",frames/C/frame-000017.png,有（该检出）
21,C,"角点证据不足；corner/0/NO_VALID_ADJACENT_EDGES: polygon=32,eligible_arcs=68,direction_or_position_arc=4405,discontinuous_arc=1119,short_or_residual_arc=1380: P1",frames/C/frame-000021.png,有（该检出）
22,C,"角点证据不足；corner/0/NO_VALID_ADJACENT_EDGES: polygon=73,eligible_arcs=346,connection=42930,direction_or_position_arc=13716,discontinuous_arc=7862,short_or_residual_arc=5136: P2",frames/C/frame-000022.png,有（该检出）
25,C,"角点证据不足；corner/0/NO_VALID_ADJACENT_EDGES: polygon=75,eligible_arcs=373,connection=57240,direction_or_position_arc=15839,discontinuous_arc=8376,short_or_residual_arc=4824: P2",frames/C/frame-000025.png,有（该检出）
32,C,"角点证据不足；corner/0/NO_VALID_ADJACENT_EDGES: polygon=59,eligible_arcs=430,connection=70196,corner_or_extension=204,direction_or_position_arc=11848,discontinuous_arc=5401,short_or_residual_arc=3201: P3",frames/C/frame-000032.png,有（该检出）
36,B,M/S 补全阶段未产出完整假设；assignment/0/INVALID_PARENT,frames/B/frame-000036.png,无（不该检出）
37,A,无几何假设；no valid geometry hypothesis generated,frames/A/frame-000037.png,无（不该检出）
38,A,无几何假设；no valid geometry hypothesis generated,frames/A/frame-000038.png,无（不该检出）
39,A,无几何假设；no valid geometry hypothesis generated,frames/A/frame-000039.png,无（不该检出）
40,A,无几何假设；no valid geometry hypothesis generated,frames/A/frame-000040.png,无（不该检出）
41,A,无几何假设；no valid geometry hypothesis generated,frames/A/frame-000041.png,无（不该检出）
42,A,无几何假设；no valid geometry hypothesis generated,frames/A/frame-000042.png,无（不该检出）
43,A,无几何假设；no valid geometry hypothesis generated,frames/A/frame-000043.png,无（不该检出）
44,A,无几何假设；no valid geometry hypothesis generated,frames/A/frame-000044.png,无（不该检出）
45,A,无几何假设；no valid geometry hypothesis generated,frames/A/frame-000045.png,无（不该检出）
46,A,无几何假设；no valid geometry hypothesis generated,frames/A/frame-000046.png,无（不该检出）
47,A,无几何假设；no valid geometry hypothesis generated,frames/A/frame-000047.png,无（不该检出）
48,A,无几何假设；no valid geometry hypothesis generated,frames/A/frame-000048.png,无（不该检出）
49,A,无几何假设；no valid geometry hypothesis generated,frames/A/frame-000049.png,无（不该检出）
50,A,无几何假设；no valid geometry hypothesis generated,frames/A/frame-000050.png,无（不该检出）
51,A,无几何假设；no valid geometry hypothesis generated,frames/A/frame-000051.png,无（不该检出）
52,A,无几何假设；no valid geometry hypothesis generated,frames/A/frame-000052.png,无（不该检出）
53,A,无几何假设；no valid geometry hypothesis generated,frames/A/frame-000053.png,无（不该检出）
54,A,无几何假设；no valid geometry hypothesis generated,frames/A/frame-000054.png,无（不该检出）
55,A,无几何假设；no valid geometry hypothesis generated,frames/A/frame-000055.png,无（不该检出）
56,A,无几何假设；no valid geometry hypothesis generated,frames/A/frame-000056.png,无（不该检出）
57,A,无几何假设；no valid geometry hypothesis generated,frames/A/frame-000057.png,无（不该检出）
58,A,无几何假设；no valid geometry hypothesis generated,frames/A/frame-000058.png,无（不该检出）
59,A,无几何假设；no valid geometry hypothesis generated,frames/A/frame-000059.png,无（不该检出）
60,A,无几何假设；no valid geometry hypothesis generated,frames/A/frame-000060.png,无（不该检出）
61,A,无几何假设；no valid geometry hypothesis generated,frames/A/frame-000061.png,无（不该检出）
62,A,无几何假设；no valid geometry hypothesis generated,frames/A/frame-000062.png,无（不该检出）
63,A,无几何假设；no valid geometry hypothesis generated,frames/A/frame-000063.png,无（不该检出）
64,A,无几何假设；no valid geometry hypothesis generated,frames/A/frame-000064.png,无（不该检出）
65,A,无几何假设；no valid geometry hypothesis generated,frames/A/frame-000065.png,无（不该检出）
66,A,无几何假设；no valid geometry hypothesis generated,frames/A/frame-000066.png,无（不该检出）
67,A,无几何假设；no valid geometry hypothesis generated,frames/A/frame-000067.png,无（不该检出）
68,A,无几何假设；no valid geometry hypothesis generated,frames/A/frame-000068.png,无（不该检出）
69,A,无几何假设；no valid geometry hypothesis generated,frames/A/frame-000069.png,无（不该检出）
70,A,无几何假设；no valid geometry hypothesis generated,frames/A/frame-000070.png,无（不该检出）
71,A,无几何假设；no valid geometry hypothesis generated,frames/A/frame-000071.png,无（不该检出）
72,A,无几何假设；no valid geometry hypothesis generated,frames/A/frame-000072.png,无（不该检出）
73,A,无几何假设；no valid geometry hypothesis generated,frames/A/frame-000073.png,无（不该检出）
74,A,无几何假设；no valid geometry hypothesis generated,frames/A/frame-000074.png,无（不该检出）
75,A,无几何假设；no valid geometry hypothesis generated,frames/A/frame-000075.png,无（不该检出）
76,A,无几何假设；no valid geometry hypothesis generated,frames/A/frame-000076.png,无（不该检出）
77,A,无几何假设；no valid geometry hypothesis generated,frames/A/frame-000077.png,无（不该检出）
78,A,无几何假设；no valid geometry hypothesis generated,frames/A/frame-000078.png,无（不该检出）
79,A,无几何假设；no valid geometry hypothesis generated,frames/A/frame-000079.png,无（不该检出）
80,A,无几何假设；no valid geometry hypothesis generated,frames/A/frame-000080.png,无（不该检出）
81,A,无几何假设；no valid geometry hypothesis generated,frames/A/frame-000081.png,无（不该检出）
82,A,无几何假设；no valid geometry hypothesis generated,frames/A/frame-000082.png,无（不该检出）
83,A,无几何假设；no valid geometry hypothesis generated,frames/A/frame-000083.png,无（不该检出）
84,A,无几何假设；no valid geometry hypothesis generated,frames/A/frame-000084.png,无（不该检出）
85,A,无几何假设；no valid geometry hypothesis generated,frames/A/frame-000085.png,无（不该检出）
86,A,无几何假设；no valid geometry hypothesis generated,frames/A/frame-000086.png,无（不该检出）
87,A,无几何假设；no valid geometry hypothesis generated,frames/A/frame-000087.png,无（不该检出）
88,A,无几何假设；no valid geometry hypothesis generated,frames/A/frame-000088.png,无（不该检出）
89,A,无几何假设；no valid geometry hypothesis generated,frames/A/frame-000089.png,无（不该检出）
90,A,无几何假设；no valid geometry hypothesis generated,frames/A/frame-000090.png,无（不该检出）
91,A,无几何假设；no valid geometry hypothesis generated,frames/A/frame-000091.png,无（不该检出）
92,A,无几何假设；no valid geometry hypothesis generated,frames/A/frame-000092.png,无（不该检出）
93,A,无几何假设；no valid geometry hypothesis generated,frames/A/frame-000093.png,无（不该检出）
94,A,无几何假设；no valid geometry hypothesis generated,frames/A/frame-000094.png,无（不该检出）
95,A,无几何假设；no valid geometry hypothesis generated,frames/A/frame-000095.png,无（不该检出）
96,A,无几何假设；no valid geometry hypothesis generated,frames/A/frame-000096.png,无（不该检出）
97,A,无几何假设；no valid geometry hypothesis generated,frames/A/frame-000097.png,无（不该检出）
98,A,无几何假设；no valid geometry hypothesis generated,frames/A/frame-000098.png,无（不该检出）
99,A,无几何假设；no valid geometry hypothesis generated,frames/A/frame-000099.png,无（不该检出）
100,A,无几何假设；no valid geometry hypothesis generated,frames/A/frame-000100.png,无（不该检出）
101,A,无几何假设；no valid geometry hypothesis generated,frames/A/frame-000101.png,无（不该检出）
102,A,无几何假设；no valid geometry hypothesis generated,frames/A/frame-000102.png,无（不该检出）
103,A,无几何假设；no valid geometry hypothesis generated,frames/A/frame-000103.png,无（不该检出）
104,A,无几何假设；no valid geometry hypothesis generated,frames/A/frame-000104.png,无（不该检出）
105,A,无几何假设；no valid geometry hypothesis generated,frames/A/frame-000105.png,无（不该检出）
106,A,无几何假设；no valid geometry hypothesis generated,frames/A/frame-000106.png,无（不该检出）
107,A,无几何假设；no valid geometry hypothesis generated,frames/A/frame-000107.png,无（不该检出）
108,A,无几何假设；no valid geometry hypothesis generated,frames/A/frame-000108.png,无（不该检出）
109,A,无几何假设；no valid geometry hypothesis generated,frames/A/frame-000109.png,无（不该检出）
110,A,无几何假设；no valid geometry hypothesis generated,frames/A/frame-000110.png,无（不该检出）
111,A,无几何假设；no valid geometry hypothesis generated,frames/A/frame-000111.png,无（不该检出）
112,A,无几何假设；no valid geometry hypothesis generated,frames/A/frame-000112.png,无（不该检出）
113,A,无几何假设；no valid geometry hypothesis generated,frames/A/frame-000113.png,无（不该检出）
114,A,无几何假设；no valid geometry hypothesis generated,frames/A/frame-000114.png,无（不该检出）
115,A,无几何假设；no valid geometry hypothesis generated,frames/A/frame-000115.png,无（不该检出）
116,A,无几何假设；no valid geometry hypothesis generated,frames/A/frame-000116.png,无（不该检出）
117,A,无几何假设；no valid geometry hypothesis generated,frames/A/frame-000117.png,无（不该检出）
118,A,无几何假设；no valid geometry hypothesis generated,frames/A/frame-000118.png,无（不该检出）
119,A,无几何假设；no valid geometry hypothesis generated,frames/A/frame-000119.png,无（不该检出）
120,A,无几何假设；no valid geometry hypothesis generated,frames/A/frame-000120.png,无（不该检出）
121,A,无几何假设；no valid geometry hypothesis generated,frames/A/frame-000121.png,无（不该检出）
122,A,无几何假设；no valid geometry hypothesis generated,frames/A/frame-000122.png,无（不该检出）
123,A,无几何假设；no valid geometry hypothesis generated,frames/A/frame-000123.png,无（不该检出）
124,A,无几何假设；no valid geometry hypothesis generated,frames/A/frame-000124.png,无（不该检出）
125,B,M/S 补全阶段未产出完整假设；assignment/0/INVALID_PARENT,frames/B/frame-000125.png,无（不该检出）
126,B,M/S 补全阶段未产出完整假设；assignment/0/INVALID_PARENT,frames/B/frame-000126.png,无（不该检出）
129,C,"角点证据不足；corner/0/NO_VALID_ADJACENT_EDGES: polygon=73,eligible_arcs=511,connection=75780,direction_or_position_arc=13597,discontinuous_arc=8183,short_or_residual_arc=5099: P3",frames/C/frame-000129.png,有（该检出）
134,C,"角点证据不足；corner/0/NO_VALID_ADJACENT_EDGES: polygon=35,eligible_arcs=38,direction_or_position_arc=4772,discontinuous_arc=1828,short_or_residual_arc=1018: P1",frames/C/frame-000134.png,有（该检出）
148,C,"角点证据不足；corner/0/NO_VALID_ADJACENT_EDGES: polygon=28,eligible_arcs=40,direction_or_position_arc=3349,discontinuous_arc=833,short_or_residual_arc=1034: P1",frames/C/frame-000148.png,有（该检出）
150,C,"角点证据不足；corner/0/NO_VALID_ADJACENT_EDGES: polygon=95,eligible_arcs=897,connection=91378,corner_or_extension=2814,direction_or_position_arc=23450,discontinuous_arc=14237,short_or_residual_arc=4472: P0",frames/C/frame-000150.png,有（该检出）
153,D,"Path A 残留；corner/0/NO_VALID_ADJACENT_EDGES: polygon=71,eligible_arcs=130,connection=1008,direction_or_position_arc=16081,discontinuous_arc=5789,short_or_residual_arc=4732: P2",frames/D/frame-000153.png,有（该检出）
154,C,"角点证据不足；corner/0/NO_VALID_ADJACENT_EDGES: polygon=30,eligible_arcs=45,direction_or_position_arc=3367,discontinuous_arc=1078,short_or_residual_arc=1362: P1",frames/C/frame-000154.png,有（该检出）
177,C,"角点证据不足；corner/0/NO_VALID_ADJACENT_EDGES: polygon=88,eligible_arcs=469,connection=83573,corner_or_extension=1543,direction_or_position_arc=24708,discontinuous_arc=12546,short_or_residual_arc=4097: P2",frames/C/frame-000177.png,有（该检出）
193,C,"角点证据不足；corner/0/NO_VALID_ADJACENT_EDGES: polygon=95,eligible_arcs=1001,connection=63888,direction_or_position_arc=21695,discontinuous_arc=15356,short_or_residual_arc=4178: P3",frames/C/frame-000193.png,有（该检出）
206,C,"角点证据不足；corner/0/NO_VALID_ADJACENT_EDGES: polygon=35,eligible_arcs=49,direction_or_position_arc=4508,discontinuous_arc=1526,short_or_residual_arc=1399: P1",frames/C/frame-000206.png,有（该检出）
207,C,"角点证据不足；corner/0/NO_VALID_ADJACENT_EDGES: polygon=33,eligible_arcs=43,connection=84,direction_or_position_arc=3509,discontinuous_arc=1508,short_or_residual_arc=1260: P1",frames/C/frame-000207.png,有（该检出）
215,C,"角点证据不足；corner/0/NO_VALID_ADJACENT_EDGES: polygon=63,eligible_arcs=583,connection=136404,direction_or_position_arc=10571,discontinuous_arc=6241,short_or_residual_arc=4361: P0",frames/C/frame-000215.png,有（该检出）
226,C,"角点证据不足；corner/0/NO_VALID_ADJACENT_EDGES: polygon=34,eligible_arcs=88,connection=3870,direction_or_position_arc=4748,discontinuous_arc=1712,short_or_residual_arc=1284: P1",frames/C/frame-000226.png,有（该检出）
228,C,"角点证据不足；corner/0/NO_VALID_ADJACENT_EDGES: polygon=28,eligible_arcs=48,direction_or_position_arc=3216,discontinuous_arc=1041,short_or_residual_arc=1245: P1",frames/C/frame-000228.png,有（该检出）
234,C,"角点证据不足；corner/0/NO_VALID_ADJACENT_EDGES: polygon=65,eligible_arcs=443,connection=59760,direction_or_position_arc=13003,discontinuous_arc=6436,short_or_residual_arc=3070: P3",frames/C/frame-000234.png,有（该检出）
239,C,"角点证据不足；corner/0/NO_VALID_ADJACENT_EDGES: polygon=48,eligible_arcs=73,connection=144,direction_or_position_arc=7523,discontinuous_arc=3265,short_or_residual_arc=1795: P1",frames/C/frame-000239.png,有（该检出）
245,C,"角点证据不足；corner/0/NO_VALID_ADJACENT_EDGES: polygon=38,eligible_arcs=63,direction_or_position_arc=5334,discontinuous_arc=2151,short_or_residual_arc=1382: P1",frames/C/frame-000245.png,有（该检出）
246,C,"角点证据不足；corner/0/NO_VALID_ADJACENT_EDGES: polygon=39,eligible_arcs=63,direction_or_position_arc=5518,discontinuous_arc=2385,short_or_residual_arc=1540: P1",frames/C/frame-000246.png,有（该检出）
261,C,"角点证据不足；corner/0/NO_VALID_ADJACENT_EDGES: polygon=25,eligible_arcs=81,direction_or_position_arc=3357,discontinuous_arc=757,short_or_residual_arc=917: P1",frames/C/frame-000261.png,有（该检出）
266,B,M/S 补全阶段未产出完整假设；assignment/0/INVALID_PARENT,frames/B/frame-000266.png,无（不该检出）
267,B,M/S 补全阶段未产出完整假设；assignment/0/INVALID_PARENT,frames/B/frame-000267.png,无（不该检出）
268,B,M/S 补全阶段未产出完整假设；assignment/0/INVALID_PARENT,frames/B/frame-000268.png,无（不该检出）
269,B,M/S 补全阶段未产出完整假设；assignment/0/INVALID_PARENT,frames/B/frame-000269.png,无（不该检出）
270,B,M/S 补全阶段未产出完整假设；assignment/0/INVALID_PARENT,frames/B/frame-000270.png,无（不该检出）
271,B,M/S 补全阶段未产出完整假设；assignment/0/INVALID_PARENT,frames/B/frame-000271.png,无（不该检出）
272,B,M/S 补全阶段未产出完整假设；assignment/0/INVALID_PARENT,frames/B/frame-000272.png,无（不该检出）
273,B,M/S 补全阶段未产出完整假设；assignment/0/INVALID_PARENT,frames/B/frame-000273.png,无（不该检出）
274,B,M/S 补全阶段未产出完整假设；assignment/0/INVALID_PARENT,frames/B/frame-000274.png,无（不该检出）
278,C,"角点证据不足；corner/0/NO_VALID_ADJACENT_EDGES: polygon=69,eligible_arcs=90,connection=2002,direction_or_position_arc=15877,discontinuous_arc=6287,short_or_residual_arc=5136: P2",frames/C/frame-000278.png,有（该检出）
280,D,"Path A 残留；corner/0/NO_VALID_ADJACENT_EDGES: polygon=63,eligible_arcs=137,connection=8624,direction_or_position_arc=11646,discontinuous_arc=5872,short_or_residual_arc=3225: P3",frames/D/frame-000280.png,有（该检出）
291,C,"角点证据不足；corner/0/NO_VALID_ADJACENT_EDGES: polygon=46,eligible_arcs=77,connection=720,direction_or_position_arc=6532,discontinuous_arc=3218,short_or_residual_arc=1945: P1",frames/C/frame-000291.png,有（该检出）
297,C,"角点证据不足；corner/0/NO_VALID_ADJACENT_EDGES: polygon=41,eligible_arcs=62,direction_or_position_arc=5549,discontinuous_arc=2462,short_or_residual_arc=1433: P1",frames/C/frame-000297.png,有（该检出）
299,C,"角点证据不足；corner/0/NO_VALID_ADJACENT_EDGES: polygon=32,eligible_arcs=86,connection=656,direction_or_position_arc=4689,discontinuous_arc=1206,short_or_residual_arc=1159: P1",frames/C/frame-000299.png,有（该检出）
300,C,"角点证据不足；corner/0/NO_VALID_ADJACENT_EDGES: polygon=62,eligible_arcs=323,connection=45238,corner_or_extension=766,direction_or_position_arc=13729,discontinuous_arc=6580,short_or_residual_arc=3238: P2",frames/C/frame-000300.png,有（该检出）
305,C,"角点证据不足；corner/0/NO_VALID_ADJACENT_EDGES: polygon=36,eligible_arcs=72,connection=1534,direction_or_position_arc=4458,discontinuous_arc=1802,short_or_residual_arc=1150: P1",frames/C/frame-000305.png,有（该检出）
307,C,"角点证据不足；corner/0/NO_VALID_ADJACENT_EDGES: polygon=31,eligible_arcs=89,connection=3960,direction_or_position_arc=3837,discontinuous_arc=1468,short_or_residual_arc=1086: P1",frames/C/frame-000307.png,有（该检出）
322,C,"角点证据不足；corner/0/NO_VALID_ADJACENT_EDGES: polygon=80,eligible_arcs=401,connection=72080,direction_or_position_arc=21402,discontinuous_arc=9682,short_or_residual_arc=4425: P2",frames/C/frame-000322.png,有（该检出）
332,C,"角点证据不足；corner/0/NO_VALID_ADJACENT_EDGES: polygon=55,eligible_arcs=375,connection=54660,corner_or_extension=1032,direction_or_position_arc=10374,discontinuous_arc=4544,short_or_residual_arc=2797: P2",frames/C/frame-000332.png,有（该检出）
366,C,"角点证据不足；corner/0/NO_VALID_ADJACENT_EDGES: polygon=78,eligible_arcs=861,connection=151615,corner_or_extension=585,direction_or_position_arc=16130,discontinuous_arc=10063,short_or_residual_arc=4098: P3",frames/C/frame-000366.png,有（该检出）
369,C,"角点证据不足；corner/0/NO_VALID_ADJACENT_EDGES: polygon=26,eligible_arcs=52,direction_or_position_arc=3958,discontinuous_arc=783,short_or_residual_arc=609: P1",frames/C/frame-000369.png,有（该检出）
373,C,"角点证据不足；corner/0/NO_VALID_ADJACENT_EDGES: polygon=39,eligible_arcs=69,direction_or_position_arc=5185,discontinuous_arc=2000,short_or_residual_arc=1676: P1",frames/C/frame-000373.png,有（该检出）
374,C,"角点证据不足；corner/0/NO_VALID_ADJACENT_EDGES: polygon=44,eligible_arcs=72,direction_or_position_arc=7560,discontinuous_arc=2108,short_or_residual_arc=1602: P1",frames/C/frame-000374.png,有（该检出）
376,C,"角点证据不足；corner/0/NO_VALID_ADJACENT_EDGES: polygon=23,eligible_arcs=85,connection=168,direction_or_position_arc=3759,discontinuous_arc=501,short_or_residual_arc=485: P1",frames/C/frame-000376.png,有（该检出）
377,C,"角点证据不足；corner/0/NO_VALID_ADJACENT_EDGES: polygon=95,eligible_arcs=425,connection=43800,direction_or_position_arc=26335,discontinuous_arc=12209,short_or_residual_arc=4921: P3",frames/C/frame-000377.png,有（该检出）
382,D,"Path A 残留；corner/1/NO_VALID_ADJACENT_EDGES: polygon=101,eligible_arcs=283,connection=32480,direction_or_position_arc=30638,discontinuous_arc=16170,short_or_residual_arc=4665: P2；UNRESOLVED_COMPETING_GEOMETRY: 存在无法排除的失败候选",frames/D/frame-000382.png,有（该检出）
383,C,"角点证据不足；corner/0/NO_VALID_ADJACENT_EDGES: polygon=72,eligible_arcs=550,connection=64477,corner_or_extension=1901,direction_or_position_arc=15724,discontinuous_arc=8214,short_or_residual_arc=3904: P2",frames/C/frame-000383.png,有（该检出）
384,C,"角点证据不足；corner/0/NO_VALID_ADJACENT_EDGES: polygon=30,eligible_arcs=52,direction_or_position_arc=4465,discontinuous_arc=1306,short_or_residual_arc=983: P1",frames/C/frame-000384.png,有（该检出）
394,C,"角点证据不足；corner/0/NO_VALID_ADJACENT_EDGES: polygon=97,eligible_arcs=388,connection=50184,direction_or_position_arc=25106,discontinuous_arc=15055,short_or_residual_arc=4183: P3",frames/C/frame-000394.png,有（该检出）
395,C,"角点证据不足；corner/0/NO_VALID_ADJACENT_EDGES: polygon=96,eligible_arcs=478,connection=82490,direction_or_position_arc=26562,discontinuous_arc=13728,short_or_residual_arc=6104: P2",frames/C/frame-000395.png,有（该检出）
408,C,"角点证据不足；corner/0/NO_VALID_ADJACENT_EDGES: polygon=74,eligible_arcs=398,connection=51354,direction_or_position_arc=13941,discontinuous_arc=9016,short_or_residual_arc=5037: P2",frames/C/frame-000408.png,有（该检出）
409,C,"角点证据不足；corner/0/NO_VALID_ADJACENT_EDGES: polygon=29,eligible_arcs=50,direction_or_position_arc=3466,discontinuous_arc=1398,short_or_residual_arc=636: P1",frames/C/frame-000409.png,有（该检出）
422,C,"角点证据不足；corner/0/NO_VALID_ADJACENT_EDGES: polygon=92,eligible_arcs=937,connection=159996,corner_or_extension=1476,direction_or_position_arc=23573,discontinuous_arc=14229,short_or_residual_arc=5151: P3",frames/C/frame-000422.png,有（该检出）
423,B,M/S 补全阶段未产出完整假设；assignment/0/INVALID_PARENT,frames/B/frame-000423.png,无（不该检出）
424,A,无几何假设；no valid geometry hypothesis generated,frames/A/frame-000424.png,无（不该检出）
425,A,无几何假设；no valid geometry hypothesis generated,frames/A/frame-000425.png,无（不该检出）
426,A,无几何假设；no valid geometry hypothesis generated,frames/A/frame-000426.png,无（不该检出）
427,A,无几何假设；no valid geometry hypothesis generated,frames/A/frame-000427.png,无（不该检出）
428,A,无几何假设；no valid geometry hypothesis generated,frames/A/frame-000428.png,无（不该检出）
429,A,无几何假设；no valid geometry hypothesis generated,frames/A/frame-000429.png,无（不该检出）
430,A,无几何假设；no valid geometry hypothesis generated,frames/A/frame-000430.png,无（不该检出）
431,A,无几何假设；no valid geometry hypothesis generated,frames/A/frame-000431.png,无（不该检出）
432,A,无几何假设；no valid geometry hypothesis generated,frames/A/frame-000432.png,无（不该检出）
433,A,无几何假设；no valid geometry hypothesis generated,frames/A/frame-000433.png,无（不该检出）
434,A,无几何假设；no valid geometry hypothesis generated,frames/A/frame-000434.png,无（不该检出）
435,A,无几何假设；no valid geometry hypothesis generated,frames/A/frame-000435.png,无（不该检出）
436,A,无几何假设；no valid geometry hypothesis generated,frames/A/frame-000436.png,无（不该检出）
437,A,无几何假设；no valid geometry hypothesis generated,frames/A/frame-000437.png,无（不该检出）
438,A,无几何假设；no valid geometry hypothesis generated,frames/A/frame-000438.png,无（不该检出）
439,A,无几何假设；no valid geometry hypothesis generated,frames/A/frame-000439.png,无（不该检出）
440,A,无几何假设；no valid geometry hypothesis generated,frames/A/frame-000440.png,无（不该检出）
441,A,无几何假设；no valid geometry hypothesis generated,frames/A/frame-000441.png,无（不该检出）
442,A,无几何假设；no valid geometry hypothesis generated,frames/A/frame-000442.png,无（不该检出）
443,A,无几何假设；no valid geometry hypothesis generated,frames/A/frame-000443.png,无（不该检出）
444,A,无几何假设；no valid geometry hypothesis generated,frames/A/frame-000444.png,无（不该检出）
445,A,无几何假设；no valid geometry hypothesis generated,frames/A/frame-000445.png,无（不该检出）
446,A,无几何假设；no valid geometry hypothesis generated,frames/A/frame-000446.png,无（不该检出）
447,A,无几何假设；no valid geometry hypothesis generated,frames/A/frame-000447.png,无（不该检出）
448,A,无几何假设；no valid geometry hypothesis generated,frames/A/frame-000448.png,无（不该检出）
449,A,无几何假设；no valid geometry hypothesis generated,frames/A/frame-000449.png,无（不该检出）
450,A,无几何假设；no valid geometry hypothesis generated,frames/A/frame-000450.png,无（不该检出）
451,A,无几何假设；no valid geometry hypothesis generated,frames/A/frame-000451.png,无（不该检出）
452,A,无几何假设；no valid geometry hypothesis generated,frames/A/frame-000452.png,无（不该检出）
453,A,无几何假设；no valid geometry hypothesis generated,frames/A/frame-000453.png,无（不该检出）
454,A,无几何假设；no valid geometry hypothesis generated,frames/A/frame-000454.png,无（不该检出）
455,A,无几何假设；no valid geometry hypothesis generated,frames/A/frame-000455.png,无（不该检出）
456,A,无几何假设；no valid geometry hypothesis generated,frames/A/frame-000456.png,无（不该检出）
457,A,无几何假设；no valid geometry hypothesis generated,frames/A/frame-000457.png,无（不该检出）
458,A,无几何假设；no valid geometry hypothesis generated,frames/A/frame-000458.png,无（不该检出）
459,A,无几何假设；no valid geometry hypothesis generated,frames/A/frame-000459.png,无（不该检出）
460,A,无几何假设；no valid geometry hypothesis generated,frames/A/frame-000460.png,无（不该检出）
461,A,无几何假设；no valid geometry hypothesis generated,frames/A/frame-000461.png,无（不该检出）
462,A,无几何假设；no valid geometry hypothesis generated,frames/A/frame-000462.png,无（不该检出）
463,A,无几何假设；no valid geometry hypothesis generated,frames/A/frame-000463.png,无（不该检出）
464,A,无几何假设；no valid geometry hypothesis generated,frames/A/frame-000464.png,无（不该检出）
465,A,无几何假设；no valid geometry hypothesis generated,frames/A/frame-000465.png,无（不该检出）
466,A,无几何假设；no valid geometry hypothesis generated,frames/A/frame-000466.png,无（不该检出）
467,A,无几何假设；no valid geometry hypothesis generated,frames/A/frame-000467.png,无（不该检出）
468,A,无几何假设；no valid geometry hypothesis generated,frames/A/frame-000468.png,无（不该检出）
469,A,无几何假设；no valid geometry hypothesis generated,frames/A/frame-000469.png,无（不该检出）
470,B,M/S 补全阶段未产出完整假设；assignment/0/INVALID_PARENT,frames/B/frame-000470.png,无（不该检出）
472,C,"角点证据不足；corner/0/NO_VALID_ADJACENT_EDGES: polygon=26,eligible_arcs=56,direction_or_position_arc=3206,discontinuous_arc=862,short_or_residual_arc=846: P1",frames/C/frame-000472.png,有（该检出）
478,C,"角点证据不足；corner/0/NO_VALID_ADJACENT_EDGES: polygon=71,eligible_arcs=400,connection=54462,direction_or_position_arc=13332,discontinuous_arc=8029,short_or_residual_arc=3999: P3",frames/C/frame-000478.png,有（该检出）
480,C,"角点证据不足；corner/0/NO_VALID_ADJACENT_EDGES: polygon=69,eligible_arcs=177,connection=15228,corner_or_extension=72,direction_or_position_arc=14308,discontinuous_arc=5941,short_or_residual_arc=5334: P2",frames/C/frame-000480.png,有（该检出）
511,C,"角点证据不足；corner/0/NO_VALID_ADJACENT_EDGES: polygon=100,eligible_arcs=906,connection=108346,corner_or_extension=984,direction_or_position_arc=25391,discontinuous_arc=16390,short_or_residual_arc=4619: P0",frames/C/frame-000511.png,有（该检出）
512,C,"角点证据不足；corner/0/NO_VALID_ADJACENT_EDGES: polygon=95,eligible_arcs=865,connection=156767,corner_or_extension=1521,direction_or_position_arc=26710,discontinuous_arc=15017,short_or_residual_arc=4714: P2",frames/C/frame-000512.png,有（该检出）
515,C,"角点证据不足；corner/0/NO_VALID_ADJACENT_EDGES: polygon=91,eligible_arcs=142,direction_or_position_arc=28326,discontinuous_arc=9297,short_or_residual_arc=5291: P2",frames/C/frame-000515.png,有（该检出）
533,C,"角点证据不足；corner/0/NO_VALID_ADJACENT_EDGES: polygon=45,eligible_arcs=45,connection=88,direction_or_position_arc=6921,discontinuous_arc=3012,short_or_residual_arc=1578: P1",frames/C/frame-000533.png,有（该检出）
538,C,"角点证据不足；corner/0/NO_VALID_ADJACENT_EDGES: polygon=80,eligible_arcs=621,connection=82840,direction_or_position_arc=16929,discontinuous_arc=9978,short_or_residual_arc=4692: P0",frames/C/frame-000538.png,有（该检出）
565,C,"角点证据不足；corner/0/NO_VALID_ADJACENT_EDGES: polygon=67,eligible_arcs=561,connection=76650,corner_or_extension=310,direction_or_position_arc=14294,discontinuous_arc=7206,short_or_residual_arc=3379: P2",frames/C/frame-000565.png,有（该检出）
579,C,"角点证据不足；corner/0/NO_VALID_ADJACENT_EDGES: polygon=31,eligible_arcs=45,connection=88,direction_or_position_arc=3858,discontinuous_arc=1358,short_or_residual_arc=1381: P1",frames/C/frame-000579.png,有（该检出）
610,C,"角点证据不足；corner/0/NO_VALID_ADJACENT_EDGES: polygon=32,eligible_arcs=46,connection=410,direction_or_position_arc=3034,discontinuous_arc=1526,short_or_residual_arc=1400: P1",frames/C/frame-000610.png,有（该检出）
614,C,"角点证据不足；corner/0/NO_VALID_ADJACENT_EDGES: polygon=84,eligible_arcs=765,connection=108490,corner_or_extension=1110,direction_or_position_arc=19130,discontinuous_arc=12248,short_or_residual_arc=4529: P0",frames/C/frame-000614.png,有（该检出）
620,C,"角点证据不足；corner/0/NO_VALID_ADJACENT_EDGES: polygon=113,eligible_arcs=470,connection=76650,direction_or_position_arc=33833,discontinuous_arc=21704,short_or_residual_arc=5249: P2",frames/C/frame-000620.png,有（该检出）
623,C,"角点证据不足；corner/0/NO_VALID_ADJACENT_EDGES: polygon=106,eligible_arcs=382,connection=70914,direction_or_position_arc=31668,discontinuous_arc=18957,short_or_residual_arc=4925: P0",frames/C/frame-000623.png,有（该检出）
635,C,"角点证据不足；corner/0/NO_VALID_ADJACENT_EDGES: polygon=88,eligible_arcs=857,connection=143352,corner_or_extension=2760,direction_or_position_arc=22208,discontinuous_arc=13137,short_or_residual_arc=4400: P2",frames/C/frame-000635.png,有（该检出）
648,D,"Path A 残留；corner/0/NO_VALID_ADJACENT_EDGES: polygon=28,eligible_arcs=63,connection=1840,direction_or_position_arc=3072,discontinuous_arc=1261,short_or_residual_arc=1006: P1",frames/D/frame-000648.png,有（该检出）
659,C,"角点证据不足；corner/0/NO_VALID_ADJACENT_EDGES: polygon=31,eligible_arcs=72,connection=1534,direction_or_position_arc=3180,discontinuous_arc=1404,short_or_residual_arc=1350: P1",frames/C/frame-000659.png,有（该检出）
661,C,"角点证据不足；corner/0/NO_VALID_ADJACENT_EDGES: polygon=32,eligible_arcs=49,direction_or_position_arc=4747,discontinuous_arc=1454,short_or_residual_arc=1232: P1",frames/C/frame-000661.png,有（该检出）
678,C,"角点证据不足；corner/0/NO_VALID_ADJACENT_EDGES: polygon=89,eligible_arcs=341,connection=28546,corner_or_extension=70,direction_or_position_arc=23101,discontinuous_arc=13385,short_or_residual_arc=2575: P3",frames/C/frame-000678.png,有（该检出）
679,C,"角点证据不足；corner/0/NO_VALID_ADJACENT_EDGES: polygon=74,eligible_arcs=680,connection=147150,direction_or_position_arc=14533,discontinuous_arc=8790,short_or_residual_arc=5409: P2",frames/C/frame-000679.png,有（该检出）
695,C,"角点证据不足；corner/0/NO_VALID_ADJACENT_EDGES: polygon=44,eligible_arcs=41,direction_or_position_arc=6934,discontinuous_arc=2781,short_or_residual_arc=1374: P1",frames/C/frame-000695.png,有（该检出）
704,C,"角点证据不足；corner/0/NO_VALID_ADJACENT_EDGES: polygon=37,eligible_arcs=63,direction_or_position_arc=4667,discontinuous_arc=2068,short_or_residual_arc=1574: P1",frames/C/frame-000704.png,有（该检出）
710,C,"角点证据不足；corner/0/NO_VALID_ADJACENT_EDGES: polygon=36,eligible_arcs=66,connection=256,direction_or_position_arc=5118,discontinuous_arc=1849,short_or_residual_arc=1339: P1",frames/C/frame-000710.png,有（该检出）
716,C,"角点证据不足；corner/0/NO_VALID_ADJACENT_EDGES: polygon=60,eligible_arcs=41,connection=80,direction_or_position_arc=9425,discontinuous_arc=3047,short_or_residual_arc=5309: P2",frames/C/frame-000716.png,有（该检出）
720,C,"角点证据不足；corner/0/NO_VALID_ADJACENT_EDGES: polygon=31,eligible_arcs=37,connection=72,direction_or_position_arc=3294,discontinuous_arc=1220,short_or_residual_arc=1455: P1",frames/C/frame-000720.png,有（该检出）
754,C,"角点证据不足；corner/0/NO_VALID_ADJACENT_EDGES: polygon=33,eligible_arcs=56,connection=510,direction_or_position_arc=3686,discontinuous_arc=1468,short_or_residual_arc=1270: P1",frames/C/frame-000754.png,有（该检出）
763,C,"角点证据不足；corner/0/NO_VALID_ADJACENT_EDGES: polygon=61,eligible_arcs=531,connection=81759,corner_or_extension=1081,direction_or_position_arc=13343,discontinuous_arc=5488,short_or_residual_arc=2988: P2",frames/C/frame-000763.png,有（该检出）
784,C,"角点证据不足；corner/0/NO_VALID_ADJACENT_EDGES: polygon=28,eligible_arcs=65,direction_or_position_arc=3484,discontinuous_arc=993,short_or_residual_arc=570: P1",frames/C/frame-000784.png,有（该检出）
801,B,M/S 补全阶段未产出完整假设；assignment/0/INVALID_PARENT,frames/B/frame-000801.png,无（不该检出）
802,B,M/S 补全阶段未产出完整假设；assignment/0/INVALID_PARENT,frames/B/frame-000802.png,无（不该检出）
803,A,无几何假设；no valid geometry hypothesis generated,frames/A/frame-000803.png,无（不该检出）
804,A,无几何假设；no valid geometry hypothesis generated,frames/A/frame-000804.png,无（不该检出）
805,A,无几何假设；no valid geometry hypothesis generated,frames/A/frame-000805.png,无（不该检出）
806,A,无几何假设；no valid geometry hypothesis generated,frames/A/frame-000806.png,无（不该检出）
807,A,无几何假设；no valid geometry hypothesis generated,frames/A/frame-000807.png,无（不该检出）
808,A,无几何假设；no valid geometry hypothesis generated,frames/A/frame-000808.png,无（不该检出）
809,A,无几何假设；no valid geometry hypothesis generated,frames/A/frame-000809.png,无（不该检出）
810,A,无几何假设；no valid geometry hypothesis generated,frames/A/frame-000810.png,无（不该检出）
811,A,无几何假设；no valid geometry hypothesis generated,frames/A/frame-000811.png,无（不该检出）
812,A,无几何假设；no valid geometry hypothesis generated,frames/A/frame-000812.png,无（不该检出）
813,A,无几何假设；no valid geometry hypothesis generated,frames/A/frame-000813.png,无（不该检出）
814,A,无几何假设；no valid geometry hypothesis generated,frames/A/frame-000814.png,无（不该检出）
815,A,无几何假设；no valid geometry hypothesis generated,frames/A/frame-000815.png,无（不该检出）
816,A,无几何假设；no valid geometry hypothesis generated,frames/A/frame-000816.png,无（不该检出）
817,A,无几何假设；no valid geometry hypothesis generated,frames/A/frame-000817.png,无（不该检出）
818,A,无几何假设；no valid geometry hypothesis generated,frames/A/frame-000818.png,无（不该检出）
819,A,无几何假设；no valid geometry hypothesis generated,frames/A/frame-000819.png,无（不该检出）
820,A,无几何假设；no valid geometry hypothesis generated,frames/A/frame-000820.png,无（不该检出）
821,A,无几何假设；no valid geometry hypothesis generated,frames/A/frame-000821.png,无（不该检出）
822,A,无几何假设；no valid geometry hypothesis generated,frames/A/frame-000822.png,无（不该检出）
823,A,无几何假设；no valid geometry hypothesis generated,frames/A/frame-000823.png,无（不该检出）
824,A,无几何假设；no valid geometry hypothesis generated,frames/A/frame-000824.png,无（不该检出）
825,A,无几何假设；no valid geometry hypothesis generated,frames/A/frame-000825.png,无（不该检出）
826,A,无几何假设；no valid geometry hypothesis generated,frames/A/frame-000826.png,无（不该检出）
827,A,无几何假设；no valid geometry hypothesis generated,frames/A/frame-000827.png,无（不该检出）
828,A,无几何假设；no valid geometry hypothesis generated,frames/A/frame-000828.png,无（不该检出）
829,A,无几何假设；no valid geometry hypothesis generated,frames/A/frame-000829.png,无（不该检出）
830,A,无几何假设；no valid geometry hypothesis generated,frames/A/frame-000830.png,无（不该检出）
831,A,无几何假设；no valid geometry hypothesis generated,frames/A/frame-000831.png,无（不该检出）
832,A,无几何假设；no valid geometry hypothesis generated,frames/A/frame-000832.png,无（不该检出）
833,A,无几何假设；no valid geometry hypothesis generated,frames/A/frame-000833.png,无（不该检出）
834,A,无几何假设；no valid geometry hypothesis generated,frames/A/frame-000834.png,无（不该检出）
835,A,无几何假设；no valid geometry hypothesis generated,frames/A/frame-000835.png,无（不该检出）
836,A,无几何假设；no valid geometry hypothesis generated,frames/A/frame-000836.png,无（不该检出）
837,A,无几何假设；no valid geometry hypothesis generated,frames/A/frame-000837.png,无（不该检出）
838,A,无几何假设；no valid geometry hypothesis generated,frames/A/frame-000838.png,无（不该检出）
839,A,无几何假设；no valid geometry hypothesis generated,frames/A/frame-000839.png,无（不该检出）
840,A,无几何假设；no valid geometry hypothesis generated,frames/A/frame-000840.png,无（不该检出）
841,A,无几何假设；no valid geometry hypothesis generated,frames/A/frame-000841.png,无（不该检出）
842,A,无几何假设；no valid geometry hypothesis generated,frames/A/frame-000842.png,无（不该检出）
843,A,无几何假设；no valid geometry hypothesis generated,frames/A/frame-000843.png,无（不该检出）
844,A,无几何假设；no valid geometry hypothesis generated,frames/A/frame-000844.png,无（不该检出）
845,A,无几何假设；no valid geometry hypothesis generated,frames/A/frame-000845.png,无（不该检出）
846,A,无几何假设；no valid geometry hypothesis generated,frames/A/frame-000846.png,无（不该检出）
847,A,无几何假设；no valid geometry hypothesis generated,frames/A/frame-000847.png,无（不该检出）
848,A,无几何假设；no valid geometry hypothesis generated,frames/A/frame-000848.png,无（不该检出）
849,A,无几何假设；no valid geometry hypothesis generated,frames/A/frame-000849.png,无（不该检出）
850,A,无几何假设；no valid geometry hypothesis generated,frames/A/frame-000850.png,无（不该检出）
851,A,无几何假设；no valid geometry hypothesis generated,frames/A/frame-000851.png,无（不该检出）
852,A,无几何假设；no valid geometry hypothesis generated,frames/A/frame-000852.png,无（不该检出）
853,A,无几何假设；no valid geometry hypothesis generated,frames/A/frame-000853.png,无（不该检出）
854,A,无几何假设；no valid geometry hypothesis generated,frames/A/frame-000854.png,无（不该检出）
855,A,无几何假设；no valid geometry hypothesis generated,frames/A/frame-000855.png,无（不该检出）
856,A,无几何假设；no valid geometry hypothesis generated,frames/A/frame-000856.png,无（不该检出）
857,A,无几何假设；no valid geometry hypothesis generated,frames/A/frame-000857.png,无（不该检出）
858,A,无几何假设；no valid geometry hypothesis generated,frames/A/frame-000858.png,无（不该检出）
859,A,无几何假设；no valid geometry hypothesis generated,frames/A/frame-000859.png,无（不该检出）
860,A,无几何假设；no valid geometry hypothesis generated,frames/A/frame-000860.png,无（不该检出）
861,A,无几何假设；no valid geometry hypothesis generated,frames/A/frame-000861.png,无（不该检出）
862,A,无几何假设；no valid geometry hypothesis generated,frames/A/frame-000862.png,无（不该检出）
863,A,无几何假设；no valid geometry hypothesis generated,frames/A/frame-000863.png,无（不该检出）
864,A,无几何假设；no valid geometry hypothesis generated,frames/A/frame-000864.png,无（不该检出）
865,A,无几何假设；no valid geometry hypothesis generated,frames/A/frame-000865.png,无（不该检出）
866,A,无几何假设；no valid geometry hypothesis generated,frames/A/frame-000866.png,无（不该检出）
867,A,无几何假设；no valid geometry hypothesis generated,frames/A/frame-000867.png,无（不该检出）
868,A,无几何假设；no valid geometry hypothesis generated,frames/A/frame-000868.png,无（不该检出）
869,A,无几何假设；no valid geometry hypothesis generated,frames/A/frame-000869.png,无（不该检出）
870,A,无几何假设；no valid geometry hypothesis generated,frames/A/frame-000870.png,无（不该检出）
871,A,无几何假设；no valid geometry hypothesis generated,frames/A/frame-000871.png,无（不该检出）
872,A,无几何假设；no valid geometry hypothesis generated,frames/A/frame-000872.png,无（不该检出）
873,A,无几何假设；no valid geometry hypothesis generated,frames/A/frame-000873.png,无（不该检出）
874,A,无几何假设；no valid geometry hypothesis generated,frames/A/frame-000874.png,无（不该检出）
875,A,无几何假设；no valid geometry hypothesis generated,frames/A/frame-000875.png,无（不该检出）
876,A,无几何假设；no valid geometry hypothesis generated,frames/A/frame-000876.png,无（不该检出）
877,A,无几何假设；no valid geometry hypothesis generated,frames/A/frame-000877.png,无（不该检出）
878,A,无几何假设；no valid geometry hypothesis generated,frames/A/frame-000878.png,无（不该检出）
879,A,无几何假设；no valid geometry hypothesis generated,frames/A/frame-000879.png,无（不该检出）
880,A,无几何假设；no valid geometry hypothesis generated,frames/A/frame-000880.png,无（不该检出）
881,A,无几何假设；no valid geometry hypothesis generated,frames/A/frame-000881.png,无（不该检出）
882,A,无几何假设；no valid geometry hypothesis generated,frames/A/frame-000882.png,无（不该检出）
883,A,无几何假设；no valid geometry hypothesis generated,frames/A/frame-000883.png,无（不该检出）
884,A,无几何假设；no valid geometry hypothesis generated,frames/A/frame-000884.png,无（不该检出）
885,A,无几何假设；no valid geometry hypothesis generated,frames/A/frame-000885.png,无（不该检出）
886,A,无几何假设；no valid geometry hypothesis generated,frames/A/frame-000886.png,无（不该检出）
887,A,无几何假设；no valid geometry hypothesis generated,frames/A/frame-000887.png,无（不该检出）
888,A,无几何假设；no valid geometry hypothesis generated,frames/A/frame-000888.png,无（不该检出）
889,A,无几何假设；no valid geometry hypothesis generated,frames/A/frame-000889.png,无（不该检出）
890,A,无几何假设；no valid geometry hypothesis generated,frames/A/frame-000890.png,无（不该检出）
891,A,无几何假设；no valid geometry hypothesis generated,frames/A/frame-000891.png,无（不该检出）
892,A,无几何假设；no valid geometry hypothesis generated,frames/A/frame-000892.png,无（不该检出）
893,A,无几何假设；no valid geometry hypothesis generated,frames/A/frame-000893.png,无（不该检出）
894,A,无几何假设；no valid geometry hypothesis generated,frames/A/frame-000894.png,无（不该检出）
895,A,无几何假设；no valid geometry hypothesis generated,frames/A/frame-000895.png,无（不该检出）
896,A,无几何假设；no valid geometry hypothesis generated,frames/A/frame-000896.png,无（不该检出）
897,A,无几何假设；no valid geometry hypothesis generated,frames/A/frame-000897.png,无（不该检出）
898,A,无几何假设；no valid geometry hypothesis generated,frames/A/frame-000898.png,无（不该检出）
899,A,无几何假设；no valid geometry hypothesis generated,frames/A/frame-000899.png,无（不该检出）
900,A,无几何假设；no valid geometry hypothesis generated,frames/A/frame-000900.png,无（不该检出）
901,A,无几何假设；no valid geometry hypothesis generated,frames/A/frame-000901.png,无（不该检出）
902,A,无几何假设；no valid geometry hypothesis generated,frames/A/frame-000902.png,无（不该检出）
903,A,无几何假设；no valid geometry hypothesis generated,frames/A/frame-000903.png,无（不该检出）
904,A,无几何假设；no valid geometry hypothesis generated,frames/A/frame-000904.png,无（不该检出）
905,A,无几何假设；no valid geometry hypothesis generated,frames/A/frame-000905.png,无（不该检出）
906,A,无几何假设；no valid geometry hypothesis generated,frames/A/frame-000906.png,无（不该检出）
907,A,无几何假设；no valid geometry hypothesis generated,frames/A/frame-000907.png,无（不该检出）
908,A,无几何假设；no valid geometry hypothesis generated,frames/A/frame-000908.png,无（不该检出）
909,A,无几何假设；no valid geometry hypothesis generated,frames/A/frame-000909.png,无（不该检出）
910,A,无几何假设；no valid geometry hypothesis generated,frames/A/frame-000910.png,无（不该检出）
911,A,无几何假设；no valid geometry hypothesis generated,frames/A/frame-000911.png,无（不该检出）
912,A,无几何假设；no valid geometry hypothesis generated,frames/A/frame-000912.png,无（不该检出）
913,A,无几何假设；no valid geometry hypothesis generated,frames/A/frame-000913.png,无（不该检出）
914,A,无几何假设；no valid geometry hypothesis generated,frames/A/frame-000914.png,无（不该检出）
915,A,无几何假设；no valid geometry hypothesis generated,frames/A/frame-000915.png,无（不该检出）
916,A,无几何假设；no valid geometry hypothesis generated,frames/A/frame-000916.png,无（不该检出）
917,A,无几何假设；no valid geometry hypothesis generated,frames/A/frame-000917.png,无（不该检出）
918,A,无几何假设；no valid geometry hypothesis generated,frames/A/frame-000918.png,无（不该检出）
919,A,无几何假设；no valid geometry hypothesis generated,frames/A/frame-000919.png,无（不该检出）
920,A,无几何假设；no valid geometry hypothesis generated,frames/A/frame-000920.png,无（不该检出）
921,A,无几何假设；no valid geometry hypothesis generated,frames/A/frame-000921.png,无（不该检出）
922,A,无几何假设；no valid geometry hypothesis generated,frames/A/frame-000922.png,无（不该检出）
923,A,无几何假设；no valid geometry hypothesis generated,frames/A/frame-000923.png,无（不该检出）
924,A,无几何假设；no valid geometry hypothesis generated,frames/A/frame-000924.png,无（不该检出）
925,A,无几何假设；no valid geometry hypothesis generated,frames/A/frame-000925.png,无（不该检出）
926,A,无几何假设；no valid geometry hypothesis generated,frames/A/frame-000926.png,无（不该检出）
927,A,无几何假设；no valid geometry hypothesis generated,frames/A/frame-000927.png,无（不该检出）
928,A,无几何假设；no valid geometry hypothesis generated,frames/A/frame-000928.png,无（不该检出）
929,A,无几何假设；no valid geometry hypothesis generated,frames/A/frame-000929.png,无（不该检出）
930,A,无几何假设；no valid geometry hypothesis generated,frames/A/frame-000930.png,无（不该检出）
931,A,无几何假设；no valid geometry hypothesis generated,frames/A/frame-000931.png,无（不该检出）
932,A,无几何假设；no valid geometry hypothesis generated,frames/A/frame-000932.png,无（不该检出）
933,A,无几何假设；no valid geometry hypothesis generated,frames/A/frame-000933.png,无（不该检出）
934,A,无几何假设；no valid geometry hypothesis generated,frames/A/frame-000934.png,无（不该检出）
935,A,无几何假设；no valid geometry hypothesis generated,frames/A/frame-000935.png,无（不该检出）
936,A,无几何假设；no valid geometry hypothesis generated,frames/A/frame-000936.png,无（不该检出）
937,A,无几何假设；no valid geometry hypothesis generated,frames/A/frame-000937.png,无（不该检出）
938,A,无几何假设；no valid geometry hypothesis generated,frames/A/frame-000938.png,无（不该检出）
939,A,无几何假设；no valid geometry hypothesis generated,frames/A/frame-000939.png,无（不该检出）
940,A,无几何假设；no valid geometry hypothesis generated,frames/A/frame-000940.png,无（不该检出）
941,A,无几何假设；no valid geometry hypothesis generated,frames/A/frame-000941.png,无（不该检出）
942,A,无几何假设；no valid geometry hypothesis generated,frames/A/frame-000942.png,无（不该检出）
943,A,无几何假设；no valid geometry hypothesis generated,frames/A/frame-000943.png,无（不该检出）
944,A,无几何假设；no valid geometry hypothesis generated,frames/A/frame-000944.png,无（不该检出）
945,A,无几何假设；no valid geometry hypothesis generated,frames/A/frame-000945.png,无（不该检出）
946,A,无几何假设；no valid geometry hypothesis generated,frames/A/frame-000946.png,无（不该检出）
947,A,无几何假设；no valid geometry hypothesis generated,frames/A/frame-000947.png,无（不该检出）
948,A,无几何假设；no valid geometry hypothesis generated,frames/A/frame-000948.png,无（不该检出）
949,A,无几何假设；no valid geometry hypothesis generated,frames/A/frame-000949.png,无（不该检出）
950,A,无几何假设；no valid geometry hypothesis generated,frames/A/frame-000950.png,无（不该检出）
951,A,无几何假设；no valid geometry hypothesis generated,frames/A/frame-000951.png,无（不该检出）
952,A,无几何假设；no valid geometry hypothesis generated,frames/A/frame-000952.png,无（不该检出）
953,A,无几何假设；no valid geometry hypothesis generated,frames/A/frame-000953.png,无（不该检出）
954,A,无几何假设；no valid geometry hypothesis generated,frames/A/frame-000954.png,无（不该检出）
955,A,无几何假设；no valid geometry hypothesis generated,frames/A/frame-000955.png,无（不该检出）
956,A,无几何假设；no valid geometry hypothesis generated,frames/A/frame-000956.png,无（不该检出）
957,A,无几何假设；no valid geometry hypothesis generated,frames/A/frame-000957.png,无（不该检出）
958,A,无几何假设；no valid geometry hypothesis generated,frames/A/frame-000958.png,无（不该检出）
959,A,无几何假设；no valid geometry hypothesis generated,frames/A/frame-000959.png,无（不该检出）
960,A,无几何假设；no valid geometry hypothesis generated,frames/A/frame-000960.png,无（不该检出）
961,A,无几何假设；no valid geometry hypothesis generated,frames/A/frame-000961.png,无（不该检出）
962,A,无几何假设；no valid geometry hypothesis generated,frames/A/frame-000962.png,无（不该检出）
963,A,无几何假设；no valid geometry hypothesis generated,frames/A/frame-000963.png,无（不该检出）
964,A,无几何假设；no valid geometry hypothesis generated,frames/A/frame-000964.png,无（不该检出）
965,A,无几何假设；no valid geometry hypothesis generated,frames/A/frame-000965.png,无（不该检出）
966,A,无几何假设；no valid geometry hypothesis generated,frames/A/frame-000966.png,无（不该检出）
967,A,无几何假设；no valid geometry hypothesis generated,frames/A/frame-000967.png,无（不该检出）
968,A,无几何假设；no valid geometry hypothesis generated,frames/A/frame-000968.png,无（不该检出）
969,A,无几何假设；no valid geometry hypothesis generated,frames/A/frame-000969.png,无（不该检出）
970,A,无几何假设；no valid geometry hypothesis generated,frames/A/frame-000970.png,无（不该检出）
971,B,M/S 补全阶段未产出完整假设；assignment/0/INVALID_PARENT,frames/B/frame-000971.png,无（不该检出）
984,C,"角点证据不足；corner/0/NO_VALID_ADJACENT_EDGES: polygon=64,eligible_arcs=600,connection=97836,corner_or_extension=1362,direction_or_position_arc=15579,discontinuous_arc=6512,short_or_residual_arc=2431: P2",frames/C/frame-000984.png,有（该检出）
1029,C,"角点证据不足；corner/0/NO_VALID_ADJACENT_EDGES: polygon=97,eligible_arcs=921,connection=132140,corner_or_extension=2420,direction_or_position_arc=26386,discontinuous_arc=15789,short_or_residual_arc=4646: P2",frames/C/frame-001029.png,有（该检出）
1039,C,"角点证据不足；corner/0/NO_VALID_ADJACENT_EDGES: polygon=47,eligible_arcs=280,connection=38318,direction_or_position_arc=7814,discontinuous_arc=2456,short_or_residual_arc=2332: P2",frames/C/frame-001039.png,有（该检出）
1041,C,"角点证据不足；corner/0/NO_VALID_ADJACENT_EDGES: polygon=48,eligible_arcs=247,connection=23892,direction_or_position_arc=8460,discontinuous_arc=3003,short_or_residual_arc=2570: P2",frames/C/frame-001041.png,有（该检出）
1043,C,"角点证据不足；corner/0/NO_VALID_ADJACENT_EDGES: polygon=70,eligible_arcs=905,connection=106336,corner_or_extension=1312,direction_or_position_arc=12715,discontinuous_arc=8209,short_or_residual_arc=4253: P2",frames/C/frame-001043.png,有（该检出）
1047,C,"角点证据不足；corner/0/NO_VALID_ADJACENT_EDGES: polygon=33,eligible_arcs=87,direction_or_position_arc=4917,discontinuous_arc=1396,short_or_residual_arc=1256: P1",frames/C/frame-001047.png,有（该检出）
1059,C,"角点证据不足；corner/0/NO_VALID_ADJACENT_EDGES: polygon=38,eligible_arcs=25,direction_or_position_arc=5477,discontinuous_arc=1927,short_or_residual_arc=943: P1",frames/C/frame-001059.png,有（该检出）
1062,C,"角点证据不足；corner/0/NO_VALID_ADJACENT_EDGES: polygon=82,eligible_arcs=427,connection=45260,direction_or_position_arc=18255,discontinuous_arc=10436,short_or_residual_arc=4922: P2",frames/C/frame-001062.png,有（该检出）
1098,C,"角点证据不足；corner/0/NO_VALID_ADJACENT_EDGES: polygon=60,eligible_arcs=426,connection=66576,corner_or_extension=400,direction_or_position_arc=12013,discontinuous_arc=5794,short_or_residual_arc=2937: P2",frames/C/frame-001098.png,有（该检出）
1108,D,"Path A 残留；corner/0/NO_VALID_ADJACENT_EDGES: polygon=99,eligible_arcs=589,connection=47960,direction_or_position_arc=26394,discontinuous_arc=16899,short_or_residual_arc=4298: P0",frames/D/frame-001108.png,有（该检出）
1111,C,"角点证据不足；corner/0/NO_VALID_ADJACENT_EDGES: polygon=35,eligible_arcs=57,direction_or_position_arc=5160,discontinuous_arc=1364,short_or_residual_arc=1429: P1",frames/C/frame-001111.png,有（该检出）
1122,C,"角点证据不足；corner/0/NO_VALID_ADJACENT_EDGES: polygon=57,eligible_arcs=127,connection=3924,direction_or_position_arc=11680,discontinuous_arc=3445,short_or_residual_arc=4208: P2",frames/C/frame-001122.png,有（该检出）
1132,C,"角点证据不足；corner/0/NO_VALID_ADJACENT_EDGES: polygon=91,eligible_arcs=1020,connection=239960,corner_or_extension=3472,direction_or_position_arc=25470,discontinuous_arc=14200,short_or_residual_arc=4892: P2",frames/C/frame-001132.png,有（该检出）
1150,C,"角点证据不足；corner/0/NO_VALID_ADJACENT_EDGES: polygon=47,eligible_arcs=74,connection=288,direction_or_position_arc=6296,discontinuous_arc=3315,short_or_residual_arc=1657: P1",frames/C/frame-001150.png,有（该检出）
1156,C,"角点证据不足；corner/0/NO_VALID_ADJACENT_EDGES: polygon=73,eligible_arcs=407,connection=30660,direction_or_position_arc=12656,discontinuous_arc=7699,short_or_residual_arc=5320: P2",frames/C/frame-001156.png,有（该检出）
1160,C,"角点证据不足；corner/0/NO_VALID_ADJACENT_EDGES: polygon=29,eligible_arcs=50,connection=192,direction_or_position_arc=3067,discontinuous_arc=1205,short_or_residual_arc=1080: P1",frames/C/frame-001160.png,有（该检出）
1212,B,M/S 补全阶段未产出完整假设；assignment/0/INVALID_PARENT,frames/B/frame-001212.png,无（不该检出）
1213,A,无几何假设；no valid geometry hypothesis generated,frames/A/frame-001213.png,无（不该检出）
1214,A,无几何假设；no valid geometry hypothesis generated,frames/A/frame-001214.png,无（不该检出）
1215,A,无几何假设；no valid geometry hypothesis generated,frames/A/frame-001215.png,无（不该检出）
1216,A,无几何假设；no valid geometry hypothesis generated,frames/A/frame-001216.png,无（不该检出）
1217,A,无几何假设；no valid geometry hypothesis generated,frames/A/frame-001217.png,无（不该检出）
1218,A,无几何假设；no valid geometry hypothesis generated,frames/A/frame-001218.png,无（不该检出）
1219,A,无几何假设；no valid geometry hypothesis generated,frames/A/frame-001219.png,无（不该检出）
1220,A,无几何假设；no valid geometry hypothesis generated,frames/A/frame-001220.png,无（不该检出）
1221,A,无几何假设；no valid geometry hypothesis generated,frames/A/frame-001221.png,无（不该检出）
1222,A,无几何假设；no valid geometry hypothesis generated,frames/A/frame-001222.png,无（不该检出）
1223,A,无几何假设；no valid geometry hypothesis generated,frames/A/frame-001223.png,无（不该检出）
1224,A,无几何假设；no valid geometry hypothesis generated,frames/A/frame-001224.png,无（不该检出）
1225,A,无几何假设；no valid geometry hypothesis generated,frames/A/frame-001225.png,无（不该检出）
1226,A,无几何假设；no valid geometry hypothesis generated,frames/A/frame-001226.png,无（不该检出）
1227,A,无几何假设；no valid geometry hypothesis generated,frames/A/frame-001227.png,无（不该检出）
1228,A,无几何假设；no valid geometry hypothesis generated,frames/A/frame-001228.png,无（不该检出）
1229,A,无几何假设；no valid geometry hypothesis generated,frames/A/frame-001229.png,无（不该检出）
1230,A,无几何假设；no valid geometry hypothesis generated,frames/A/frame-001230.png,无（不该检出）
1231,A,无几何假设；no valid geometry hypothesis generated,frames/A/frame-001231.png,无（不该检出）
1232,A,无几何假设；no valid geometry hypothesis generated,frames/A/frame-001232.png,无（不该检出）
1233,A,无几何假设；no valid geometry hypothesis generated,frames/A/frame-001233.png,无（不该检出）
1234,A,无几何假设；no valid geometry hypothesis generated,frames/A/frame-001234.png,无（不该检出）
1235,A,无几何假设；no valid geometry hypothesis generated,frames/A/frame-001235.png,无（不该检出）
1236,A,无几何假设；no valid geometry hypothesis generated,frames/A/frame-001236.png,无（不该检出）
1237,A,无几何假设；no valid geometry hypothesis generated,frames/A/frame-001237.png,无（不该检出）
1238,A,无几何假设；no valid geometry hypothesis generated,frames/A/frame-001238.png,无（不该检出）
1239,A,无几何假设；no valid geometry hypothesis generated,frames/A/frame-001239.png,无（不该检出）
1240,A,无几何假设；no valid geometry hypothesis generated,frames/A/frame-001240.png,无（不该检出）
1241,A,无几何假设；no valid geometry hypothesis generated,frames/A/frame-001241.png,无（不该检出）
1242,A,无几何假设；no valid geometry hypothesis generated,frames/A/frame-001242.png,无（不该检出）
1243,A,无几何假设；no valid geometry hypothesis generated,frames/A/frame-001243.png,无（不该检出）
1244,A,无几何假设；no valid geometry hypothesis generated,frames/A/frame-001244.png,无（不该检出）
1245,A,无几何假设；no valid geometry hypothesis generated,frames/A/frame-001245.png,无（不该检出）
1246,A,无几何假设；no valid geometry hypothesis generated,frames/A/frame-001246.png,无（不该检出）
1247,A,无几何假设；no valid geometry hypothesis generated,frames/A/frame-001247.png,无（不该检出）
1248,A,无几何假设；no valid geometry hypothesis generated,frames/A/frame-001248.png,无（不该检出）
1249,A,无几何假设；no valid geometry hypothesis generated,frames/A/frame-001249.png,无（不该检出）
1250,A,无几何假设；no valid geometry hypothesis generated,frames/A/frame-001250.png,无（不该检出）
1251,A,无几何假设；no valid geometry hypothesis generated,frames/A/frame-001251.png,无（不该检出）
1252,A,无几何假设；no valid geometry hypothesis generated,frames/A/frame-001252.png,无（不该检出）
1253,A,无几何假设；no valid geometry hypothesis generated,frames/A/frame-001253.png,无（不该检出）
1254,A,无几何假设；no valid geometry hypothesis generated,frames/A/frame-001254.png,无（不该检出）
1255,A,无几何假设；no valid geometry hypothesis generated,frames/A/frame-001255.png,无（不该检出）
1256,A,无几何假设；no valid geometry hypothesis generated,frames/A/frame-001256.png,无（不该检出）
1257,A,无几何假设；no valid geometry hypothesis generated,frames/A/frame-001257.png,无（不该检出）
1258,A,无几何假设；no valid geometry hypothesis generated,frames/A/frame-001258.png,无（不该检出）
1259,A,无几何假设；no valid geometry hypothesis generated,frames/A/frame-001259.png,无（不该检出）
1260,A,无几何假设；no valid geometry hypothesis generated,frames/A/frame-001260.png,无（不该检出）
1261,A,无几何假设；no valid geometry hypothesis generated,frames/A/frame-001261.png,无（不该检出）
1262,A,无几何假设；no valid geometry hypothesis generated,frames/A/frame-001262.png,无（不该检出）
1263,A,无几何假设；no valid geometry hypothesis generated,frames/A/frame-001263.png,无（不该检出）
1264,A,无几何假设；no valid geometry hypothesis generated,frames/A/frame-001264.png,无（不该检出）
1265,A,无几何假设；no valid geometry hypothesis generated,frames/A/frame-001265.png,无（不该检出）
1266,A,无几何假设；no valid geometry hypothesis generated,frames/A/frame-001266.png,无（不该检出）
1267,A,无几何假设；no valid geometry hypothesis generated,frames/A/frame-001267.png,无（不该检出）
1268,A,无几何假设；no valid geometry hypothesis generated,frames/A/frame-001268.png,无（不该检出）
1269,A,无几何假设；no valid geometry hypothesis generated,frames/A/frame-001269.png,无（不该检出）
1270,A,无几何假设；no valid geometry hypothesis generated,frames/A/frame-001270.png,无（不该检出）
1271,A,无几何假设；no valid geometry hypothesis generated,frames/A/frame-001271.png,无（不该检出）
1272,A,无几何假设；no valid geometry hypothesis generated,frames/A/frame-001272.png,无（不该检出）
1273,A,无几何假设；no valid geometry hypothesis generated,frames/A/frame-001273.png,无（不该检出）
1274,A,无几何假设；no valid geometry hypothesis generated,frames/A/frame-001274.png,无（不该检出）
1275,A,无几何假设；no valid geometry hypothesis generated,frames/A/frame-001275.png,无（不该检出）
1276,A,无几何假设；no valid geometry hypothesis generated,frames/A/frame-001276.png,无（不该检出）
1277,A,无几何假设；no valid geometry hypothesis generated,frames/A/frame-001277.png,无（不该检出）
1278,A,无几何假设；no valid geometry hypothesis generated,frames/A/frame-001278.png,无（不该检出）
1279,A,无几何假设；no valid geometry hypothesis generated,frames/A/frame-001279.png,无（不该检出）
1280,A,无几何假设；no valid geometry hypothesis generated,frames/A/frame-001280.png,无（不该检出）
1281,A,无几何假设；no valid geometry hypothesis generated,frames/A/frame-001281.png,无（不该检出）
1282,A,无几何假设；no valid geometry hypothesis generated,frames/A/frame-001282.png,无（不该检出）
1283,A,无几何假设；no valid geometry hypothesis generated,frames/A/frame-001283.png,无（不该检出）
1284,A,无几何假设；no valid geometry hypothesis generated,frames/A/frame-001284.png,无（不该检出）
1285,A,无几何假设；no valid geometry hypothesis generated,frames/A/frame-001285.png,无（不该检出）
1286,A,无几何假设；no valid geometry hypothesis generated,frames/A/frame-001286.png,无（不该检出）
1287,A,无几何假设；no valid geometry hypothesis generated,frames/A/frame-001287.png,无（不该检出）
1288,A,无几何假设；no valid geometry hypothesis generated,frames/A/frame-001288.png,无（不该检出）
1289,A,无几何假设；no valid geometry hypothesis generated,frames/A/frame-001289.png,无（不该检出）
1290,A,无几何假设；no valid geometry hypothesis generated,frames/A/frame-001290.png,无（不该检出）
1291,A,无几何假设；no valid geometry hypothesis generated,frames/A/frame-001291.png,无（不该检出）
1292,A,无几何假设；no valid geometry hypothesis generated,frames/A/frame-001292.png,无（不该检出）
1293,A,无几何假设；no valid geometry hypothesis generated,frames/A/frame-001293.png,无（不该检出）
1294,A,无几何假设；no valid geometry hypothesis generated,frames/A/frame-001294.png,无（不该检出）
1295,A,无几何假设；no valid geometry hypothesis generated,frames/A/frame-001295.png,无（不该检出）
1296,A,无几何假设；no valid geometry hypothesis generated,frames/A/frame-001296.png,无（不该检出）
1297,A,无几何假设；no valid geometry hypothesis generated,frames/A/frame-001297.png,无（不该检出）
1298,A,无几何假设；no valid geometry hypothesis generated,frames/A/frame-001298.png,无（不该检出）
1299,A,无几何假设；no valid geometry hypothesis generated,frames/A/frame-001299.png,无（不该检出）
1300,A,无几何假设；no valid geometry hypothesis generated,frames/A/frame-001300.png,无（不该检出）
1301,A,无几何假设；no valid geometry hypothesis generated,frames/A/frame-001301.png,无（不该检出）
1302,A,无几何假设；no valid geometry hypothesis generated,frames/A/frame-001302.png,无（不该检出）
1303,A,无几何假设；no valid geometry hypothesis generated,frames/A/frame-001303.png,无（不该检出）
1304,A,无几何假设；no valid geometry hypothesis generated,frames/A/frame-001304.png,无（不该检出）
1305,A,无几何假设；no valid geometry hypothesis generated,frames/A/frame-001305.png,无（不该检出）
1306,A,无几何假设；no valid geometry hypothesis generated,frames/A/frame-001306.png,无（不该检出）
1307,A,无几何假设；no valid geometry hypothesis generated,frames/A/frame-001307.png,无（不该检出）
1308,A,无几何假设；no valid geometry hypothesis generated,frames/A/frame-001308.png,无（不该检出）
1309,A,无几何假设；no valid geometry hypothesis generated,frames/A/frame-001309.png,无（不该检出）
1310,A,无几何假设；no valid geometry hypothesis generated,frames/A/frame-001310.png,无（不该检出）
1311,A,无几何假设；no valid geometry hypothesis generated,frames/A/frame-001311.png,无（不该检出）
1312,A,无几何假设；no valid geometry hypothesis generated,frames/A/frame-001312.png,无（不该检出）
1313,A,无几何假设；no valid geometry hypothesis generated,frames/A/frame-001313.png,无（不该检出）
1314,A,无几何假设；no valid geometry hypothesis generated,frames/A/frame-001314.png,无（不该检出）
1315,A,无几何假设；no valid geometry hypothesis generated,frames/A/frame-001315.png,无（不该检出）
1316,A,无几何假设；no valid geometry hypothesis generated,frames/A/frame-001316.png,无（不该检出）
1317,A,无几何假设；no valid geometry hypothesis generated,frames/A/frame-001317.png,无（不该检出）
1318,A,无几何假设；no valid geometry hypothesis generated,frames/A/frame-001318.png,无（不该检出）
1319,A,无几何假设；no valid geometry hypothesis generated,frames/A/frame-001319.png,无（不该检出）
1320,A,无几何假设；no valid geometry hypothesis generated,frames/A/frame-001320.png,无（不该检出）
1321,A,无几何假设；no valid geometry hypothesis generated,frames/A/frame-001321.png,无（不该检出）
1322,A,无几何假设；no valid geometry hypothesis generated,frames/A/frame-001322.png,无（不该检出）
1323,A,无几何假设；no valid geometry hypothesis generated,frames/A/frame-001323.png,无（不该检出）
1324,A,无几何假设；no valid geometry hypothesis generated,frames/A/frame-001324.png,无（不该检出）
1325,A,无几何假设；no valid geometry hypothesis generated,frames/A/frame-001325.png,无（不该检出）
1326,A,无几何假设；no valid geometry hypothesis generated,frames/A/frame-001326.png,无（不该检出）
1327,A,无几何假设；no valid geometry hypothesis generated,frames/A/frame-001327.png,无（不该检出）
1328,A,无几何假设；no valid geometry hypothesis generated,frames/A/frame-001328.png,无（不该检出）
1329,A,无几何假设；no valid geometry hypothesis generated,frames/A/frame-001329.png,无（不该检出）
1330,A,无几何假设；no valid geometry hypothesis generated,frames/A/frame-001330.png,无（不该检出）
1331,A,无几何假设；no valid geometry hypothesis generated,frames/A/frame-001331.png,无（不该检出）
1332,A,无几何假设；no valid geometry hypothesis generated,frames/A/frame-001332.png,无（不该检出）
1333,A,无几何假设；no valid geometry hypothesis generated,frames/A/frame-001333.png,无（不该检出）
1334,A,无几何假设；no valid geometry hypothesis generated,frames/A/frame-001334.png,无（不该检出）
1335,A,无几何假设；no valid geometry hypothesis generated,frames/A/frame-001335.png,无（不该检出）
1336,A,无几何假设；no valid geometry hypothesis generated,frames/A/frame-001336.png,无（不该检出）
1337,A,无几何假设；no valid geometry hypothesis generated,frames/A/frame-001337.png,无（不该检出）
1338,A,无几何假设；no valid geometry hypothesis generated,frames/A/frame-001338.png,无（不该检出）
1339,A,无几何假设；no valid geometry hypothesis generated,frames/A/frame-001339.png,无（不该检出）
1340,A,无几何假设；no valid geometry hypothesis generated,frames/A/frame-001340.png,无（不该检出）
1341,A,无几何假设；no valid geometry hypothesis generated,frames/A/frame-001341.png,无（不该检出）
1342,A,无几何假设；no valid geometry hypothesis generated,frames/A/frame-001342.png,无（不该检出）
1343,A,无几何假设；no valid geometry hypothesis generated,frames/A/frame-001343.png,无（不该检出）
1344,A,无几何假设；no valid geometry hypothesis generated,frames/A/frame-001344.png,无（不该检出）
1345,A,无几何假设；no valid geometry hypothesis generated,frames/A/frame-001345.png,无（不该检出）
1346,A,无几何假设；no valid geometry hypothesis generated,frames/A/frame-001346.png,无（不该检出）
1347,A,无几何假设；no valid geometry hypothesis generated,frames/A/frame-001347.png,无（不该检出）
1348,A,无几何假设；no valid geometry hypothesis generated,frames/A/frame-001348.png,无（不该检出）
1349,A,无几何假设；no valid geometry hypothesis generated,frames/A/frame-001349.png,无（不该检出）
1350,A,无几何假设；no valid geometry hypothesis generated,frames/A/frame-001350.png,无（不该检出）
1351,A,无几何假设；no valid geometry hypothesis generated,frames/A/frame-001351.png,无（不该检出）
1352,A,无几何假设；no valid geometry hypothesis generated,frames/A/frame-001352.png,无（不该检出）
1353,A,无几何假设；no valid geometry hypothesis generated,frames/A/frame-001353.png,无（不该检出）
1354,A,无几何假设；no valid geometry hypothesis generated,frames/A/frame-001354.png,无（不该检出）
1355,A,无几何假设；no valid geometry hypothesis generated,frames/A/frame-001355.png,无（不该检出）
1356,A,无几何假设；no valid geometry hypothesis generated,frames/A/frame-001356.png,无（不该检出）
1357,A,无几何假设；no valid geometry hypothesis generated,frames/A/frame-001357.png,无（不该检出）
1358,A,无几何假设；no valid geometry hypothesis generated,frames/A/frame-001358.png,无（不该检出）
1359,A,无几何假设；no valid geometry hypothesis generated,frames/A/frame-001359.png,无（不该检出）
1360,A,无几何假设；no valid geometry hypothesis generated,frames/A/frame-001360.png,无（不该检出）
1361,A,无几何假设；no valid geometry hypothesis generated,frames/A/frame-001361.png,无（不该检出）
1362,A,无几何假设；no valid geometry hypothesis generated,frames/A/frame-001362.png,无（不该检出）
1363,A,无几何假设；no valid geometry hypothesis generated,frames/A/frame-001363.png,无（不该检出）
1364,A,无几何假设；no valid geometry hypothesis generated,frames/A/frame-001364.png,无（不该检出）
1365,A,无几何假设；no valid geometry hypothesis generated,frames/A/frame-001365.png,无（不该检出）
1366,A,无几何假设；no valid geometry hypothesis generated,frames/A/frame-001366.png,无（不该检出）
1367,A,无几何假设；no valid geometry hypothesis generated,frames/A/frame-001367.png,无（不该检出）
1368,A,无几何假设；no valid geometry hypothesis generated,frames/A/frame-001368.png,无（不该检出）
1369,A,无几何假设；no valid geometry hypothesis generated,frames/A/frame-001369.png,无（不该检出）
1370,A,无几何假设；no valid geometry hypothesis generated,frames/A/frame-001370.png,无（不该检出）
1371,A,无几何假设；no valid geometry hypothesis generated,frames/A/frame-001371.png,无（不该检出）
1372,A,无几何假设；no valid geometry hypothesis generated,frames/A/frame-001372.png,无（不该检出）
1373,A,无几何假设；no valid geometry hypothesis generated,frames/A/frame-001373.png,无（不该检出）
1374,A,无几何假设；no valid geometry hypothesis generated,frames/A/frame-001374.png,无（不该检出）
1375,A,无几何假设；no valid geometry hypothesis generated,frames/A/frame-001375.png,无（不该检出）
1376,A,无几何假设；no valid geometry hypothesis generated,frames/A/frame-001376.png,无（不该检出）
1377,A,无几何假设；no valid geometry hypothesis generated,frames/A/frame-001377.png,无（不该检出）
1378,A,无几何假设；no valid geometry hypothesis generated,frames/A/frame-001378.png,无（不该检出）
1379,A,无几何假设；no valid geometry hypothesis generated,frames/A/frame-001379.png,无（不该检出）
1380,A,无几何假设；no valid geometry hypothesis generated,frames/A/frame-001380.png,无（不该检出）
1381,A,无几何假设；no valid geometry hypothesis generated,frames/A/frame-001381.png,无（不该检出）
1382,A,无几何假设；no valid geometry hypothesis generated,frames/A/frame-001382.png,无（不该检出）
1383,A,无几何假设；no valid geometry hypothesis generated,frames/A/frame-001383.png,无（不该检出）
1384,A,无几何假设；no valid geometry hypothesis generated,frames/A/frame-001384.png,无（不该检出）
1385,A,无几何假设；no valid geometry hypothesis generated,frames/A/frame-001385.png,无（不该检出）
1386,A,无几何假设；no valid geometry hypothesis generated,frames/A/frame-001386.png,无（不该检出）
1387,A,无几何假设；no valid geometry hypothesis generated,frames/A/frame-001387.png,无（不该检出）
1388,A,无几何假设；no valid geometry hypothesis generated,frames/A/frame-001388.png,无（不该检出）
1389,A,无几何假设；no valid geometry hypothesis generated,frames/A/frame-001389.png,无（不该检出）
1390,A,无几何假设；no valid geometry hypothesis generated,frames/A/frame-001390.png,无（不该检出）
1391,B,M/S 补全阶段未产出完整假设；assignment/0/INVALID_PARENT,frames/B/frame-001391.png,无（不该检出）
1392,B,M/S 补全阶段未产出完整假设；assignment/0/INVALID_PARENT,frames/B/frame-001392.png,无（不该检出）
1399,C,"角点证据不足；corner/0/NO_VALID_ADJACENT_EDGES: polygon=33,eligible_arcs=28,direction_or_position_arc=4956,discontinuous_arc=1708,short_or_residual_arc=1140: P1",frames/C/frame-001399.png,有（该检出）
1406,C,"角点证据不足；corner/0/NO_VALID_ADJACENT_EDGES: polygon=39,eligible_arcs=71,direction_or_position_arc=5997,discontinuous_arc=2226,short_or_residual_arc=1212: P1",frames/C/frame-001406.png,有（该检出）
1414,C,"角点证据不足；corner/0/NO_VALID_ADJACENT_EDGES: polygon=43,eligible_arcs=42,direction_or_position_arc=6666,discontinuous_arc=2468,short_or_residual_arc=1536: P1",frames/C/frame-001414.png,有（该检出）
1442,C,"角点证据不足；corner/0/NO_VALID_ADJACENT_EDGES: polygon=37,eligible_arcs=26,connection=50,direction_or_position_arc=4954,discontinuous_arc=1974,short_or_residual_arc=1236: P1",frames/C/frame-001442.png,有（该检出）
1455,C,"角点证据不足；corner/0/NO_VALID_ADJACENT_EDGES: polygon=38,eligible_arcs=62,direction_or_position_arc=5920,discontinuous_arc=2279,short_or_residual_arc=1051: P1",frames/C/frame-001455.png,有（该检出）
1462,C,"角点证据不足；corner/0/NO_VALID_ADJACENT_EDGES: polygon=71,eligible_arcs=824,connection=94471,corner_or_extension=1415,direction_or_position_arc=13452,discontinuous_arc=8702,short_or_residual_arc=4412: P2",frames/C/frame-001462.png,有（该检出）
1488,C,"角点证据不足；corner/0/NO_VALID_ADJACENT_EDGES: polygon=37,eligible_arcs=53,connection=1260,direction_or_position_arc=4465,discontinuous_arc=2089,short_or_residual_arc=1403: P1",frames/C/frame-001488.png,有（该检出）
1489,C,"角点证据不足；corner/0/NO_VALID_ADJACENT_EDGES: polygon=37,eligible_arcs=53,connection=1260,direction_or_position_arc=4465,discontinuous_arc=2089,short_or_residual_arc=1403: P1",frames/C/frame-001489.png,有（该检出）
1490,C,"角点证据不足；corner/0/NO_VALID_ADJACENT_EDGES: polygon=31,eligible_arcs=37,connection=140,direction_or_position_arc=3878,discontinuous_arc=1467,short_or_residual_arc=1098: P1",frames/C/frame-001490.png,有（该检出）
1491,C,"角点证据不足；corner/0/NO_VALID_ADJACENT_EDGES: polygon=31,eligible_arcs=37,connection=140,direction_or_position_arc=3878,discontinuous_arc=1467,short_or_residual_arc=1098: P1",frames/C/frame-001491.png,有（该检出）
1500,C,"角点证据不足；corner/0/NO_VALID_ADJACENT_EDGES: polygon=32,eligible_arcs=36,connection=70,direction_or_position_arc=3378,discontinuous_arc=1426,short_or_residual_arc=1322: P1",frames/C/frame-001500.png,有（该检出）
1528,C,"角点证据不足；corner/0/NO_VALID_ADJACENT_EDGES: polygon=36,eligible_arcs=51,direction_or_position_arc=5329,discontinuous_arc=1360,short_or_residual_arc=1270: P1",frames/C/frame-001528.png,有（该检出）
1536,C,"角点证据不足；corner/0/NO_VALID_ADJACENT_EDGES: polygon=32,eligible_arcs=32,direction_or_position_arc=4153,discontinuous_arc=1512,short_or_residual_arc=1109: P1",frames/C/frame-001536.png,有（该检出）
1552,C,"角点证据不足；corner/0/NO_VALID_ADJACENT_EDGES: polygon=45,eligible_arcs=33,direction_or_position_arc=6520,discontinuous_arc=3114,short_or_residual_arc=1463: P1",frames/C/frame-001552.png,有（该检出）
1573,D,"Path A 残留；corner/0/NO_VALID_ADJACENT_EDGES: polygon=43,eligible_arcs=84,connection=3526,direction_or_position_arc=5669,discontinuous_arc=2834,short_or_residual_arc=1313: P1",frames/D/frame-001573.png,有（该检出）
1576,B,M/S 补全阶段未产出完整假设；assignment/0/INVALID_PARENT,frames/B/frame-001576.png,无（不该检出）
1577,B,M/S 补全阶段未产出完整假设；assignment/0/INVALID_PARENT,frames/B/frame-001577.png,无（不该检出）
1578,A,无几何假设；no valid geometry hypothesis generated,frames/A/frame-001578.png,无（不该检出）
1579,A,无几何假设；no valid geometry hypothesis generated,frames/A/frame-001579.png,无（不该检出）
1580,A,无几何假设；no valid geometry hypothesis generated,frames/A/frame-001580.png,无（不该检出）
1581,A,无几何假设；no valid geometry hypothesis generated,frames/A/frame-001581.png,无（不该检出）
1582,A,无几何假设；no valid geometry hypothesis generated,frames/A/frame-001582.png,无（不该检出）
1583,A,无几何假设；no valid geometry hypothesis generated,frames/A/frame-001583.png,无（不该检出）
1584,A,无几何假设；no valid geometry hypothesis generated,frames/A/frame-001584.png,无（不该检出）
1585,A,无几何假设；no valid geometry hypothesis generated,frames/A/frame-001585.png,无（不该检出）
1586,A,无几何假设；no valid geometry hypothesis generated,frames/A/frame-001586.png,无（不该检出）
1587,A,无几何假设；no valid geometry hypothesis generated,frames/A/frame-001587.png,无（不该检出）
1588,A,无几何假设；no valid geometry hypothesis generated,frames/A/frame-001588.png,无（不该检出）
1589,A,无几何假设；no valid geometry hypothesis generated,frames/A/frame-001589.png,无（不该检出）
1590,A,无几何假设；no valid geometry hypothesis generated,frames/A/frame-001590.png,无（不该检出）
1591,A,无几何假设；no valid geometry hypothesis generated,frames/A/frame-001591.png,无（不该检出）
1592,A,无几何假设；no valid geometry hypothesis generated,frames/A/frame-001592.png,无（不该检出）
1593,A,无几何假设；no valid geometry hypothesis generated,frames/A/frame-001593.png,无（不该检出）
1594,A,无几何假设；no valid geometry hypothesis generated,frames/A/frame-001594.png,无（不该检出）
1595,A,无几何假设；no valid geometry hypothesis generated,frames/A/frame-001595.png,无（不该检出）
1596,A,无几何假设；no valid geometry hypothesis generated,frames/A/frame-001596.png,无（不该检出）
1597,A,无几何假设；no valid geometry hypothesis generated,frames/A/frame-001597.png,无（不该检出）
1598,A,无几何假设；no valid geometry hypothesis generated,frames/A/frame-001598.png,无（不该检出）
1599,A,无几何假设；no valid geometry hypothesis generated,frames/A/frame-001599.png,无（不该检出）
1600,A,无几何假设；no valid geometry hypothesis generated,frames/A/frame-001600.png,无（不该检出）
1601,A,无几何假设；no valid geometry hypothesis generated,frames/A/frame-001601.png,无（不该检出）
1602,A,无几何假设；no valid geometry hypothesis generated,frames/A/frame-001602.png,无（不该检出）
1603,A,无几何假设；no valid geometry hypothesis generated,frames/A/frame-001603.png,无（不该检出）
1604,A,无几何假设；no valid geometry hypothesis generated,frames/A/frame-001604.png,无（不该检出）
1605,A,无几何假设；no valid geometry hypothesis generated,frames/A/frame-001605.png,无（不该检出）
1606,A,无几何假设；no valid geometry hypothesis generated,frames/A/frame-001606.png,无（不该检出）
1607,A,无几何假设；no valid geometry hypothesis generated,frames/A/frame-001607.png,无（不该检出）
1608,A,无几何假设；no valid geometry hypothesis generated,frames/A/frame-001608.png,无（不该检出）
1609,A,无几何假设；no valid geometry hypothesis generated,frames/A/frame-001609.png,无（不该检出）
1610,A,无几何假设；no valid geometry hypothesis generated,frames/A/frame-001610.png,无（不该检出）
1611,A,无几何假设；no valid geometry hypothesis generated,frames/A/frame-001611.png,无（不该检出）
1612,A,无几何假设；no valid geometry hypothesis generated,frames/A/frame-001612.png,无（不该检出）
1613,A,无几何假设；no valid geometry hypothesis generated,frames/A/frame-001613.png,无（不该检出）
1614,A,无几何假设；no valid geometry hypothesis generated,frames/A/frame-001614.png,无（不该检出）
1615,A,无几何假设；no valid geometry hypothesis generated,frames/A/frame-001615.png,无（不该检出）
1616,A,无几何假设；no valid geometry hypothesis generated,frames/A/frame-001616.png,无（不该检出）
1617,A,无几何假设；no valid geometry hypothesis generated,frames/A/frame-001617.png,无（不该检出）
1618,A,无几何假设；no valid geometry hypothesis generated,frames/A/frame-001618.png,无（不该检出）
1619,A,无几何假设；no valid geometry hypothesis generated,frames/A/frame-001619.png,无（不该检出）
1620,A,无几何假设；no valid geometry hypothesis generated,frames/A/frame-001620.png,无（不该检出）
1621,A,无几何假设；no valid geometry hypothesis generated,frames/A/frame-001621.png,无（不该检出）
1622,A,无几何假设；no valid geometry hypothesis generated,frames/A/frame-001622.png,无（不该检出）
1623,A,无几何假设；no valid geometry hypothesis generated,frames/A/frame-001623.png,无（不该检出）
1624,A,无几何假设；no valid geometry hypothesis generated,frames/A/frame-001624.png,无（不该检出）
1625,A,无几何假设；no valid geometry hypothesis generated,frames/A/frame-001625.png,无（不该检出）
1626,A,无几何假设；no valid geometry hypothesis generated,frames/A/frame-001626.png,无（不该检出）
1627,A,无几何假设；no valid geometry hypothesis generated,frames/A/frame-001627.png,无（不该检出）
1628,A,无几何假设；no valid geometry hypothesis generated,frames/A/frame-001628.png,无（不该检出）
1629,A,无几何假设；no valid geometry hypothesis generated,frames/A/frame-001629.png,无（不该检出）
1630,A,无几何假设；no valid geometry hypothesis generated,frames/A/frame-001630.png,无（不该检出）
1631,A,无几何假设；no valid geometry hypothesis generated,frames/A/frame-001631.png,无（不该检出）
1632,A,无几何假设；no valid geometry hypothesis generated,frames/A/frame-001632.png,无（不该检出）
1633,A,无几何假设；no valid geometry hypothesis generated,frames/A/frame-001633.png,无（不该检出）
1634,A,无几何假设；no valid geometry hypothesis generated,frames/A/frame-001634.png,无（不该检出）
1635,A,无几何假设；no valid geometry hypothesis generated,frames/A/frame-001635.png,无（不该检出）
1636,A,无几何假设；no valid geometry hypothesis generated,frames/A/frame-001636.png,无（不该检出）
1637,A,无几何假设；no valid geometry hypothesis generated,frames/A/frame-001637.png,无（不该检出）
1638,A,无几何假设；no valid geometry hypothesis generated,frames/A/frame-001638.png,无（不该检出）
1639,A,无几何假设；no valid geometry hypothesis generated,frames/A/frame-001639.png,无（不该检出）
1640,A,无几何假设；no valid geometry hypothesis generated,frames/A/frame-001640.png,无（不该检出）
1641,A,无几何假设；no valid geometry hypothesis generated,frames/A/frame-001641.png,无（不该检出）
1642,A,无几何假设；no valid geometry hypothesis generated,frames/A/frame-001642.png,无（不该检出）
1643,A,无几何假设；no valid geometry hypothesis generated,frames/A/frame-001643.png,无（不该检出）
1644,A,无几何假设；no valid geometry hypothesis generated,frames/A/frame-001644.png,无（不该检出）
1645,A,无几何假设；no valid geometry hypothesis generated,frames/A/frame-001645.png,无（不该检出）
1646,A,无几何假设；no valid geometry hypothesis generated,frames/A/frame-001646.png,无（不该检出）
1647,A,无几何假设；no valid geometry hypothesis generated,frames/A/frame-001647.png,无（不该检出）
1648,A,无几何假设；no valid geometry hypothesis generated,frames/A/frame-001648.png,无（不该检出）
1649,A,无几何假设；no valid geometry hypothesis generated,frames/A/frame-001649.png,无（不该检出）
1650,A,无几何假设；no valid geometry hypothesis generated,frames/A/frame-001650.png,无（不该检出）
1651,A,无几何假设；no valid geometry hypothesis generated,frames/A/frame-001651.png,无（不该检出）
1652,A,无几何假设；no valid geometry hypothesis generated,frames/A/frame-001652.png,无（不该检出）
1653,A,无几何假设；no valid geometry hypothesis generated,frames/A/frame-001653.png,无（不该检出）
1654,A,无几何假设；no valid geometry hypothesis generated,frames/A/frame-001654.png,无（不该检出）
1655,A,无几何假设；no valid geometry hypothesis generated,frames/A/frame-001655.png,无（不该检出）
1656,A,无几何假设；no valid geometry hypothesis generated,frames/A/frame-001656.png,无（不该检出）
1657,A,无几何假设；no valid geometry hypothesis generated,frames/A/frame-001657.png,无（不该检出）
1658,A,无几何假设；no valid geometry hypothesis generated,frames/A/frame-001658.png,无（不该检出）
1659,A,无几何假设；no valid geometry hypothesis generated,frames/A/frame-001659.png,无（不该检出）
1660,A,无几何假设；no valid geometry hypothesis generated,frames/A/frame-001660.png,无（不该检出）
1661,A,无几何假设；no valid geometry hypothesis generated,frames/A/frame-001661.png,无（不该检出）
1662,B,M/S 补全阶段未产出完整假设；assignment/0/INVALID_PARENT,frames/B/frame-001662.png,无（不该检出）
1663,B,M/S 补全阶段未产出完整假设；assignment/0/INVALID_PARENT,frames/B/frame-001663.png,无（不该检出）
1666,C,"角点证据不足；corner/0/NO_VALID_ADJACENT_EDGES: polygon=36,eligible_arcs=40,direction_or_position_arc=4487,discontinuous_arc=1827,short_or_residual_arc=1302: P1",frames/C/frame-001666.png,有（该检出）
1669,C,"角点证据不足；corner/0/NO_VALID_ADJACENT_EDGES: polygon=37,eligible_arcs=31,connection=168,direction_or_position_arc=5302,discontinuous_arc=2122,short_or_residual_arc=1287: P1",frames/C/frame-001669.png,有（该检出）
1673,C,"角点证据不足；corner/0/NO_VALID_ADJACENT_EDGES: polygon=47,eligible_arcs=62,connection=570,direction_or_position_arc=6916,discontinuous_arc=3199,short_or_residual_arc=2033: P1",frames/C/frame-001673.png,有（该检出）
