帧号,类别,人工结论,首个失败候选,首个失败角,组件ID,基线拒绝机制,根因分组,原预算指定边弧数量,原预算进入交点检查的边对数,只调整残差0.75的整帧检出,残差0.75位置9.5的整帧检出,四角合格候选数,图片路径,原始失败原因
4,C,有（该检出）,0,P2,0,进入交点检查后被延伸/交点预算拒绝,R1：残差预算单独放宽即可恢复,"[365, 63, 0]",1187,True,True,1,frames/C/frame-000004.png,"corner/0/NO_VALID_ADJACENT_EDGES: polygon=71,eligible_arcs=428,connection=44803,corner_or_extension=1187,direction_or_position_arc=17712,discontinuous_arc=7678,short_or_residual_arc=3594: P2"
7,C,有（该检出）,0,P2,0,两种边均有候选但连接预算全部拒绝,R1：残差预算单独放宽即可恢复,"[421, 94, 0]",0,True,True,1,frames/C/frame-000007.png,"corner/0/NO_VALID_ADJACENT_EDGES: polygon=105,eligible_arcs=515,connection=79148,direction_or_position_arc=30393,discontinuous_arc=18132,short_or_residual_arc=5482: P2"
14,C,有（该检出）,0,P0,5,两种边均有候选但连接预算全部拒绝,R1：残差预算单独放宽即可恢复,"[481, 104, 0]",0,True,True,1,frames/C/frame-000014.png,"corner/0/NO_VALID_ADJACENT_EDGES: polygon=114,eligible_arcs=585,connection=100048,direction_or_position_arc=32036,discontinuous_arc=20642,short_or_residual_arc=5543: P0"
17,C,有（该检出）,0,P2,0,两种边均有候选但连接预算全部拒绝,R1：残差预算单独放宽即可恢复,"[221, 76, 0]",0,True,True,1,frames/C/frame-000017.png,"corner/0/NO_VALID_ADJACENT_EDGES: polygon=76,eligible_arcs=297,connection=33592,direction_or_position_arc=16312,discontinuous_arc=8745,short_or_residual_arc=5446: P2"
21,C,有（该检出）,0,P1,3,缺少一种指定边的合格支持弧,R1：残差预算单独放宽即可恢复,"[68, 0, 0]",0,True,True,1,frames/C/frame-000021.png,"corner/0/NO_VALID_ADJACENT_EDGES: polygon=32,eligible_arcs=68,direction_or_position_arc=4405,discontinuous_arc=1119,short_or_residual_arc=1380: P1"
22,C,有（该检出）,0,P2,0,两种边均有候选但连接预算全部拒绝,R1：残差预算单独放宽即可恢复,"[265, 81, 0]",0,True,True,1,frames/C/frame-000022.png,"corner/0/NO_VALID_ADJACENT_EDGES: polygon=73,eligible_arcs=346,connection=42930,direction_or_position_arc=13716,discontinuous_arc=7862,short_or_residual_arc=5136: P2"
25,C,有（该检出）,0,P2,0,两种边均有候选但连接预算全部拒绝,R1：残差预算单独放宽即可恢复,"[265, 108, 0]",0,True,True,1,frames/C/frame-000025.png,"corner/0/NO_VALID_ADJACENT_EDGES: polygon=75,eligible_arcs=373,connection=57240,direction_or_position_arc=15839,discontinuous_arc=8376,short_or_residual_arc=4824: P2"
32,C,有（该检出）,0,P3,1,进入交点检查后被延伸/交点预算拒绝,R1：残差预算单独放宽即可恢复,"[320, 110, 0]",204,True,True,1,frames/C/frame-000032.png,"corner/0/NO_VALID_ADJACENT_EDGES: polygon=59,eligible_arcs=430,connection=70196,corner_or_extension=204,direction_or_position_arc=11848,discontinuous_arc=5401,short_or_residual_arc=3201: P3"
129,C,有（该检出）,0,P3,1,两种边均有候选但连接预算全部拒绝,R1：残差预算单独放宽即可恢复,"[421, 90, 0]",0,True,True,1,frames/C/frame-000129.png,"corner/0/NO_VALID_ADJACENT_EDGES: polygon=73,eligible_arcs=511,connection=75780,direction_or_position_arc=13597,discontinuous_arc=8183,short_or_residual_arc=5099: P3"
134,C,有（该检出）,0,P1,3,缺少一种指定边的合格支持弧,R1：残差预算单独放宽即可恢复,"[38, 0, 0]",0,True,True,1,frames/C/frame-000134.png,"corner/0/NO_VALID_ADJACENT_EDGES: polygon=35,eligible_arcs=38,direction_or_position_arc=4772,discontinuous_arc=1828,short_or_residual_arc=1018: P1"
148,C,有（该检出）,0,P1,3,缺少一种指定边的合格支持弧,R1：残差预算单独放宽即可恢复,"[40, 0, 0]",0,True,True,1,frames/C/frame-000148.png,"corner/0/NO_VALID_ADJACENT_EDGES: polygon=28,eligible_arcs=40,direction_or_position_arc=3349,discontinuous_arc=833,short_or_residual_arc=1034: P1"
150,C,有（该检出）,0,P0,5,进入交点检查后被延伸/交点预算拒绝,R1：残差预算单独放宽即可恢复,"[841, 56, 0]",2814,True,True,1,frames/C/frame-000150.png,"corner/0/NO_VALID_ADJACENT_EDGES: polygon=95,eligible_arcs=897,connection=91378,corner_or_extension=2814,direction_or_position_arc=23450,discontinuous_arc=14237,short_or_residual_arc=4472: P0"
153,D,有（该检出）,0,P2,0,两种边均有候选但连接预算全部拒绝,R1：残差预算单独放宽即可恢复,"[4, 126, 0]",0,True,True,1,frames/D/frame-000153.png,"corner/0/NO_VALID_ADJACENT_EDGES: polygon=71,eligible_arcs=130,connection=1008,direction_or_position_arc=16081,discontinuous_arc=5789,short_or_residual_arc=4732: P2"
154,C,有（该检出）,0,P1,3,缺少一种指定边的合格支持弧,R1：残差预算单独放宽即可恢复,"[45, 0, 0]",0,True,True,1,frames/C/frame-000154.png,"corner/0/NO_VALID_ADJACENT_EDGES: polygon=30,eligible_arcs=45,direction_or_position_arc=3367,discontinuous_arc=1078,short_or_residual_arc=1362: P1"
177,C,有（该检出）,0,P2,0,进入交点检查后被延伸/交点预算拒绝,R1：残差预算单独放宽即可恢复,"[346, 123, 0]",1543,True,True,1,frames/C/frame-000177.png,"corner/0/NO_VALID_ADJACENT_EDGES: polygon=88,eligible_arcs=469,connection=83573,corner_or_extension=1543,direction_or_position_arc=24708,discontinuous_arc=12546,short_or_residual_arc=4097: P2"
193,C,有（该检出）,0,P3,0,两种边均有候选但连接预算全部拒绝,R1：残差预算单独放宽即可恢复,"[968, 33, 0]",0,True,True,1,frames/C/frame-000193.png,"corner/0/NO_VALID_ADJACENT_EDGES: polygon=95,eligible_arcs=1001,connection=63888,direction_or_position_arc=21695,discontinuous_arc=15356,short_or_residual_arc=4178: P3"
206,C,有（该检出）,0,P1,4,缺少一种指定边的合格支持弧,R1：残差预算单独放宽即可恢复,"[49, 0, 0]",0,True,True,1,frames/C/frame-000206.png,"corner/0/NO_VALID_ADJACENT_EDGES: polygon=35,eligible_arcs=49,direction_or_position_arc=4508,discontinuous_arc=1526,short_or_residual_arc=1399: P1"
207,C,有（该检出）,0,P1,4,两种边均有候选但连接预算全部拒绝,R1：残差预算单独放宽即可恢复,"[42, 1, 0]",0,True,True,1,frames/C/frame-000207.png,"corner/0/NO_VALID_ADJACENT_EDGES: polygon=33,eligible_arcs=43,connection=84,direction_or_position_arc=3509,discontinuous_arc=1508,short_or_residual_arc=1260: P1"
215,C,有（该检出）,0,P0,3,两种边均有候选但连接预算全部拒绝,R1：残差预算单独放宽即可恢复,"[421, 162, 0]",0,True,True,1,frames/C/frame-000215.png,"corner/0/NO_VALID_ADJACENT_EDGES: polygon=63,eligible_arcs=583,connection=136404,direction_or_position_arc=10571,discontinuous_arc=6241,short_or_residual_arc=4361: P0"
226,C,有（该检出）,0,P1,3,两种边均有候选但连接预算全部拒绝,R1：残差预算单独放宽即可恢复,"[43, 45, 0]",0,True,True,1,frames/C/frame-000226.png,"corner/0/NO_VALID_ADJACENT_EDGES: polygon=34,eligible_arcs=88,connection=3870,direction_or_position_arc=4748,discontinuous_arc=1712,short_or_residual_arc=1284: P1"
228,C,有（该检出）,0,P1,3,缺少一种指定边的合格支持弧,R1：残差预算单独放宽即可恢复,"[48, 0, 0]",0,True,True,1,frames/C/frame-000228.png,"corner/0/NO_VALID_ADJACENT_EDGES: polygon=28,eligible_arcs=48,direction_or_position_arc=3216,discontinuous_arc=1041,short_or_residual_arc=1245: P1"
234,C,有（该检出）,0,P3,0,两种边均有候选但连接预算全部拒绝,R1：残差预算单独放宽即可恢复,"[360, 83, 0]",0,True,True,1,frames/C/frame-000234.png,"corner/0/NO_VALID_ADJACENT_EDGES: polygon=65,eligible_arcs=443,connection=59760,direction_or_position_arc=13003,discontinuous_arc=6436,short_or_residual_arc=3070: P3"
239,C,有（该检出）,0,P1,4,两种边均有候选但连接预算全部拒绝,R1：残差预算单独放宽即可恢复,"[72, 1, 0]",0,True,True,1,frames/C/frame-000239.png,"corner/0/NO_VALID_ADJACENT_EDGES: polygon=48,eligible_arcs=73,connection=144,direction_or_position_arc=7523,discontinuous_arc=3265,short_or_residual_arc=1795: P1"
245,C,有（该检出）,0,P1,3,缺少一种指定边的合格支持弧,R1：残差预算单独放宽即可恢复,"[63, 0, 0]",0,True,True,1,frames/C/frame-000245.png,"corner/0/NO_VALID_ADJACENT_EDGES: polygon=38,eligible_arcs=63,direction_or_position_arc=5334,discontinuous_arc=2151,short_or_residual_arc=1382: P1"
246,C,有（该检出）,0,P1,3,缺少一种指定边的合格支持弧,R1：残差预算单独放宽即可恢复,"[63, 0, 0]",0,True,True,1,frames/C/frame-000246.png,"corner/0/NO_VALID_ADJACENT_EDGES: polygon=39,eligible_arcs=63,direction_or_position_arc=5518,discontinuous_arc=2385,short_or_residual_arc=1540: P1"
261,C,有（该检出）,0,P1,4,缺少一种指定边的合格支持弧,R1：残差预算单独放宽即可恢复,"[81, 0, 0]",0,True,True,1,frames/C/frame-000261.png,"corner/0/NO_VALID_ADJACENT_EDGES: polygon=25,eligible_arcs=81,direction_or_position_arc=3357,discontinuous_arc=757,short_or_residual_arc=917: P1"
278,C,有（该检出）,0,P2,1,两种边均有候选但连接预算全部拒绝,R1：残差预算单独放宽即可恢复,"[13, 77, 0]",0,True,True,1,frames/C/frame-000278.png,"corner/0/NO_VALID_ADJACENT_EDGES: polygon=69,eligible_arcs=90,connection=2002,direction_or_position_arc=15877,discontinuous_arc=6287,short_or_residual_arc=5136: P2"
280,D,有（该检出）,0,P3,0,两种边均有候选但连接预算全部拒绝,R1：残差预算单独放宽即可恢复,"[88, 49, 0]",0,True,True,1,frames/D/frame-000280.png,"corner/0/NO_VALID_ADJACENT_EDGES: polygon=63,eligible_arcs=137,connection=8624,direction_or_position_arc=11646,discontinuous_arc=5872,short_or_residual_arc=3225: P3"
291,C,有（该检出）,0,P1,5,两种边均有候选但连接预算全部拒绝,R1：残差预算单独放宽即可恢复,"[72, 5, 0]",0,True,True,1,frames/C/frame-000291.png,"corner/0/NO_VALID_ADJACENT_EDGES: polygon=46,eligible_arcs=77,connection=720,direction_or_position_arc=6532,discontinuous_arc=3218,short_or_residual_arc=1945: P1"
297,C,有（该检出）,0,P1,5,缺少一种指定边的合格支持弧,R1：残差预算单独放宽即可恢复,"[62, 0, 0]",0,True,True,1,frames/C/frame-000297.png,"corner/0/NO_VALID_ADJACENT_EDGES: polygon=41,eligible_arcs=62,direction_or_position_arc=5549,discontinuous_arc=2462,short_or_residual_arc=1433: P1"
299,C,有（该检出）,0,P1,5,两种边均有候选但连接预算全部拒绝,R1：残差预算单独放宽即可恢复,"[82, 4, 0]",0,True,True,1,frames/C/frame-000299.png,"corner/0/NO_VALID_ADJACENT_EDGES: polygon=32,eligible_arcs=86,connection=656,direction_or_position_arc=4689,discontinuous_arc=1206,short_or_residual_arc=1159: P1"
300,C,有（该检出）,0,P2,1,进入交点检查后被延伸/交点预算拒绝,R1：残差预算单独放宽即可恢复,"[217, 106, 0]",766,True,True,1,frames/C/frame-000300.png,"corner/0/NO_VALID_ADJACENT_EDGES: polygon=62,eligible_arcs=323,connection=45238,corner_or_extension=766,direction_or_position_arc=13729,discontinuous_arc=6580,short_or_residual_arc=3238: P2"
305,C,有（该检出）,0,P1,3,两种边均有候选但连接预算全部拒绝,R1：残差预算单独放宽即可恢复,"[59, 13, 0]",0,True,True,1,frames/C/frame-000305.png,"corner/0/NO_VALID_ADJACENT_EDGES: polygon=36,eligible_arcs=72,connection=1534,direction_or_position_arc=4458,discontinuous_arc=1802,short_or_residual_arc=1150: P1"
307,C,有（该检出）,0,P1,3,两种边均有候选但连接预算全部拒绝,R1：残差预算单独放宽即可恢复,"[44, 45, 0]",0,True,True,1,frames/C/frame-000307.png,"corner/0/NO_VALID_ADJACENT_EDGES: polygon=31,eligible_arcs=89,connection=3960,direction_or_position_arc=3837,discontinuous_arc=1468,short_or_residual_arc=1086: P1"
322,C,有（该检出）,0,P2,1,两种边均有候选但连接预算全部拒绝,R1：残差预算单独放宽即可恢复,"[265, 136, 0]",0,True,True,1,frames/C/frame-000322.png,"corner/0/NO_VALID_ADJACENT_EDGES: polygon=80,eligible_arcs=401,connection=72080,direction_or_position_arc=21402,discontinuous_arc=9682,short_or_residual_arc=4425: P2"
332,C,有（该检出）,0,P2,0,进入交点检查后被延伸/交点预算拒绝,R1：残差预算单独放宽即可恢复,"[273, 102, 0]",1032,True,True,1,frames/C/frame-000332.png,"corner/0/NO_VALID_ADJACENT_EDGES: polygon=55,eligible_arcs=375,connection=54660,corner_or_extension=1032,direction_or_position_arc=10374,discontinuous_arc=4544,short_or_residual_arc=2797: P2"
366,C,有（该检出）,0,P3,0,进入交点检查后被延伸/交点预算拒绝,R1：残差预算单独放宽即可恢复,"[761, 100, 0]",585,True,True,1,frames/C/frame-000366.png,"corner/0/NO_VALID_ADJACENT_EDGES: polygon=78,eligible_arcs=861,connection=151615,corner_or_extension=585,direction_or_position_arc=16130,discontinuous_arc=10063,short_or_residual_arc=4098: P3"
369,C,有（该检出）,0,P1,5,缺少一种指定边的合格支持弧,R1：残差预算单独放宽即可恢复,"[52, 0, 0]",0,True,True,1,frames/C/frame-000369.png,"corner/0/NO_VALID_ADJACENT_EDGES: polygon=26,eligible_arcs=52,direction_or_position_arc=3958,discontinuous_arc=783,short_or_residual_arc=609: P1"
373,C,有（该检出）,0,P1,5,缺少一种指定边的合格支持弧,R1：残差预算单独放宽即可恢复,"[69, 0, 0]",0,True,True,1,frames/C/frame-000373.png,"corner/0/NO_VALID_ADJACENT_EDGES: polygon=39,eligible_arcs=69,direction_or_position_arc=5185,discontinuous_arc=2000,short_or_residual_arc=1676: P1"
374,C,有（该检出）,0,P1,5,缺少一种指定边的合格支持弧,R1：残差预算单独放宽即可恢复,"[72, 0, 0]",0,True,True,1,frames/C/frame-000374.png,"corner/0/NO_VALID_ADJACENT_EDGES: polygon=44,eligible_arcs=72,direction_or_position_arc=7560,discontinuous_arc=2108,short_or_residual_arc=1602: P1"
376,C,有（该检出）,0,P1,5,两种边均有候选但连接预算全部拒绝,R1：残差预算单独放宽即可恢复,"[1, 84, 0]",0,True,True,1,frames/C/frame-000376.png,"corner/0/NO_VALID_ADJACENT_EDGES: polygon=23,eligible_arcs=85,connection=168,direction_or_position_arc=3759,discontinuous_arc=501,short_or_residual_arc=485: P1"
377,C,有（该检出）,0,P3,1,两种边均有候选但连接预算全部拒绝,R1：残差预算单独放宽即可恢复,"[365, 60, 0]",0,True,True,1,frames/C/frame-000377.png,"corner/0/NO_VALID_ADJACENT_EDGES: polygon=95,eligible_arcs=425,connection=43800,direction_or_position_arc=26335,discontinuous_arc=12209,short_or_residual_arc=4921: P3"
382,D,有（该检出）,1,P2,0,两种边均有候选但连接预算全部拒绝,R1：残差预算单独放宽即可恢复,"[203, 80, 0]",0,True,True,2,frames/D/frame-000382.png,"corner/1/NO_VALID_ADJACENT_EDGES: polygon=101,eligible_arcs=283,connection=32480,direction_or_position_arc=30638,discontinuous_arc=16170,short_or_residual_arc=4665: P2"
383,C,有（该检出）,0,P2,0,进入交点检查后被延伸/交点预算拒绝,R1：残差预算单独放宽即可恢复,"[481, 69, 0]",1901,True,True,1,frames/C/frame-000383.png,"corner/0/NO_VALID_ADJACENT_EDGES: polygon=72,eligible_arcs=550,connection=64477,corner_or_extension=1901,direction_or_position_arc=15724,discontinuous_arc=8214,short_or_residual_arc=3904: P2"
384,C,有（该检出）,0,P1,3,缺少一种指定边的合格支持弧,R1：残差预算单独放宽即可恢复,"[52, 0, 0]",0,True,True,1,frames/C/frame-000384.png,"corner/0/NO_VALID_ADJACENT_EDGES: polygon=30,eligible_arcs=52,direction_or_position_arc=4465,discontinuous_arc=1306,short_or_residual_arc=983: P1"
394,C,有（该检出）,0,P3,1,两种边均有候选但连接预算全部拒绝,R1：残差预算单独放宽即可恢复,"[306, 82, 0]",0,True,True,1,frames/C/frame-000394.png,"corner/0/NO_VALID_ADJACENT_EDGES: polygon=97,eligible_arcs=388,connection=50184,direction_or_position_arc=25106,discontinuous_arc=15055,short_or_residual_arc=4183: P3"
395,C,有（该检出）,0,P2,0,两种边均有候选但连接预算全部拒绝,R1：残差预算单独放宽即可恢复,"[365, 113, 0]",0,True,True,1,frames/C/frame-000395.png,"corner/0/NO_VALID_ADJACENT_EDGES: polygon=96,eligible_arcs=478,connection=82490,direction_or_position_arc=26562,discontinuous_arc=13728,short_or_residual_arc=6104: P2"
408,C,有（该检出）,0,P2,0,两种边均有候选但连接预算全部拒绝,R1：残差预算单独放宽即可恢复,"[317, 81, 0]",0,True,True,1,frames/C/frame-000408.png,"corner/0/NO_VALID_ADJACENT_EDGES: polygon=74,eligible_arcs=398,connection=51354,direction_or_position_arc=13941,discontinuous_arc=9016,short_or_residual_arc=5037: P2"
409,C,有（该检出）,0,P1,5,缺少一种指定边的合格支持弧,R1：残差预算单独放宽即可恢复,"[50, 0, 0]",0,True,True,1,frames/C/frame-000409.png,"corner/0/NO_VALID_ADJACENT_EDGES: polygon=29,eligible_arcs=50,direction_or_position_arc=3466,discontinuous_arc=1398,short_or_residual_arc=636: P1"
422,C,有（该检出）,0,P3,0,进入交点检查后被延伸/交点预算拒绝,R1：残差预算单独放宽即可恢复,"[841, 96, 0]",1476,True,True,1,frames/C/frame-000422.png,"corner/0/NO_VALID_ADJACENT_EDGES: polygon=92,eligible_arcs=937,connection=159996,corner_or_extension=1476,direction_or_position_arc=23573,discontinuous_arc=14229,short_or_residual_arc=5151: P3"
472,C,有（该检出）,0,P1,3,缺少一种指定边的合格支持弧,R1：残差预算单独放宽即可恢复,"[56, 0, 0]",0,True,True,1,frames/C/frame-000472.png,"corner/0/NO_VALID_ADJACENT_EDGES: polygon=26,eligible_arcs=56,direction_or_position_arc=3206,discontinuous_arc=862,short_or_residual_arc=846: P1"
478,C,有（该检出）,0,P3,1,两种边均有候选但连接预算全部拒绝,R1：残差预算单独放宽即可恢复,"[313, 87, 0]",0,True,True,1,frames/C/frame-000478.png,"corner/0/NO_VALID_ADJACENT_EDGES: polygon=71,eligible_arcs=400,connection=54462,direction_or_position_arc=13332,discontinuous_arc=8029,short_or_residual_arc=3999: P3"
480,C,有（该检出）,0,P2,0,进入交点检查后被延伸/交点预算拒绝,R1：残差预算单独放宽即可恢复,"[75, 102, 0]",72,True,True,1,frames/C/frame-000480.png,"corner/0/NO_VALID_ADJACENT_EDGES: polygon=69,eligible_arcs=177,connection=15228,corner_or_extension=72,direction_or_position_arc=14308,discontinuous_arc=5941,short_or_residual_arc=5334: P2"
511,C,有（该检出）,0,P0,5,进入交点检查后被延伸/交点预算拒绝,R1：残差预算单独放宽即可恢复,"[841, 65, 0]",984,True,True,1,frames/C/frame-000511.png,"corner/0/NO_VALID_ADJACENT_EDGES: polygon=100,eligible_arcs=906,connection=108346,corner_or_extension=984,direction_or_position_arc=25391,discontinuous_arc=16390,short_or_residual_arc=4619: P0"
512,C,有（该检出）,0,P2,0,进入交点检查后被延伸/交点预算拒绝,R1：残差预算单独放宽即可恢复,"[761, 104, 0]",1521,True,True,1,frames/C/frame-000512.png,"corner/0/NO_VALID_ADJACENT_EDGES: polygon=95,eligible_arcs=865,connection=156767,corner_or_extension=1521,direction_or_position_arc=26710,discontinuous_arc=15017,short_or_residual_arc=4714: P2"
515,C,有（该检出）,0,P2,0,缺少一种指定边的合格支持弧,R1：残差预算单独放宽即可恢复,"[0, 142, 0]",0,True,True,1,frames/C/frame-000515.png,"corner/0/NO_VALID_ADJACENT_EDGES: polygon=91,eligible_arcs=142,direction_or_position_arc=28326,discontinuous_arc=9297,short_or_residual_arc=5291: P2"
533,C,有（该检出）,0,P1,3,两种边均有候选但连接预算全部拒绝,R1：残差预算单独放宽即可恢复,"[44, 1, 0]",0,True,True,1,frames/C/frame-000533.png,"corner/0/NO_VALID_ADJACENT_EDGES: polygon=45,eligible_arcs=45,connection=88,direction_or_position_arc=6921,discontinuous_arc=3012,short_or_residual_arc=1578: P1"
538,C,有（该检出）,0,P0,3,两种边均有候选但连接预算全部拒绝,R1：残差预算单独放宽即可恢复,"[545, 76, 0]",0,True,True,1,frames/C/frame-000538.png,"corner/0/NO_VALID_ADJACENT_EDGES: polygon=80,eligible_arcs=621,connection=82840,direction_or_position_arc=16929,discontinuous_arc=9978,short_or_residual_arc=4692: P0"
565,C,有（该检出）,0,P2,0,进入交点检查后被延伸/交点预算拒绝,R1：残差预算单独放宽即可恢复,"[481, 80, 0]",310,True,True,1,frames/C/frame-000565.png,"corner/0/NO_VALID_ADJACENT_EDGES: polygon=67,eligible_arcs=561,connection=76650,corner_or_extension=310,direction_or_position_arc=14294,discontinuous_arc=7206,short_or_residual_arc=3379: P2"
579,C,有（该检出）,0,P1,3,两种边均有候选但连接预算全部拒绝,R1：残差预算单独放宽即可恢复,"[44, 1, 0]",0,True,True,1,frames/C/frame-000579.png,"corner/0/NO_VALID_ADJACENT_EDGES: polygon=31,eligible_arcs=45,connection=88,direction_or_position_arc=3858,discontinuous_arc=1358,short_or_residual_arc=1381: P1"
610,C,有（该检出）,0,P1,5,两种边均有候选但连接预算全部拒绝,R1：残差预算单独放宽即可恢复,"[41, 5, 0]",0,True,True,1,frames/C/frame-000610.png,"corner/0/NO_VALID_ADJACENT_EDGES: polygon=32,eligible_arcs=46,connection=410,direction_or_position_arc=3034,discontinuous_arc=1526,short_or_residual_arc=1400: P1"
614,C,有（该检出）,0,P0,3,进入交点检查后被延伸/交点预算拒绝,R1：残差预算单独放宽即可恢复,"[685, 80, 0]",1110,True,True,1,frames/C/frame-000614.png,"corner/0/NO_VALID_ADJACENT_EDGES: polygon=84,eligible_arcs=765,connection=108490,corner_or_extension=1110,direction_or_position_arc=19130,discontinuous_arc=12248,short_or_residual_arc=4529: P0"
620,C,有（该检出）,0,P2,1,两种边均有候选但连接预算全部拒绝,R1：残差预算单独放宽即可恢复,"[365, 105, 0]",0,True,True,1,frames/C/frame-000620.png,"corner/0/NO_VALID_ADJACENT_EDGES: polygon=113,eligible_arcs=470,connection=76650,direction_or_position_arc=33833,discontinuous_arc=21704,short_or_residual_arc=5249: P2"
623,C,有（该检出）,0,P0,3,两种边均有候选但连接预算全部拒绝,R1：残差预算单独放宽即可恢复,"[223, 159, 0]",0,True,True,1,frames/C/frame-000623.png,"corner/0/NO_VALID_ADJACENT_EDGES: polygon=106,eligible_arcs=382,connection=70914,direction_or_position_arc=31668,discontinuous_arc=18957,short_or_residual_arc=4925: P0"
635,C,有（该检出）,0,P2,1,进入交点检查后被延伸/交点预算拒绝,R1：残差预算单独放宽即可恢复,"[761, 96, 0]",2760,True,True,1,frames/C/frame-000635.png,"corner/0/NO_VALID_ADJACENT_EDGES: polygon=88,eligible_arcs=857,connection=143352,corner_or_extension=2760,direction_or_position_arc=22208,discontinuous_arc=13137,short_or_residual_arc=4400: P2"
648,D,有（该检出）,0,P1,3,两种边均有候选但连接预算全部拒绝,R1：残差预算单独放宽即可恢复,"[40, 23, 0]",0,True,True,1,frames/D/frame-000648.png,"corner/0/NO_VALID_ADJACENT_EDGES: polygon=28,eligible_arcs=63,connection=1840,direction_or_position_arc=3072,discontinuous_arc=1261,short_or_residual_arc=1006: P1"
659,C,有（该检出）,0,P1,3,两种边均有候选但连接预算全部拒绝,R1：残差预算单独放宽即可恢复,"[59, 13, 0]",0,True,True,1,frames/C/frame-000659.png,"corner/0/NO_VALID_ADJACENT_EDGES: polygon=31,eligible_arcs=72,connection=1534,direction_or_position_arc=3180,discontinuous_arc=1404,short_or_residual_arc=1350: P1"
661,C,有（该检出）,0,P1,3,缺少一种指定边的合格支持弧,R1：残差预算单独放宽即可恢复,"[49, 0, 0]",0,True,True,1,frames/C/frame-000661.png,"corner/0/NO_VALID_ADJACENT_EDGES: polygon=32,eligible_arcs=49,direction_or_position_arc=4747,discontinuous_arc=1454,short_or_residual_arc=1232: P1"
678,C,有（该检出）,0,P3,0,进入交点检查后被延伸/交点预算拒绝,R1：残差预算单独放宽即可恢复,"[292, 49, 0]",70,True,True,1,frames/C/frame-000678.png,"corner/0/NO_VALID_ADJACENT_EDGES: polygon=89,eligible_arcs=341,connection=28546,corner_or_extension=70,direction_or_position_arc=23101,discontinuous_arc=13385,short_or_residual_arc=2575: P3"
679,C,有（该检出）,0,P2,1,两种边均有候选但连接预算全部拒绝,R1：残差预算单独放宽即可恢复,"[545, 135, 0]",0,True,True,1,frames/C/frame-000679.png,"corner/0/NO_VALID_ADJACENT_EDGES: polygon=74,eligible_arcs=680,connection=147150,direction_or_position_arc=14533,discontinuous_arc=8790,short_or_residual_arc=5409: P2"
695,C,有（该检出）,0,P1,3,缺少一种指定边的合格支持弧,R1：残差预算单独放宽即可恢复,"[41, 0, 0]",0,True,True,1,frames/C/frame-000695.png,"corner/0/NO_VALID_ADJACENT_EDGES: polygon=44,eligible_arcs=41,direction_or_position_arc=6934,discontinuous_arc=2781,short_or_residual_arc=1374: P1"
704,C,有（该检出）,0,P1,3,缺少一种指定边的合格支持弧,R1：残差预算单独放宽即可恢复,"[63, 0, 0]",0,True,True,1,frames/C/frame-000704.png,"corner/0/NO_VALID_ADJACENT_EDGES: polygon=37,eligible_arcs=63,direction_or_position_arc=4667,discontinuous_arc=2068,short_or_residual_arc=1574: P1"
710,C,有（该检出）,0,P1,3,两种边均有候选但连接预算全部拒绝,R1：残差预算单独放宽即可恢复,"[64, 2, 0]",0,True,True,1,frames/C/frame-000710.png,"corner/0/NO_VALID_ADJACENT_EDGES: polygon=36,eligible_arcs=66,connection=256,direction_or_position_arc=5118,discontinuous_arc=1849,short_or_residual_arc=1339: P1"
716,C,有（该检出）,0,P2,0,两种边均有候选但连接预算全部拒绝,R1：残差预算单独放宽即可恢复,"[1, 40, 0]",0,True,True,1,frames/C/frame-000716.png,"corner/0/NO_VALID_ADJACENT_EDGES: polygon=60,eligible_arcs=41,connection=80,direction_or_position_arc=9425,discontinuous_arc=3047,short_or_residual_arc=5309: P2"
720,C,有（该检出）,0,P1,3,两种边均有候选但连接预算全部拒绝,R1：残差预算单独放宽即可恢复,"[36, 1, 0]",0,True,True,1,frames/C/frame-000720.png,"corner/0/NO_VALID_ADJACENT_EDGES: polygon=31,eligible_arcs=37,connection=72,direction_or_position_arc=3294,discontinuous_arc=1220,short_or_residual_arc=1455: P1"
754,C,有（该检出）,0,P1,3,两种边均有候选但连接预算全部拒绝,R1：残差预算单独放宽即可恢复,"[51, 5, 0]",0,True,True,1,frames/C/frame-000754.png,"corner/0/NO_VALID_ADJACENT_EDGES: polygon=33,eligible_arcs=56,connection=510,direction_or_position_arc=3686,discontinuous_arc=1468,short_or_residual_arc=1270: P1"
763,C,有（该检出）,0,P2,0,进入交点检查后被延伸/交点预算拒绝,R1：残差预算单独放宽即可恢复,"[436, 95, 0]",1081,True,True,1,frames/C/frame-000763.png,"corner/0/NO_VALID_ADJACENT_EDGES: polygon=61,eligible_arcs=531,connection=81759,corner_or_extension=1081,direction_or_position_arc=13343,discontinuous_arc=5488,short_or_residual_arc=2988: P2"
784,C,有（该检出）,0,P1,3,缺少一种指定边的合格支持弧,R2：模型有限边位置预算边界拒绝,"[65, 0, 0]",0,False,True,1,frames/C/frame-000784.png,"corner/0/NO_VALID_ADJACENT_EDGES: polygon=28,eligible_arcs=65,direction_or_position_arc=3484,discontinuous_arc=993,short_or_residual_arc=570: P1"
984,C,有（该检出）,0,P2,0,进入交点检查后被延伸/交点预算拒绝,R1：残差预算单独放宽即可恢复,"[501, 99, 0]",1362,True,True,1,frames/C/frame-000984.png,"corner/0/NO_VALID_ADJACENT_EDGES: polygon=64,eligible_arcs=600,connection=97836,corner_or_extension=1362,direction_or_position_arc=15579,discontinuous_arc=6512,short_or_residual_arc=2431: P2"
1029,C,有（该检出）,0,P2,0,进入交点检查后被延伸/交点预算拒绝,R1：残差预算单独放宽即可恢复,"[841, 80, 0]",2420,True,True,1,frames/C/frame-001029.png,"corner/0/NO_VALID_ADJACENT_EDGES: polygon=97,eligible_arcs=921,connection=132140,corner_or_extension=2420,direction_or_position_arc=26386,discontinuous_arc=15789,short_or_residual_arc=4646: P2"
1039,C,有（该检出）,0,P2,0,两种边均有候选但连接预算全部拒绝,R1：残差预算单独放宽即可恢复,"[161, 119, 0]",0,True,True,1,frames/C/frame-001039.png,"corner/0/NO_VALID_ADJACENT_EDGES: polygon=47,eligible_arcs=280,connection=38318,direction_or_position_arc=7814,discontinuous_arc=2456,short_or_residual_arc=2332: P2"
1041,C,有（该检出）,0,P2,0,两种边均有候选但连接预算全部拒绝,R1：残差预算单独放宽即可恢复,"[181, 66, 0]",0,True,True,1,frames/C/frame-001041.png,"corner/0/NO_VALID_ADJACENT_EDGES: polygon=48,eligible_arcs=247,connection=23892,direction_or_position_arc=8460,discontinuous_arc=3003,short_or_residual_arc=2570: P2"
1043,C,有（该检出）,0,P2,0,进入交点检查后被延伸/交点预算拒绝,R1：残差预算单独放宽即可恢复,"[841, 64, 0]",1312,True,True,1,frames/C/frame-001043.png,"corner/0/NO_VALID_ADJACENT_EDGES: polygon=70,eligible_arcs=905,connection=106336,corner_or_extension=1312,direction_or_position_arc=12715,discontinuous_arc=8209,short_or_residual_arc=4253: P2"
1047,C,有（该检出）,0,P1,3,缺少一种指定边的合格支持弧,R1：残差预算单独放宽即可恢复,"[87, 0, 0]",0,True,True,1,frames/C/frame-001047.png,"corner/0/NO_VALID_ADJACENT_EDGES: polygon=33,eligible_arcs=87,direction_or_position_arc=4917,discontinuous_arc=1396,short_or_residual_arc=1256: P1"
1059,C,有（该检出）,0,P1,3,缺少一种指定边的合格支持弧,R1：残差预算单独放宽即可恢复,"[25, 0, 0]",0,True,True,1,frames/C/frame-001059.png,"corner/0/NO_VALID_ADJACENT_EDGES: polygon=38,eligible_arcs=25,direction_or_position_arc=5477,discontinuous_arc=1927,short_or_residual_arc=943: P1"
1062,C,有（该检出）,0,P2,0,两种边均有候选但连接预算全部拒绝,R1：残差预算单独放宽即可恢复,"[365, 62, 0]",0,True,True,1,frames/C/frame-001062.png,"corner/0/NO_VALID_ADJACENT_EDGES: polygon=82,eligible_arcs=427,connection=45260,direction_or_position_arc=18255,discontinuous_arc=10436,short_or_residual_arc=4922: P2"
1098,C,有（该检出）,0,P2,0,进入交点检查后被延伸/交点预算拒绝,R1：残差预算单独放宽即可恢复,"[322, 104, 0]",400,True,True,1,frames/C/frame-001098.png,"corner/0/NO_VALID_ADJACENT_EDGES: polygon=60,eligible_arcs=426,connection=66576,corner_or_extension=400,direction_or_position_arc=12013,discontinuous_arc=5794,short_or_residual_arc=2937: P2"
1108,D,有（该检出）,0,P0,5,两种边均有候选但连接预算全部拒绝,R1：残差预算单独放宽即可恢复,"[545, 44, 0]",0,True,True,1,frames/D/frame-001108.png,"corner/0/NO_VALID_ADJACENT_EDGES: polygon=99,eligible_arcs=589,connection=47960,direction_or_position_arc=26394,discontinuous_arc=16899,short_or_residual_arc=4298: P0"
1111,C,有（该检出）,0,P1,3,缺少一种指定边的合格支持弧,R1：残差预算单独放宽即可恢复,"[57, 0, 0]",0,True,True,1,frames/C/frame-001111.png,"corner/0/NO_VALID_ADJACENT_EDGES: polygon=35,eligible_arcs=57,direction_or_position_arc=5160,discontinuous_arc=1364,short_or_residual_arc=1429: P1"
1122,C,有（该检出）,0,P2,0,两种边均有候选但连接预算全部拒绝,R1：残差预算单独放宽即可恢复,"[18, 109, 0]",0,True,True,1,frames/C/frame-001122.png,"corner/0/NO_VALID_ADJACENT_EDGES: polygon=57,eligible_arcs=127,connection=3924,direction_or_position_arc=11680,discontinuous_arc=3445,short_or_residual_arc=4208: P2"
1132,C,有（该检出）,0,P2,0,进入交点检查后被延伸/交点预算拒绝,R1：残差预算单独放宽即可恢复,"[882, 138, 0]",3472,True,True,1,frames/C/frame-001132.png,"corner/0/NO_VALID_ADJACENT_EDGES: polygon=91,eligible_arcs=1020,connection=239960,corner_or_extension=3472,direction_or_position_arc=25470,discontinuous_arc=14200,short_or_residual_arc=4892: P2"
1150,C,有（该检出）,0,P1,3,两种边均有候选但连接预算全部拒绝,R1：残差预算单独放宽即可恢复,"[72, 2, 0]",0,True,True,1,frames/C/frame-001150.png,"corner/0/NO_VALID_ADJACENT_EDGES: polygon=47,eligible_arcs=74,connection=288,direction_or_position_arc=6296,discontinuous_arc=3315,short_or_residual_arc=1657: P1"
1156,C,有（该检出）,0,P2,0,两种边均有候选但连接预算全部拒绝,R1：残差预算单独放宽即可恢复,"[365, 42, 0]",0,True,True,1,frames/C/frame-001156.png,"corner/0/NO_VALID_ADJACENT_EDGES: polygon=73,eligible_arcs=407,connection=30660,direction_or_position_arc=12656,discontinuous_arc=7699,short_or_residual_arc=5320: P2"
1160,C,有（该检出）,0,P1,3,两种边均有候选但连接预算全部拒绝,R1：残差预算单独放宽即可恢复,"[48, 2, 0]",0,True,True,1,frames/C/frame-001160.png,"corner/0/NO_VALID_ADJACENT_EDGES: polygon=29,eligible_arcs=50,connection=192,direction_or_position_arc=3067,discontinuous_arc=1205,short_or_residual_arc=1080: P1"
1399,C,有（该检出）,0,P1,3,缺少一种指定边的合格支持弧,R1：残差预算单独放宽即可恢复,"[28, 0, 0]",0,True,True,1,frames/C/frame-001399.png,"corner/0/NO_VALID_ADJACENT_EDGES: polygon=33,eligible_arcs=28,direction_or_position_arc=4956,discontinuous_arc=1708,short_or_residual_arc=1140: P1"
1406,C,有（该检出）,0,P1,3,缺少一种指定边的合格支持弧,R1：残差预算单独放宽即可恢复,"[71, 0, 0]",0,True,True,1,frames/C/frame-001406.png,"corner/0/NO_VALID_ADJACENT_EDGES: polygon=39,eligible_arcs=71,direction_or_position_arc=5997,discontinuous_arc=2226,short_or_residual_arc=1212: P1"
1414,C,有（该检出）,0,P1,3,缺少一种指定边的合格支持弧,R1：残差预算单独放宽即可恢复,"[42, 0, 0]",0,True,True,1,frames/C/frame-001414.png,"corner/0/NO_VALID_ADJACENT_EDGES: polygon=43,eligible_arcs=42,direction_or_position_arc=6666,discontinuous_arc=2468,short_or_residual_arc=1536: P1"
1442,C,有（该检出）,0,P1,3,两种边均有候选但连接预算全部拒绝,R1：残差预算单独放宽即可恢复,"[25, 1, 0]",0,True,True,1,frames/C/frame-001442.png,"corner/0/NO_VALID_ADJACENT_EDGES: polygon=37,eligible_arcs=26,connection=50,direction_or_position_arc=4954,discontinuous_arc=1974,short_or_residual_arc=1236: P1"
1455,C,有（该检出）,0,P1,3,缺少一种指定边的合格支持弧,R1：残差预算单独放宽即可恢复,"[62, 0, 0]",0,True,True,1,frames/C/frame-001455.png,"corner/0/NO_VALID_ADJACENT_EDGES: polygon=38,eligible_arcs=62,direction_or_position_arc=5920,discontinuous_arc=2279,short_or_residual_arc=1051: P1"
1462,C,有（该检出）,0,P2,0,进入交点检查后被延伸/交点预算拒绝,R1：残差预算单独放宽即可恢复,"[761, 63, 0]",1415,True,True,1,frames/C/frame-001462.png,"corner/0/NO_VALID_ADJACENT_EDGES: polygon=71,eligible_arcs=824,connection=94471,corner_or_extension=1415,direction_or_position_arc=13452,discontinuous_arc=8702,short_or_residual_arc=4412: P2"
1488,C,有（该检出）,0,P1,3,两种边均有候选但连接预算全部拒绝,R1：残差预算单独放宽即可恢复,"[35, 18, 0]",0,True,True,1,frames/C/frame-001488.png,"corner/0/NO_VALID_ADJACENT_EDGES: polygon=37,eligible_arcs=53,connection=1260,direction_or_position_arc=4465,discontinuous_arc=2089,short_or_residual_arc=1403: P1"
1489,C,有（该检出）,0,P1,3,两种边均有候选但连接预算全部拒绝,R1：残差预算单独放宽即可恢复,"[35, 18, 0]",0,True,True,1,frames/C/frame-001489.png,"corner/0/NO_VALID_ADJACENT_EDGES: polygon=37,eligible_arcs=53,connection=1260,direction_or_position_arc=4465,discontinuous_arc=2089,short_or_residual_arc=1403: P1"
1490,C,有（该检出）,0,P1,3,两种边均有候选但连接预算全部拒绝,R1：残差预算单独放宽即可恢复,"[35, 2, 0]",0,True,True,1,frames/C/frame-001490.png,"corner/0/NO_VALID_ADJACENT_EDGES: polygon=31,eligible_arcs=37,connection=140,direction_or_position_arc=3878,discontinuous_arc=1467,short_or_residual_arc=1098: P1"
1491,C,有（该检出）,0,P1,3,两种边均有候选但连接预算全部拒绝,R1：残差预算单独放宽即可恢复,"[35, 2, 0]",0,True,True,1,frames/C/frame-001491.png,"corner/0/NO_VALID_ADJACENT_EDGES: polygon=31,eligible_arcs=37,connection=140,direction_or_position_arc=3878,discontinuous_arc=1467,short_or_residual_arc=1098: P1"
1500,C,有（该检出）,0,P1,3,两种边均有候选但连接预算全部拒绝,R1：残差预算单独放宽即可恢复,"[35, 1, 0]",0,True,True,1,frames/C/frame-001500.png,"corner/0/NO_VALID_ADJACENT_EDGES: polygon=32,eligible_arcs=36,connection=70,direction_or_position_arc=3378,discontinuous_arc=1426,short_or_residual_arc=1322: P1"
1528,C,有（该检出）,0,P1,3,缺少一种指定边的合格支持弧,R1：残差预算单独放宽即可恢复,"[51, 0, 0]",0,True,True,1,frames/C/frame-001528.png,"corner/0/NO_VALID_ADJACENT_EDGES: polygon=36,eligible_arcs=51,direction_or_position_arc=5329,discontinuous_arc=1360,short_or_residual_arc=1270: P1"
1536,C,有（该检出）,0,P1,3,缺少一种指定边的合格支持弧,R1：残差预算单独放宽即可恢复,"[32, 0, 0]",0,True,True,1,frames/C/frame-001536.png,"corner/0/NO_VALID_ADJACENT_EDGES: polygon=32,eligible_arcs=32,direction_or_position_arc=4153,discontinuous_arc=1512,short_or_residual_arc=1109: P1"
1552,C,有（该检出）,0,P1,3,缺少一种指定边的合格支持弧,R1：残差预算单独放宽即可恢复,"[33, 0, 0]",0,True,True,1,frames/C/frame-001552.png,"corner/0/NO_VALID_ADJACENT_EDGES: polygon=45,eligible_arcs=33,direction_or_position_arc=6520,discontinuous_arc=3114,short_or_residual_arc=1463: P1"
1573,D,有（该检出）,0,P1,3,两种边均有候选但连接预算全部拒绝,R1：残差预算单独放宽即可恢复,"[43, 41, 0]",0,True,True,1,frames/D/frame-001573.png,"corner/0/NO_VALID_ADJACENT_EDGES: polygon=43,eligible_arcs=84,connection=3526,direction_or_position_arc=5669,discontinuous_arc=2834,short_or_residual_arc=1313: P1"
1666,C,有（该检出）,0,P1,3,缺少一种指定边的合格支持弧,R1：残差预算单独放宽即可恢复,"[40, 0, 0]",0,True,True,1,frames/C/frame-001666.png,"corner/0/NO_VALID_ADJACENT_EDGES: polygon=36,eligible_arcs=40,direction_or_position_arc=4487,discontinuous_arc=1827,short_or_residual_arc=1302: P1"
1669,C,有（该检出）,0,P1,3,两种边均有候选但连接预算全部拒绝,R1：残差预算单独放宽即可恢复,"[28, 3, 0]",0,True,True,1,frames/C/frame-001669.png,"corner/0/NO_VALID_ADJACENT_EDGES: polygon=37,eligible_arcs=31,connection=168,direction_or_position_arc=5302,discontinuous_arc=2122,short_or_residual_arc=1287: P1"
1673,C,有（该检出）,0,P1,3,两种边均有候选但连接预算全部拒绝,R1：残差预算单独放宽即可恢复,"[57, 5, 0]",0,True,True,1,frames/C/frame-001673.png,"corner/0/NO_VALID_ADJACENT_EDGES: polygon=47,eligible_arcs=62,connection=570,direction_or_position_arc=6916,discontinuous_arc=3199,short_or_residual_arc=2033: P1"
