frame_id,reason,original,evidence,evidence_json,baseline_record,old_raw_corners_orientation,measurements,user_review
2,"new_success",frame-2-original.png,frame-2-evidence.png,frame-2-evidence.json,"/home/tushenghao/projects/campus-marker-opencv-assignment/src/tushenghao/docs/evidence/final-fixes/path-a/baseline/frames.jsonl","[]",1,PENDING
5,"new_success",frame-5-original.png,frame-5-evidence.png,frame-5-evidence.json,"/home/tushenghao/projects/campus-marker-opencv-assignment/src/tushenghao/docs/evidence/final-fixes/path-a/baseline/frames.jsonl","[]",1,PENDING
10,"new_success",frame-10-original.png,frame-10-evidence.png,frame-10-evidence.json,"/home/tushenghao/projects/campus-marker-opencv-assignment/src/tushenghao/docs/evidence/final-fixes/path-a/baseline/frames.jsonl","[]",1,PENDING
11,"new_success",frame-11-original.png,frame-11-evidence.png,frame-11-evidence.json,"/home/tushenghao/projects/campus-marker-opencv-assignment/src/tushenghao/docs/evidence/final-fixes/path-a/baseline/frames.jsonl","[]",1,PENDING
13,"new_success",frame-13-original.png,frame-13-evidence.png,frame-13-evidence.json,"/home/tushenghao/projects/campus-marker-opencv-assignment/src/tushenghao/docs/evidence/final-fixes/path-a/baseline/frames.jsonl","[]",1,PENDING
15,"new_success",frame-15-original.png,frame-15-evidence.png,frame-15-evidence.json,"/home/tushenghao/projects/campus-marker-opencv-assignment/src/tushenghao/docs/evidence/final-fixes/path-a/baseline/frames.jsonl","[]",1,PENDING
26,"raw_geometry_or_orientation_change",frame-26-original.png,frame-26-evidence.png,frame-26-evidence.json,"/home/tushenghao/projects/campus-marker-opencv-assignment/src/tushenghao/docs/evidence/final-fixes/path-a/baseline/frames.jsonl","[{""bbox"":[1134.0909423828125,328,195.810791015625,190.17779541015625],""category"":0,""confidence"":null,""corners"":[[1134.0909423828125,328],[1329,329.50912475585938],[1329.9017333984375,518.17779541015625],[1134.9677734375,517]],""marker_code"":null,""orientation"":[0,1,2,3],""quality_flags"":0}]",1,PENDING
135,"new_success",frame-135-original.png,frame-135-evidence.png,frame-135-evidence.json,"/home/tushenghao/projects/campus-marker-opencv-assignment/src/tushenghao/docs/evidence/final-fixes/path-a/baseline/frames.jsonl","[]",1,PENDING
144,"new_success",frame-144-original.png,frame-144-evidence.png,frame-144-evidence.json,"/home/tushenghao/projects/campus-marker-opencv-assignment/src/tushenghao/docs/evidence/final-fixes/path-a/baseline/frames.jsonl","[]",1,PENDING
145,"raw_geometry_or_orientation_change",frame-145-original.png,frame-145-evidence.png,frame-145-evidence.json,"/home/tushenghao/projects/campus-marker-opencv-assignment/src/tushenghao/docs/evidence/final-fixes/path-a/baseline/frames.jsonl","[{""bbox"":[1030.713134765625,328,194.286865234375,190],""category"":0,""confidence"":null,""corners"":[[1032,328],[1225,330.3028564453125],[1225,518],[1030.713134765625,516]],""marker_code"":null,""orientation"":[0,1,2,3],""quality_flags"":0}]",1,PENDING
155,"new_success",frame-155-original.png,frame-155-evidence.png,frame-155-evidence.json,"/home/tushenghao/projects/campus-marker-opencv-assignment/src/tushenghao/docs/evidence/final-fixes/path-a/baseline/frames.jsonl","[]",1,PENDING
161,"new_success",frame-161-original.png,frame-161-evidence.png,frame-161-evidence.json,"/home/tushenghao/projects/campus-marker-opencv-assignment/src/tushenghao/docs/evidence/final-fixes/path-a/baseline/frames.jsonl","[]",1,PENDING
166,"new_success",frame-166-original.png,frame-166-evidence.png,frame-166-evidence.json,"/home/tushenghao/projects/campus-marker-opencv-assignment/src/tushenghao/docs/evidence/final-fixes/path-a/baseline/frames.jsonl","[]",1,PENDING
170,"new_success",frame-170-original.png,frame-170-evidence.png,frame-170-evidence.json,"/home/tushenghao/projects/campus-marker-opencv-assignment/src/tushenghao/docs/evidence/final-fixes/path-a/baseline/frames.jsonl","[]",1,PENDING
173,"raw_geometry_or_orientation_change",frame-173-original.png,frame-173-evidence.png,frame-173-evidence.json,"/home/tushenghao/projects/campus-marker-opencv-assignment/src/tushenghao/docs/evidence/final-fixes/path-a/baseline/frames.jsonl","[{""bbox"":[767.9052734375,326,193.0947265625,189.3660888671875],""category"":0,""confidence"":null,""corners"":[[771.40240478515625,326],[961,328],[959,515.3660888671875],[767.9052734375,513]],""marker_code"":null,""orientation"":[0,1,2,3],""quality_flags"":0}]",1,PENDING
175,"new_success",frame-175-original.png,frame-175-evidence.png,frame-175-evidence.json,"/home/tushenghao/projects/campus-marker-opencv-assignment/src/tushenghao/docs/evidence/final-fixes/path-a/baseline/frames.jsonl","[]",1,PENDING
181,"new_success",frame-181-original.png,frame-181-evidence.png,frame-181-evidence.json,"/home/tushenghao/projects/campus-marker-opencv-assignment/src/tushenghao/docs/evidence/final-fixes/path-a/baseline/frames.jsonl","[]",1,PENDING
184,"new_success",frame-184-original.png,frame-184-evidence.png,frame-184-evidence.json,"/home/tushenghao/projects/campus-marker-opencv-assignment/src/tushenghao/docs/evidence/final-fixes/path-a/baseline/frames.jsonl","[]",1,PENDING
190,"new_success",frame-190-original.png,frame-190-evidence.png,frame-190-evidence.json,"/home/tushenghao/projects/campus-marker-opencv-assignment/src/tushenghao/docs/evidence/final-fixes/path-a/baseline/frames.jsonl","[]",1,PENDING
194,"new_success",frame-194-original.png,frame-194-evidence.png,frame-194-evidence.json,"/home/tushenghao/projects/campus-marker-opencv-assignment/src/tushenghao/docs/evidence/final-fixes/path-a/baseline/frames.jsonl","[]",1,PENDING
197,"new_success",frame-197-original.png,frame-197-evidence.png,frame-197-evidence.json,"/home/tushenghao/projects/campus-marker-opencv-assignment/src/tushenghao/docs/evidence/final-fixes/path-a/baseline/frames.jsonl","[]",1,PENDING
201,"raw_geometry_or_orientation_change",frame-201-original.png,frame-201-evidence.png,frame-201-evidence.json,"/home/tushenghao/projects/campus-marker-opencv-assignment/src/tushenghao/docs/evidence/final-fixes/path-a/baseline/frames.jsonl","[{""bbox"":[574,316.69610595703125,199.0908203125,193.30389404296875],""category"":0,""confidence"":null,""corners"":[[584.40167236328125,316.69610595703125],[773.0908203125,324.5919189453125],[762.28814697265625,510],[574,502]],""marker_code"":null,""orientation"":[0,1,2,3],""quality_flags"":0}]",1,PENDING
204,"raw_geometry_or_orientation_change",frame-204-original.png,frame-204-evidence.png,frame-204-evidence.json,"/home/tushenghao/projects/campus-marker-opencv-assignment/src/tushenghao/docs/evidence/final-fixes/path-a/baseline/frames.jsonl","[{""bbox"":[542.6199951171875,319.53857421875,198.851806640625,191.8756103515625],""category"":0,""confidence"":null,""corners"":[[550.139404296875,319.53857421875],[741.4718017578125,326.03945922851562],[732.23199462890625,511.4141845703125],[542.6199951171875,504.92373657226562]],""marker_code"":null,""orientation"":[0,1,2,3],""quality_flags"":0}]",1,PENDING
208,"new_success",frame-208-original.png,frame-208-evidence.png,frame-208-evidence.json,"/home/tushenghao/projects/campus-marker-opencv-assignment/src/tushenghao/docs/evidence/final-fixes/path-a/baseline/frames.jsonl","[]",1,PENDING
212,"raw_geometry_or_orientation_change",frame-212-original.png,frame-212-evidence.png,frame-212-evidence.json,"/home/tushenghao/projects/campus-marker-opencv-assignment/src/tushenghao/docs/evidence/final-fixes/path-a/baseline/frames.jsonl","[{""bbox"":[476.69754028320312,316,192.30245971679688,193.98477172851562],""category"":0,""confidence"":null,""corners"":[[476.69754028320312,325.05361938476562],[663,316],[669,501.58975219726562],[482.650146484375,509.98477172851562]],""marker_code"":null,""orientation"":[0,1,2,3],""quality_flags"":0}]",1,PENDING
223,"raw_geometry_or_orientation_change",frame-223-original.png,frame-223-evidence.png,frame-223-evidence.json,"/home/tushenghao/projects/campus-marker-opencv-assignment/src/tushenghao/docs/evidence/final-fixes/path-a/baseline/frames.jsonl","[{""bbox"":[433.58819580078125,316,199.84405517578125,193.6541748046875],""category"":0,""confidence"":null,""corners"":[[446.49624633789062,316],[633.4322509765625,324.26654052734375],[622.17645263671875,509.6541748046875],[433.58819580078125,499.80874633789062]],""marker_code"":null,""orientation"":[0,1,2,3],""quality_flags"":0}]",1,PENDING
225,"raw_geometry_or_orientation_change",frame-225-original.png,frame-225-evidence.png,frame-225-evidence.json,"/home/tushenghao/projects/campus-marker-opencv-assignment/src/tushenghao/docs/evidence/final-fixes/path-a/baseline/frames.jsonl","[{""bbox"":[414,318,197,191.81204223632812],""category"":0,""confidence"":null,""corners"":[[423.39239501953125,318],[611,324],[602.79388427734375,509.81204223632812],[414,502.5618896484375]],""marker_code"":null,""orientation"":[0,1,2,3],""quality_flags"":0}]",1,PENDING
231,"new_success",frame-231-original.png,frame-231-evidence.png,frame-231-evidence.json,"/home/tushenghao/projects/campus-marker-opencv-assignment/src/tushenghao/docs/evidence/final-fixes/path-a/baseline/frames.jsonl","[]",1,PENDING
241,"new_success",frame-241-original.png,frame-241-evidence.png,frame-241-evidence.json,"/home/tushenghao/projects/campus-marker-opencv-assignment/src/tushenghao/docs/evidence/final-fixes/path-a/baseline/frames.jsonl","[]",1,PENDING
306,"raw_geometry_or_orientation_change",frame-306-original.png,frame-306-evidence.png,frame-306-evidence.json,"/home/tushenghao/projects/campus-marker-opencv-assignment/src/tushenghao/docs/evidence/final-fixes/path-a/baseline/frames.jsonl","[{""bbox"":[228.8331298828125,322.59661865234375,192.1668701171875,188.35031127929688],""category"":0,""confidence"":null,""corners"":[[237.03067016601562,322.59661865234375],[421,326],[414.19705200195312,510.94692993164062],[228.8331298828125,507]],""marker_code"":null,""orientation"":[0,1,2,3],""quality_flags"":0}]",1,PENDING
309,"new_success",frame-309-original.png,frame-309-evidence.png,frame-309-evidence.json,"/home/tushenghao/projects/campus-marker-opencv-assignment/src/tushenghao/docs/evidence/final-fixes/path-a/baseline/frames.jsonl","[]",1,PENDING
326,"new_success",frame-326-original.png,frame-326-evidence.png,frame-326-evidence.json,"/home/tushenghao/projects/campus-marker-opencv-assignment/src/tushenghao/docs/evidence/final-fixes/path-a/baseline/frames.jsonl","[]",1,PENDING
328,"new_success",frame-328-original.png,frame-328-evidence.png,frame-328-evidence.json,"/home/tushenghao/projects/campus-marker-opencv-assignment/src/tushenghao/docs/evidence/final-fixes/path-a/baseline/frames.jsonl","[]",1,PENDING
345,"new_success",frame-345-original.png,frame-345-evidence.png,frame-345-evidence.json,"/home/tushenghao/projects/campus-marker-opencv-assignment/src/tushenghao/docs/evidence/final-fixes/path-a/baseline/frames.jsonl","[]",1,PENDING
350,"raw_geometry_or_orientation_change",frame-350-original.png,frame-350-evidence.png,frame-350-evidence.json,"/home/tushenghao/projects/campus-marker-opencv-assignment/src/tushenghao/docs/evidence/final-fixes/path-a/baseline/frames.jsonl","[{""bbox"":[608,326,191,187.118408203125],""category"":0,""confidence"":null,""corners"":[[610.4871826171875,326],[799,327.05337524414062],[796.92816162109375,513.118408203125],[608,512]],""marker_code"":null,""orientation"":[0,1,2,3],""quality_flags"":0}]",1,PENDING
351,"new_success",frame-351-original.png,frame-351-evidence.png,frame-351-evidence.json,"/home/tushenghao/projects/campus-marker-opencv-assignment/src/tushenghao/docs/evidence/final-fixes/path-a/baseline/frames.jsonl","[]",1,PENDING
397,"new_success",frame-397-original.png,frame-397-evidence.png,frame-397-evidence.json,"/home/tushenghao/projects/campus-marker-opencv-assignment/src/tushenghao/docs/evidence/final-fixes/path-a/baseline/frames.jsonl","[]",1,PENDING
411,"new_success",frame-411-original.png,frame-411-evidence.png,frame-411-evidence.json,"/home/tushenghao/projects/campus-marker-opencv-assignment/src/tushenghao/docs/evidence/final-fixes/path-a/baseline/frames.jsonl","[]",1,PENDING
475,"new_success",frame-475-original.png,frame-475-evidence.png,frame-475-evidence.json,"/home/tushenghao/projects/campus-marker-opencv-assignment/src/tushenghao/docs/evidence/final-fixes/path-a/baseline/frames.jsonl","[]",1,PENDING
484,"new_success",frame-484-original.png,frame-484-evidence.png,frame-484-evidence.json,"/home/tushenghao/projects/campus-marker-opencv-assignment/src/tushenghao/docs/evidence/final-fixes/path-a/baseline/frames.jsonl","[]",1,PENDING
491,"new_success",frame-491-original.png,frame-491-evidence.png,frame-491-evidence.json,"/home/tushenghao/projects/campus-marker-opencv-assignment/src/tushenghao/docs/evidence/final-fixes/path-a/baseline/frames.jsonl","[]",1,PENDING
493,"new_success",frame-493-original.png,frame-493-evidence.png,frame-493-evidence.json,"/home/tushenghao/projects/campus-marker-opencv-assignment/src/tushenghao/docs/evidence/final-fixes/path-a/baseline/frames.jsonl","[]",1,PENDING
516,"new_success",frame-516-original.png,frame-516-evidence.png,frame-516-evidence.json,"/home/tushenghao/projects/campus-marker-opencv-assignment/src/tushenghao/docs/evidence/final-fixes/path-a/baseline/frames.jsonl","[]",1,PENDING
520,"new_success",frame-520-original.png,frame-520-evidence.png,frame-520-evidence.json,"/home/tushenghao/projects/campus-marker-opencv-assignment/src/tushenghao/docs/evidence/final-fixes/path-a/baseline/frames.jsonl","[]",1,PENDING
527,"new_success",frame-527-original.png,frame-527-evidence.png,frame-527-evidence.json,"/home/tushenghao/projects/campus-marker-opencv-assignment/src/tushenghao/docs/evidence/final-fixes/path-a/baseline/frames.jsonl","[]",1,PENDING
528,"new_success",frame-528-original.png,frame-528-evidence.png,frame-528-evidence.json,"/home/tushenghao/projects/campus-marker-opencv-assignment/src/tushenghao/docs/evidence/final-fixes/path-a/baseline/frames.jsonl","[]",1,PENDING
572,"new_success",frame-572-original.png,frame-572-evidence.png,frame-572-evidence.json,"/home/tushenghao/projects/campus-marker-opencv-assignment/src/tushenghao/docs/evidence/final-fixes/path-a/baseline/frames.jsonl","[]",1,PENDING
580,"new_success",frame-580-original.png,frame-580-evidence.png,frame-580-evidence.json,"/home/tushenghao/projects/campus-marker-opencv-assignment/src/tushenghao/docs/evidence/final-fixes/path-a/baseline/frames.jsonl","[]",1,PENDING
585,"new_success",frame-585-original.png,frame-585-evidence.png,frame-585-evidence.json,"/home/tushenghao/projects/campus-marker-opencv-assignment/src/tushenghao/docs/evidence/final-fixes/path-a/baseline/frames.jsonl","[]",1,PENDING
599,"new_success",frame-599-original.png,frame-599-evidence.png,frame-599-evidence.json,"/home/tushenghao/projects/campus-marker-opencv-assignment/src/tushenghao/docs/evidence/final-fixes/path-a/baseline/frames.jsonl","[]",1,PENDING
631,"new_success",frame-631-original.png,frame-631-evidence.png,frame-631-evidence.json,"/home/tushenghao/projects/campus-marker-opencv-assignment/src/tushenghao/docs/evidence/final-fixes/path-a/baseline/frames.jsonl","[]",1,PENDING
636,"new_success",frame-636-original.png,frame-636-evidence.png,frame-636-evidence.json,"/home/tushenghao/projects/campus-marker-opencv-assignment/src/tushenghao/docs/evidence/final-fixes/path-a/baseline/frames.jsonl","[]",1,PENDING
640,"new_success",frame-640-original.png,frame-640-evidence.png,frame-640-evidence.json,"/home/tushenghao/projects/campus-marker-opencv-assignment/src/tushenghao/docs/evidence/final-fixes/path-a/baseline/frames.jsonl","[]",1,PENDING
667,"raw_geometry_or_orientation_change",frame-667-original.png,frame-667-evidence.png,frame-667-evidence.json,"/home/tushenghao/projects/campus-marker-opencv-assignment/src/tushenghao/docs/evidence/final-fixes/path-a/baseline/frames.jsonl","[{""bbox"":[355.13504028320312,324,195.86495971679688,189.052490234375],""category"":0,""confidence"":null,""corners"":[[361.44793701171875,324],[551,326],[547,513.052490234375],[355.13504028320312,510.54196166992188]],""marker_code"":null,""orientation"":[0,1,2,3],""quality_flags"":0}]",1,PENDING
676,"new_success",frame-676-original.png,frame-676-evidence.png,frame-676-evidence.json,"/home/tushenghao/projects/campus-marker-opencv-assignment/src/tushenghao/docs/evidence/final-fixes/path-a/baseline/frames.jsonl","[]",1,PENDING
683,"new_success",frame-683-original.png,frame-683-evidence.png,frame-683-evidence.json,"/home/tushenghao/projects/campus-marker-opencv-assignment/src/tushenghao/docs/evidence/final-fixes/path-a/baseline/frames.jsonl","[]",1,PENDING
684,"new_success",frame-684-original.png,frame-684-evidence.png,frame-684-evidence.json,"/home/tushenghao/projects/campus-marker-opencv-assignment/src/tushenghao/docs/evidence/final-fixes/path-a/baseline/frames.jsonl","[]",1,PENDING
686,"new_success",frame-686-original.png,frame-686-evidence.png,frame-686-evidence.json,"/home/tushenghao/projects/campus-marker-opencv-assignment/src/tushenghao/docs/evidence/final-fixes/path-a/baseline/frames.jsonl","[]",1,PENDING
697,"raw_geometry_or_orientation_change",frame-697-original.png,frame-697-evidence.png,frame-697-evidence.json,"/home/tushenghao/projects/campus-marker-opencv-assignment/src/tushenghao/docs/evidence/final-fixes/path-a/baseline/frames.jsonl","[{""bbox"":[376,320,197.14111328125,193.49090576171875],""category"":0,""confidence"":null,""corners"":[[382,320],[573.14111328125,326.3511962890625],[567,513.49090576171875],[376,507.6407470703125]],""marker_code"":null,""orientation"":[0,1,2,3],""quality_flags"":0}]",1,PENDING
700,"new_success",frame-700-original.png,frame-700-evidence.png,frame-700-evidence.json,"/home/tushenghao/projects/campus-marker-opencv-assignment/src/tushenghao/docs/evidence/final-fixes/path-a/baseline/frames.jsonl","[]",1,PENDING
701,"new_success",frame-701-original.png,frame-701-evidence.png,frame-701-evidence.json,"/home/tushenghao/projects/campus-marker-opencv-assignment/src/tushenghao/docs/evidence/final-fixes/path-a/baseline/frames.jsonl","[]",1,PENDING
706,"new_success",frame-706-original.png,frame-706-evidence.png,frame-706-evidence.json,"/home/tushenghao/projects/campus-marker-opencv-assignment/src/tushenghao/docs/evidence/final-fixes/path-a/baseline/frames.jsonl","[]",1,PENDING
717,"new_success",frame-717-original.png,frame-717-evidence.png,frame-717-evidence.json,"/home/tushenghao/projects/campus-marker-opencv-assignment/src/tushenghao/docs/evidence/final-fixes/path-a/baseline/frames.jsonl","[]",1,PENDING
724,"new_success",frame-724-original.png,frame-724-evidence.png,frame-724-evidence.json,"/home/tushenghao/projects/campus-marker-opencv-assignment/src/tushenghao/docs/evidence/final-fixes/path-a/baseline/frames.jsonl","[]",1,PENDING
726,"new_success",frame-726-original.png,frame-726-evidence.png,frame-726-evidence.json,"/home/tushenghao/projects/campus-marker-opencv-assignment/src/tushenghao/docs/evidence/final-fixes/path-a/baseline/frames.jsonl","[]",1,PENDING
755,"new_success",frame-755-original.png,frame-755-evidence.png,frame-755-evidence.json,"/home/tushenghao/projects/campus-marker-opencv-assignment/src/tushenghao/docs/evidence/final-fixes/path-a/baseline/frames.jsonl","[]",1,PENDING
765,"new_success",frame-765-original.png,frame-765-evidence.png,frame-765-evidence.json,"/home/tushenghao/projects/campus-marker-opencv-assignment/src/tushenghao/docs/evidence/final-fixes/path-a/baseline/frames.jsonl","[]",1,PENDING
766,"new_success",frame-766-original.png,frame-766-evidence.png,frame-766-evidence.json,"/home/tushenghao/projects/campus-marker-opencv-assignment/src/tushenghao/docs/evidence/final-fixes/path-a/baseline/frames.jsonl","[]",1,PENDING
767,"new_success",frame-767-original.png,frame-767-evidence.png,frame-767-evidence.json,"/home/tushenghao/projects/campus-marker-opencv-assignment/src/tushenghao/docs/evidence/final-fixes/path-a/baseline/frames.jsonl","[]",1,PENDING
771,"new_success",frame-771-original.png,frame-771-evidence.png,frame-771-evidence.json,"/home/tushenghao/projects/campus-marker-opencv-assignment/src/tushenghao/docs/evidence/final-fixes/path-a/baseline/frames.jsonl","[]",1,PENDING
772,"raw_geometry_or_orientation_change",frame-772-original.png,frame-772-evidence.png,frame-772-evidence.json,"/home/tushenghao/projects/campus-marker-opencv-assignment/src/tushenghao/docs/evidence/final-fixes/path-a/baseline/frames.jsonl","[{""bbox"":[286.7049560546875,320.49212646484375,197.32730102539062,191.06134033203125],""category"":0,""confidence"":null,""corners"":[[292,320.49212646484375],[484.03225708007812,324.76190185546875],[480.22109985351562,511.553466796875],[286.7049560546875,508.68508911132812]],""marker_code"":null,""orientation"":[0,1,2,3],""quality_flags"":0}]",1,PENDING
781,"new_success",frame-781-original.png,frame-781-evidence.png,frame-781-evidence.json,"/home/tushenghao/projects/campus-marker-opencv-assignment/src/tushenghao/docs/evidence/final-fixes/path-a/baseline/frames.jsonl","[]",1,PENDING
783,"raw_geometry_or_orientation_change",frame-783-original.png,frame-783-evidence.png,frame-783-evidence.json,"/home/tushenghao/projects/campus-marker-opencv-assignment/src/tushenghao/docs/evidence/final-fixes/path-a/baseline/frames.jsonl","[{""bbox"":[164.23684692382812,318,198.76315307617188,191.427001953125],""category"":0,""confidence"":null,""corners"":[[170,318],[363,322],[359,509.427001953125],[164.23684692382812,507]],""marker_code"":null,""orientation"":[0,1,2,3],""quality_flags"":0}]",1,PENDING
790,"new_success",frame-790-original.png,frame-790-evidence.png,frame-790-evidence.json,"/home/tushenghao/projects/campus-marker-opencv-assignment/src/tushenghao/docs/evidence/final-fixes/path-a/baseline/frames.jsonl","[]",1,PENDING
793,"new_success",frame-793-original.png,frame-793-evidence.png,frame-793-evidence.json,"/home/tushenghao/projects/campus-marker-opencv-assignment/src/tushenghao/docs/evidence/final-fixes/path-a/baseline/frames.jsonl","[]",1,PENDING
800,"new_success",frame-800-original.png,frame-800-evidence.png,frame-800-evidence.json,"/home/tushenghao/projects/campus-marker-opencv-assignment/src/tushenghao/docs/evidence/final-fixes/path-a/baseline/frames.jsonl","[]",1,PENDING
975,"new_success",frame-975-original.png,frame-975-evidence.png,frame-975-evidence.json,"/home/tushenghao/projects/campus-marker-opencv-assignment/src/tushenghao/docs/evidence/final-fixes/path-a/baseline/frames.jsonl","[]",1,PENDING
983,"raw_geometry_or_orientation_change",frame-983-original.png,frame-983-evidence.png,frame-983-evidence.json,"/home/tushenghao/projects/campus-marker-opencv-assignment/src/tushenghao/docs/evidence/final-fixes/path-a/baseline/frames.jsonl","[{""bbox"":[134,318,199.50283813476562,191],""category"":0,""confidence"":null,""corners"":[[139.06645202636719,318],[333.50283813476562,321.55123901367188],[327.89718627929688,509],[134,505.757080078125]],""marker_code"":null,""orientation"":[0,1,2,3],""quality_flags"":0}]",1,PENDING
988,"new_success",frame-988-original.png,frame-988-evidence.png,frame-988-evidence.json,"/home/tushenghao/projects/campus-marker-opencv-assignment/src/tushenghao/docs/evidence/final-fixes/path-a/baseline/frames.jsonl","[]",1,PENDING
989,"new_success",frame-989-original.png,frame-989-evidence.png,frame-989-evidence.json,"/home/tushenghao/projects/campus-marker-opencv-assignment/src/tushenghao/docs/evidence/final-fixes/path-a/baseline/frames.jsonl","[]",1,PENDING
991,"new_success",frame-991-original.png,frame-991-evidence.png,frame-991-evidence.json,"/home/tushenghao/projects/campus-marker-opencv-assignment/src/tushenghao/docs/evidence/final-fixes/path-a/baseline/frames.jsonl","[]",1,PENDING
997,"raw_geometry_or_orientation_change",frame-997-original.png,frame-997-evidence.png,frame-997-evidence.json,"/home/tushenghao/projects/campus-marker-opencv-assignment/src/tushenghao/docs/evidence/final-fixes/path-a/baseline/frames.jsonl","[{""bbox"":[294,319.89364624023438,198.42709350585938,192.01339721679688],""category"":0,""confidence"":null,""corners"":[[299.36215209960938,319.89364624023438],[492.42709350585938,324],[487.4996337890625,511.90704345703125],[294,508.57699584960938]],""marker_code"":null,""orientation"":[0,1,2,3],""quality_flags"":0}]",1,PENDING
999,"new_success",frame-999-original.png,frame-999-evidence.png,frame-999-evidence.json,"/home/tushenghao/projects/campus-marker-opencv-assignment/src/tushenghao/docs/evidence/final-fixes/path-a/baseline/frames.jsonl","[]",1,PENDING
1006,"new_success",frame-1006-original.png,frame-1006-evidence.png,frame-1006-evidence.json,"/home/tushenghao/projects/campus-marker-opencv-assignment/src/tushenghao/docs/evidence/final-fixes/path-a/baseline/frames.jsonl","[]",1,PENDING
1007,"new_success",frame-1007-original.png,frame-1007-evidence.png,frame-1007-evidence.json,"/home/tushenghao/projects/campus-marker-opencv-assignment/src/tushenghao/docs/evidence/final-fixes/path-a/baseline/frames.jsonl","[]",1,PENDING
1008,"new_success",frame-1008-original.png,frame-1008-evidence.png,frame-1008-evidence.json,"/home/tushenghao/projects/campus-marker-opencv-assignment/src/tushenghao/docs/evidence/final-fixes/path-a/baseline/frames.jsonl","[]",1,PENDING
1015,"new_success",frame-1015-original.png,frame-1015-evidence.png,frame-1015-evidence.json,"/home/tushenghao/projects/campus-marker-opencv-assignment/src/tushenghao/docs/evidence/final-fixes/path-a/baseline/frames.jsonl","[]",1,PENDING
1016,"new_success",frame-1016-original.png,frame-1016-evidence.png,frame-1016-evidence.json,"/home/tushenghao/projects/campus-marker-opencv-assignment/src/tushenghao/docs/evidence/final-fixes/path-a/baseline/frames.jsonl","[]",1,PENDING
1027,"new_success",frame-1027-original.png,frame-1027-evidence.png,frame-1027-evidence.json,"/home/tushenghao/projects/campus-marker-opencv-assignment/src/tushenghao/docs/evidence/final-fixes/path-a/baseline/frames.jsonl","[]",1,PENDING
1031,"new_success",frame-1031-original.png,frame-1031-evidence.png,frame-1031-evidence.json,"/home/tushenghao/projects/campus-marker-opencv-assignment/src/tushenghao/docs/evidence/final-fixes/path-a/baseline/frames.jsonl","[]",1,PENDING
1032,"new_success",frame-1032-original.png,frame-1032-evidence.png,frame-1032-evidence.json,"/home/tushenghao/projects/campus-marker-opencv-assignment/src/tushenghao/docs/evidence/final-fixes/path-a/baseline/frames.jsonl","[]",1,PENDING
1045,"new_success",frame-1045-original.png,frame-1045-evidence.png,frame-1045-evidence.json,"/home/tushenghao/projects/campus-marker-opencv-assignment/src/tushenghao/docs/evidence/final-fixes/path-a/baseline/frames.jsonl","[]",1,PENDING
1052,"new_success",frame-1052-original.png,frame-1052-evidence.png,frame-1052-evidence.json,"/home/tushenghao/projects/campus-marker-opencv-assignment/src/tushenghao/docs/evidence/final-fixes/path-a/baseline/frames.jsonl","[]",1,PENDING
1060,"new_success",frame-1060-original.png,frame-1060-evidence.png,frame-1060-evidence.json,"/home/tushenghao/projects/campus-marker-opencv-assignment/src/tushenghao/docs/evidence/final-fixes/path-a/baseline/frames.jsonl","[]",1,PENDING
1071,"new_success",frame-1071-original.png,frame-1071-evidence.png,frame-1071-evidence.json,"/home/tushenghao/projects/campus-marker-opencv-assignment/src/tushenghao/docs/evidence/final-fixes/path-a/baseline/frames.jsonl","[]",1,PENDING
1083,"raw_geometry_or_orientation_change",frame-1083-original.png,frame-1083-evidence.png,frame-1083-evidence.json,"/home/tushenghao/projects/campus-marker-opencv-assignment/src/tushenghao/docs/evidence/final-fixes/path-a/baseline/frames.jsonl","[{""bbox"":[1118.683837890625,337.05758666992188,183.348388671875,190.27505493164062],""category"":0,""confidence"":null,""corners"":[[1122,337.05758666992188],[1302.0322265625,344],[1300.6844482421875,527.3326416015625],[1118.683837890625,521]],""marker_code"":null,""orientation"":[0,1,2,3],""quality_flags"":0}]",1,PENDING
1109,"new_success",frame-1109-original.png,frame-1109-evidence.png,frame-1109-evidence.json,"/home/tushenghao/projects/campus-marker-opencv-assignment/src/tushenghao/docs/evidence/final-fixes/path-a/baseline/frames.jsonl","[]",1,PENDING
1116,"new_success",frame-1116-original.png,frame-1116-evidence.png,frame-1116-evidence.json,"/home/tushenghao/projects/campus-marker-opencv-assignment/src/tushenghao/docs/evidence/final-fixes/path-a/baseline/frames.jsonl","[]",1,PENDING
1121,"new_success",frame-1121-original.png,frame-1121-evidence.png,frame-1121-evidence.json,"/home/tushenghao/projects/campus-marker-opencv-assignment/src/tushenghao/docs/evidence/final-fixes/path-a/baseline/frames.jsonl","[]",1,PENDING
1136,"new_success",frame-1136-original.png,frame-1136-evidence.png,frame-1136-evidence.json,"/home/tushenghao/projects/campus-marker-opencv-assignment/src/tushenghao/docs/evidence/final-fixes/path-a/baseline/frames.jsonl","[]",1,PENDING
1138,"new_success",frame-1138-original.png,frame-1138-evidence.png,frame-1138-evidence.json,"/home/tushenghao/projects/campus-marker-opencv-assignment/src/tushenghao/docs/evidence/final-fixes/path-a/baseline/frames.jsonl","[]",1,PENDING
1142,"new_success",frame-1142-original.png,frame-1142-evidence.png,frame-1142-evidence.json,"/home/tushenghao/projects/campus-marker-opencv-assignment/src/tushenghao/docs/evidence/final-fixes/path-a/baseline/frames.jsonl","[]",1,PENDING
1145,"new_success",frame-1145-original.png,frame-1145-evidence.png,frame-1145-evidence.json,"/home/tushenghao/projects/campus-marker-opencv-assignment/src/tushenghao/docs/evidence/final-fixes/path-a/baseline/frames.jsonl","[]",1,PENDING
1151,"new_success",frame-1151-original.png,frame-1151-evidence.png,frame-1151-evidence.json,"/home/tushenghao/projects/campus-marker-opencv-assignment/src/tushenghao/docs/evidence/final-fixes/path-a/baseline/frames.jsonl","[]",1,PENDING
1158,"new_success",frame-1158-original.png,frame-1158-evidence.png,frame-1158-evidence.json,"/home/tushenghao/projects/campus-marker-opencv-assignment/src/tushenghao/docs/evidence/final-fixes/path-a/baseline/frames.jsonl","[]",1,PENDING
1165,"new_success",frame-1165-original.png,frame-1165-evidence.png,frame-1165-evidence.json,"/home/tushenghao/projects/campus-marker-opencv-assignment/src/tushenghao/docs/evidence/final-fixes/path-a/baseline/frames.jsonl","[]",1,PENDING
1170,"new_success",frame-1170-original.png,frame-1170-evidence.png,frame-1170-evidence.json,"/home/tushenghao/projects/campus-marker-opencv-assignment/src/tushenghao/docs/evidence/final-fixes/path-a/baseline/frames.jsonl","[]",1,PENDING
1175,"new_success",frame-1175-original.png,frame-1175-evidence.png,frame-1175-evidence.json,"/home/tushenghao/projects/campus-marker-opencv-assignment/src/tushenghao/docs/evidence/final-fixes/path-a/baseline/frames.jsonl","[]",1,PENDING
1178,"new_success",frame-1178-original.png,frame-1178-evidence.png,frame-1178-evidence.json,"/home/tushenghao/projects/campus-marker-opencv-assignment/src/tushenghao/docs/evidence/final-fixes/path-a/baseline/frames.jsonl","[]",1,PENDING
1195,"new_success",frame-1195-original.png,frame-1195-evidence.png,frame-1195-evidence.json,"/home/tushenghao/projects/campus-marker-opencv-assignment/src/tushenghao/docs/evidence/final-fixes/path-a/baseline/frames.jsonl","[]",1,PENDING
1204,"new_success",frame-1204-original.png,frame-1204-evidence.png,frame-1204-evidence.json,"/home/tushenghao/projects/campus-marker-opencv-assignment/src/tushenghao/docs/evidence/final-fixes/path-a/baseline/frames.jsonl","[]",1,PENDING
1409,"new_success",frame-1409-original.png,frame-1409-evidence.png,frame-1409-evidence.json,"/home/tushenghao/projects/campus-marker-opencv-assignment/src/tushenghao/docs/evidence/final-fixes/path-a/baseline/frames.jsonl","[]",1,PENDING
1415,"new_success",frame-1415-original.png,frame-1415-evidence.png,frame-1415-evidence.json,"/home/tushenghao/projects/campus-marker-opencv-assignment/src/tushenghao/docs/evidence/final-fixes/path-a/baseline/frames.jsonl","[]",1,PENDING
1418,"new_success",frame-1418-original.png,frame-1418-evidence.png,frame-1418-evidence.json,"/home/tushenghao/projects/campus-marker-opencv-assignment/src/tushenghao/docs/evidence/final-fixes/path-a/baseline/frames.jsonl","[]",1,PENDING
1420,"new_success",frame-1420-original.png,frame-1420-evidence.png,frame-1420-evidence.json,"/home/tushenghao/projects/campus-marker-opencv-assignment/src/tushenghao/docs/evidence/final-fixes/path-a/baseline/frames.jsonl","[]",1,PENDING
1437,"new_success",frame-1437-original.png,frame-1437-evidence.png,frame-1437-evidence.json,"/home/tushenghao/projects/campus-marker-opencv-assignment/src/tushenghao/docs/evidence/final-fixes/path-a/baseline/frames.jsonl","[]",1,PENDING
1444,"new_success",frame-1444-original.png,frame-1444-evidence.png,frame-1444-evidence.json,"/home/tushenghao/projects/campus-marker-opencv-assignment/src/tushenghao/docs/evidence/final-fixes/path-a/baseline/frames.jsonl","[]",1,PENDING
1447,"new_success",frame-1447-original.png,frame-1447-evidence.png,frame-1447-evidence.json,"/home/tushenghao/projects/campus-marker-opencv-assignment/src/tushenghao/docs/evidence/final-fixes/path-a/baseline/frames.jsonl","[]",1,PENDING
1463,"new_success",frame-1463-original.png,frame-1463-evidence.png,frame-1463-evidence.json,"/home/tushenghao/projects/campus-marker-opencv-assignment/src/tushenghao/docs/evidence/final-fixes/path-a/baseline/frames.jsonl","[]",1,PENDING
1506,"new_success",frame-1506-original.png,frame-1506-evidence.png,frame-1506-evidence.json,"/home/tushenghao/projects/campus-marker-opencv-assignment/src/tushenghao/docs/evidence/final-fixes/path-a/baseline/frames.jsonl","[]",1,PENDING
1507,"new_success",frame-1507-original.png,frame-1507-evidence.png,frame-1507-evidence.json,"/home/tushenghao/projects/campus-marker-opencv-assignment/src/tushenghao/docs/evidence/final-fixes/path-a/baseline/frames.jsonl","[]",1,PENDING
1521,"new_success",frame-1521-original.png,frame-1521-evidence.png,frame-1521-evidence.json,"/home/tushenghao/projects/campus-marker-opencv-assignment/src/tushenghao/docs/evidence/final-fixes/path-a/baseline/frames.jsonl","[]",1,PENDING
1524,"raw_geometry_or_orientation_change",frame-1524-original.png,frame-1524-evidence.png,frame-1524-evidence.json,"/home/tushenghao/projects/campus-marker-opencv-assignment/src/tushenghao/docs/evidence/final-fixes/path-a/baseline/frames.jsonl","[{""bbox"":[580,326.95718383789062,195,191.04281616210938],""category"":0,""confidence"":null,""corners"":[[584,326.95718383789062],[775,332],[770.82720947265625,518],[580,514]],""marker_code"":null,""orientation"":[0,1,2,3],""quality_flags"":0}]",1,PENDING
1525,"raw_geometry_or_orientation_change",frame-1525-original.png,frame-1525-evidence.png,frame-1525-evidence.json,"/home/tushenghao/projects/campus-marker-opencv-assignment/src/tushenghao/docs/evidence/final-fixes/path-a/baseline/frames.jsonl","[{""bbox"":[569.46990966796875,326.65798950195312,195.01531982421875,191.17037963867188],""category"":0,""confidence"":null,""corners"":[[573.22161865234375,326.65798950195312],[764.4852294921875,332.53619384765625],[761,517.828369140625],[569.46990966796875,513.586669921875]],""marker_code"":null,""orientation"":[0,1,2,3],""quality_flags"":0}]",1,PENDING
1531,"new_success",frame-1531-original.png,frame-1531-evidence.png,frame-1531-evidence.json,"/home/tushenghao/projects/campus-marker-opencv-assignment/src/tushenghao/docs/evidence/final-fixes/path-a/baseline/frames.jsonl","[]",1,PENDING
1540,"new_success",frame-1540-original.png,frame-1540-evidence.png,frame-1540-evidence.json,"/home/tushenghao/projects/campus-marker-opencv-assignment/src/tushenghao/docs/evidence/final-fixes/path-a/baseline/frames.jsonl","[]",1,PENDING
1544,"new_success",frame-1544-original.png,frame-1544-evidence.png,frame-1544-evidence.json,"/home/tushenghao/projects/campus-marker-opencv-assignment/src/tushenghao/docs/evidence/final-fixes/path-a/baseline/frames.jsonl","[]",1,PENDING
1547,"new_success",frame-1547-original.png,frame-1547-evidence.png,frame-1547-evidence.json,"/home/tushenghao/projects/campus-marker-opencv-assignment/src/tushenghao/docs/evidence/final-fixes/path-a/baseline/frames.jsonl","[]",1,PENDING
1549,"new_success",frame-1549-original.png,frame-1549-evidence.png,frame-1549-evidence.json,"/home/tushenghao/projects/campus-marker-opencv-assignment/src/tushenghao/docs/evidence/final-fixes/path-a/baseline/frames.jsonl","[]",1,PENDING
1551,"raw_geometry_or_orientation_change",frame-1551-original.png,frame-1551-evidence.png,frame-1551-evidence.json,"/home/tushenghao/projects/campus-marker-opencv-assignment/src/tushenghao/docs/evidence/final-fixes/path-a/baseline/frames.jsonl","[{""bbox"":[278,319.79983520507812,197,192.18612670898438],""category"":0,""confidence"":null,""corners"":[[282.81619262695312,319.79983520507812],[475,324],[470.46212768554688,511.9859619140625],[278,508.46978759765625]],""marker_code"":null,""orientation"":[0,1,2,3],""quality_flags"":0}]",1,PENDING
1561,"new_success",frame-1561-original.png,frame-1561-evidence.png,frame-1561-evidence.json,"/home/tushenghao/projects/campus-marker-opencv-assignment/src/tushenghao/docs/evidence/final-fixes/path-a/baseline/frames.jsonl","[]",1,PENDING
1569,"new_success",frame-1569-original.png,frame-1569-evidence.png,frame-1569-evidence.json,"/home/tushenghao/projects/campus-marker-opencv-assignment/src/tushenghao/docs/evidence/final-fixes/path-a/baseline/frames.jsonl","[]",1,PENDING
