frame_id,reason,original,evidence,evidence_json,user_review,approval_record
2,new_success,../frames/frame-2-original.png,../frames/frame-2-evidence.png,../frames/frame-2-evidence.json,PASS,user_review_approval.json
5,new_success,../frames/frame-5-original.png,../frames/frame-5-evidence.png,../frames/frame-5-evidence.json,PASS,user_review_approval.json
10,new_success,../frames/frame-10-original.png,../frames/frame-10-evidence.png,../frames/frame-10-evidence.json,PASS,user_review_approval.json
11,new_success,../frames/frame-11-original.png,../frames/frame-11-evidence.png,../frames/frame-11-evidence.json,PASS,user_review_approval.json
13,new_success,../frames/frame-13-original.png,../frames/frame-13-evidence.png,../frames/frame-13-evidence.json,PASS,user_review_approval.json
15,new_success,../frames/frame-15-original.png,../frames/frame-15-evidence.png,../frames/frame-15-evidence.json,PASS,user_review_approval.json
26,raw_geometry_or_orientation_change,../frames/frame-26-original.png,../frames/frame-26-evidence.png,../frames/frame-26-evidence.json,PASS,user_review_approval.json
135,new_success,../frames/frame-135-original.png,../frames/frame-135-evidence.png,../frames/frame-135-evidence.json,PASS,user_review_approval.json
144,new_success,../frames/frame-144-original.png,../frames/frame-144-evidence.png,../frames/frame-144-evidence.json,PASS,user_review_approval.json
145,raw_geometry_or_orientation_change,../frames/frame-145-original.png,../frames/frame-145-evidence.png,../frames/frame-145-evidence.json,PASS,user_review_approval.json
155,new_success,../frames/frame-155-original.png,../frames/frame-155-evidence.png,../frames/frame-155-evidence.json,PASS,user_review_approval.json
161,new_success,../frames/frame-161-original.png,../frames/frame-161-evidence.png,../frames/frame-161-evidence.json,PASS,user_review_approval.json
166,new_success,../frames/frame-166-original.png,../frames/frame-166-evidence.png,../frames/frame-166-evidence.json,PASS,user_review_approval.json
170,new_success,../frames/frame-170-original.png,../frames/frame-170-evidence.png,../frames/frame-170-evidence.json,PASS,user_review_approval.json
173,raw_geometry_or_orientation_change,../frames/frame-173-original.png,../frames/frame-173-evidence.png,../frames/frame-173-evidence.json,PASS,user_review_approval.json
175,new_success,../frames/frame-175-original.png,../frames/frame-175-evidence.png,../frames/frame-175-evidence.json,PASS,user_review_approval.json
181,new_success,../frames/frame-181-original.png,../frames/frame-181-evidence.png,../frames/frame-181-evidence.json,PASS,user_review_approval.json
184,new_success,../frames/frame-184-original.png,../frames/frame-184-evidence.png,../frames/frame-184-evidence.json,PASS,user_review_approval.json
190,new_success,../frames/frame-190-original.png,../frames/frame-190-evidence.png,../frames/frame-190-evidence.json,PASS,user_review_approval.json
194,new_success,../frames/frame-194-original.png,../frames/frame-194-evidence.png,../frames/frame-194-evidence.json,PASS,user_review_approval.json
197,new_success,../frames/frame-197-original.png,../frames/frame-197-evidence.png,../frames/frame-197-evidence.json,PASS,user_review_approval.json
201,raw_geometry_or_orientation_change,../frames/frame-201-original.png,../frames/frame-201-evidence.png,../frames/frame-201-evidence.json,PASS,user_review_approval.json
204,raw_geometry_or_orientation_change,../frames/frame-204-original.png,../frames/frame-204-evidence.png,../frames/frame-204-evidence.json,PASS,user_review_approval.json
208,new_success,../frames/frame-208-original.png,../frames/frame-208-evidence.png,../frames/frame-208-evidence.json,PASS,user_review_approval.json
212,raw_geometry_or_orientation_change,../frames/frame-212-original.png,../frames/frame-212-evidence.png,../frames/frame-212-evidence.json,PASS,user_review_approval.json
223,raw_geometry_or_orientation_change,../frames/frame-223-original.png,../frames/frame-223-evidence.png,../frames/frame-223-evidence.json,PASS,user_review_approval.json
225,raw_geometry_or_orientation_change,../frames/frame-225-original.png,../frames/frame-225-evidence.png,../frames/frame-225-evidence.json,PASS,user_review_approval.json
231,new_success,../frames/frame-231-original.png,../frames/frame-231-evidence.png,../frames/frame-231-evidence.json,PASS,user_review_approval.json
241,new_success,../frames/frame-241-original.png,../frames/frame-241-evidence.png,../frames/frame-241-evidence.json,PASS,user_review_approval.json
306,raw_geometry_or_orientation_change,../frames/frame-306-original.png,../frames/frame-306-evidence.png,../frames/frame-306-evidence.json,PASS,user_review_approval.json
309,new_success,../frames/frame-309-original.png,../frames/frame-309-evidence.png,../frames/frame-309-evidence.json,PASS,user_review_approval.json
326,new_success,../frames/frame-326-original.png,../frames/frame-326-evidence.png,../frames/frame-326-evidence.json,PASS,user_review_approval.json
328,new_success,../frames/frame-328-original.png,../frames/frame-328-evidence.png,../frames/frame-328-evidence.json,PASS,user_review_approval.json
345,new_success,../frames/frame-345-original.png,../frames/frame-345-evidence.png,../frames/frame-345-evidence.json,PASS,user_review_approval.json
350,raw_geometry_or_orientation_change,../frames/frame-350-original.png,../frames/frame-350-evidence.png,../frames/frame-350-evidence.json,PASS,user_review_approval.json
351,new_success,../frames/frame-351-original.png,../frames/frame-351-evidence.png,../frames/frame-351-evidence.json,PASS,user_review_approval.json
397,new_success,../frames/frame-397-original.png,../frames/frame-397-evidence.png,../frames/frame-397-evidence.json,PASS,user_review_approval.json
411,new_success,../frames/frame-411-original.png,../frames/frame-411-evidence.png,../frames/frame-411-evidence.json,PASS,user_review_approval.json
475,new_success,../frames/frame-475-original.png,../frames/frame-475-evidence.png,../frames/frame-475-evidence.json,PASS,user_review_approval.json
484,new_success,../frames/frame-484-original.png,../frames/frame-484-evidence.png,../frames/frame-484-evidence.json,PASS,user_review_approval.json
491,new_success,../frames/frame-491-original.png,../frames/frame-491-evidence.png,../frames/frame-491-evidence.json,PASS,user_review_approval.json
493,new_success,../frames/frame-493-original.png,../frames/frame-493-evidence.png,../frames/frame-493-evidence.json,PASS,user_review_approval.json
516,new_success,../frames/frame-516-original.png,../frames/frame-516-evidence.png,../frames/frame-516-evidence.json,PASS,user_review_approval.json
520,new_success,../frames/frame-520-original.png,../frames/frame-520-evidence.png,../frames/frame-520-evidence.json,PASS,user_review_approval.json
527,new_success,../frames/frame-527-original.png,../frames/frame-527-evidence.png,../frames/frame-527-evidence.json,PASS,user_review_approval.json
528,new_success,../frames/frame-528-original.png,../frames/frame-528-evidence.png,../frames/frame-528-evidence.json,PASS,user_review_approval.json
572,new_success,../frames/frame-572-original.png,../frames/frame-572-evidence.png,../frames/frame-572-evidence.json,PASS,user_review_approval.json
580,new_success,../frames/frame-580-original.png,../frames/frame-580-evidence.png,../frames/frame-580-evidence.json,PASS,user_review_approval.json
585,new_success,../frames/frame-585-original.png,../frames/frame-585-evidence.png,../frames/frame-585-evidence.json,PASS,user_review_approval.json
599,new_success,../frames/frame-599-original.png,../frames/frame-599-evidence.png,../frames/frame-599-evidence.json,PASS,user_review_approval.json
631,new_success,../frames/frame-631-original.png,../frames/frame-631-evidence.png,../frames/frame-631-evidence.json,PASS,user_review_approval.json
636,new_success,../frames/frame-636-original.png,../frames/frame-636-evidence.png,../frames/frame-636-evidence.json,PASS,user_review_approval.json
640,new_success,../frames/frame-640-original.png,../frames/frame-640-evidence.png,../frames/frame-640-evidence.json,PASS,user_review_approval.json
667,raw_geometry_or_orientation_change,../frames/frame-667-original.png,../frames/frame-667-evidence.png,../frames/frame-667-evidence.json,PASS,user_review_approval.json
676,new_success,../frames/frame-676-original.png,../frames/frame-676-evidence.png,../frames/frame-676-evidence.json,PASS,user_review_approval.json
683,new_success,../frames/frame-683-original.png,../frames/frame-683-evidence.png,../frames/frame-683-evidence.json,PASS,user_review_approval.json
684,new_success,../frames/frame-684-original.png,../frames/frame-684-evidence.png,../frames/frame-684-evidence.json,PASS,user_review_approval.json
686,new_success,../frames/frame-686-original.png,../frames/frame-686-evidence.png,../frames/frame-686-evidence.json,PASS,user_review_approval.json
697,raw_geometry_or_orientation_change,../frames/frame-697-original.png,../frames/frame-697-evidence.png,../frames/frame-697-evidence.json,PASS,user_review_approval.json
700,new_success,../frames/frame-700-original.png,../frames/frame-700-evidence.png,../frames/frame-700-evidence.json,PASS,user_review_approval.json
701,new_success,../frames/frame-701-original.png,../frames/frame-701-evidence.png,../frames/frame-701-evidence.json,PASS,user_review_approval.json
706,new_success,../frames/frame-706-original.png,../frames/frame-706-evidence.png,../frames/frame-706-evidence.json,PASS,user_review_approval.json
717,new_success,../frames/frame-717-original.png,../frames/frame-717-evidence.png,../frames/frame-717-evidence.json,PASS,user_review_approval.json
724,new_success,../frames/frame-724-original.png,../frames/frame-724-evidence.png,../frames/frame-724-evidence.json,PASS,user_review_approval.json
726,new_success,../frames/frame-726-original.png,../frames/frame-726-evidence.png,../frames/frame-726-evidence.json,PASS,user_review_approval.json
755,new_success,../frames/frame-755-original.png,../frames/frame-755-evidence.png,../frames/frame-755-evidence.json,PASS,user_review_approval.json
765,new_success,../frames/frame-765-original.png,../frames/frame-765-evidence.png,../frames/frame-765-evidence.json,PASS,user_review_approval.json
766,new_success,../frames/frame-766-original.png,../frames/frame-766-evidence.png,../frames/frame-766-evidence.json,PASS,user_review_approval.json
767,new_success,../frames/frame-767-original.png,../frames/frame-767-evidence.png,../frames/frame-767-evidence.json,PASS,user_review_approval.json
771,new_success,../frames/frame-771-original.png,../frames/frame-771-evidence.png,../frames/frame-771-evidence.json,PASS,user_review_approval.json
772,raw_geometry_or_orientation_change,../frames/frame-772-original.png,../frames/frame-772-evidence.png,../frames/frame-772-evidence.json,PASS,user_review_approval.json
781,new_success,../frames/frame-781-original.png,../frames/frame-781-evidence.png,../frames/frame-781-evidence.json,PASS,user_review_approval.json
783,raw_geometry_or_orientation_change,../frames/frame-783-original.png,../frames/frame-783-evidence.png,../frames/frame-783-evidence.json,PASS,user_review_approval.json
790,new_success,../frames/frame-790-original.png,../frames/frame-790-evidence.png,../frames/frame-790-evidence.json,PASS,user_review_approval.json
793,new_success,../frames/frame-793-original.png,../frames/frame-793-evidence.png,../frames/frame-793-evidence.json,PASS,user_review_approval.json
800,new_success,../frames/frame-800-original.png,../frames/frame-800-evidence.png,../frames/frame-800-evidence.json,PASS,user_review_approval.json
975,new_success,../frames/frame-975-original.png,../frames/frame-975-evidence.png,../frames/frame-975-evidence.json,PASS,user_review_approval.json
983,raw_geometry_or_orientation_change,../frames/frame-983-original.png,../frames/frame-983-evidence.png,../frames/frame-983-evidence.json,PASS,user_review_approval.json
988,new_success,../frames/frame-988-original.png,../frames/frame-988-evidence.png,../frames/frame-988-evidence.json,PASS,user_review_approval.json
989,new_success,../frames/frame-989-original.png,../frames/frame-989-evidence.png,../frames/frame-989-evidence.json,PASS,user_review_approval.json
991,new_success,../frames/frame-991-original.png,../frames/frame-991-evidence.png,../frames/frame-991-evidence.json,PASS,user_review_approval.json
997,raw_geometry_or_orientation_change,../frames/frame-997-original.png,../frames/frame-997-evidence.png,../frames/frame-997-evidence.json,PASS,user_review_approval.json
999,new_success,../frames/frame-999-original.png,../frames/frame-999-evidence.png,../frames/frame-999-evidence.json,PASS,user_review_approval.json
1006,new_success,../frames/frame-1006-original.png,../frames/frame-1006-evidence.png,../frames/frame-1006-evidence.json,PASS,user_review_approval.json
1007,new_success,../frames/frame-1007-original.png,../frames/frame-1007-evidence.png,../frames/frame-1007-evidence.json,PASS,user_review_approval.json
1008,new_success,../frames/frame-1008-original.png,../frames/frame-1008-evidence.png,../frames/frame-1008-evidence.json,PASS,user_review_approval.json
1015,new_success,../frames/frame-1015-original.png,../frames/frame-1015-evidence.png,../frames/frame-1015-evidence.json,PASS,user_review_approval.json
1016,new_success,../frames/frame-1016-original.png,../frames/frame-1016-evidence.png,../frames/frame-1016-evidence.json,PASS,user_review_approval.json
1027,new_success,../frames/frame-1027-original.png,../frames/frame-1027-evidence.png,../frames/frame-1027-evidence.json,PASS,user_review_approval.json
1031,new_success,../frames/frame-1031-original.png,../frames/frame-1031-evidence.png,../frames/frame-1031-evidence.json,PASS,user_review_approval.json
1032,new_success,../frames/frame-1032-original.png,../frames/frame-1032-evidence.png,../frames/frame-1032-evidence.json,PASS,user_review_approval.json
1045,new_success,../frames/frame-1045-original.png,../frames/frame-1045-evidence.png,../frames/frame-1045-evidence.json,PASS,user_review_approval.json
1052,new_success,../frames/frame-1052-original.png,../frames/frame-1052-evidence.png,../frames/frame-1052-evidence.json,PASS,user_review_approval.json
1060,new_success,../frames/frame-1060-original.png,../frames/frame-1060-evidence.png,../frames/frame-1060-evidence.json,PASS,user_review_approval.json
1071,new_success,../frames/frame-1071-original.png,../frames/frame-1071-evidence.png,../frames/frame-1071-evidence.json,PASS,user_review_approval.json
1083,raw_geometry_or_orientation_change,../frames/frame-1083-original.png,../frames/frame-1083-evidence.png,../frames/frame-1083-evidence.json,PASS,user_review_approval.json
1109,new_success,../frames/frame-1109-original.png,../frames/frame-1109-evidence.png,../frames/frame-1109-evidence.json,PASS,user_review_approval.json
1116,new_success,../frames/frame-1116-original.png,../frames/frame-1116-evidence.png,../frames/frame-1116-evidence.json,PASS,user_review_approval.json
1121,new_success,../frames/frame-1121-original.png,../frames/frame-1121-evidence.png,../frames/frame-1121-evidence.json,PASS,user_review_approval.json
1136,new_success,../frames/frame-1136-original.png,../frames/frame-1136-evidence.png,../frames/frame-1136-evidence.json,PASS,user_review_approval.json
1138,new_success,../frames/frame-1138-original.png,../frames/frame-1138-evidence.png,../frames/frame-1138-evidence.json,PASS,user_review_approval.json
1142,new_success,../frames/frame-1142-original.png,../frames/frame-1142-evidence.png,../frames/frame-1142-evidence.json,PASS,user_review_approval.json
1145,new_success,../frames/frame-1145-original.png,../frames/frame-1145-evidence.png,../frames/frame-1145-evidence.json,PASS,user_review_approval.json
1151,new_success,../frames/frame-1151-original.png,../frames/frame-1151-evidence.png,../frames/frame-1151-evidence.json,PASS,user_review_approval.json
1158,new_success,../frames/frame-1158-original.png,../frames/frame-1158-evidence.png,../frames/frame-1158-evidence.json,PASS,user_review_approval.json
1165,new_success,../frames/frame-1165-original.png,../frames/frame-1165-evidence.png,../frames/frame-1165-evidence.json,PASS,user_review_approval.json
1170,new_success,../frames/frame-1170-original.png,../frames/frame-1170-evidence.png,../frames/frame-1170-evidence.json,PASS,user_review_approval.json
1175,new_success,../frames/frame-1175-original.png,../frames/frame-1175-evidence.png,../frames/frame-1175-evidence.json,PASS,user_review_approval.json
1178,new_success,../frames/frame-1178-original.png,../frames/frame-1178-evidence.png,../frames/frame-1178-evidence.json,PASS,user_review_approval.json
1195,new_success,../frames/frame-1195-original.png,../frames/frame-1195-evidence.png,../frames/frame-1195-evidence.json,PASS,user_review_approval.json
1204,new_success,../frames/frame-1204-original.png,../frames/frame-1204-evidence.png,../frames/frame-1204-evidence.json,PASS,user_review_approval.json
1409,new_success,../frames/frame-1409-original.png,../frames/frame-1409-evidence.png,../frames/frame-1409-evidence.json,PASS,user_review_approval.json
1415,new_success,../frames/frame-1415-original.png,../frames/frame-1415-evidence.png,../frames/frame-1415-evidence.json,PASS,user_review_approval.json
1418,new_success,../frames/frame-1418-original.png,../frames/frame-1418-evidence.png,../frames/frame-1418-evidence.json,PASS,user_review_approval.json
1420,new_success,../frames/frame-1420-original.png,../frames/frame-1420-evidence.png,../frames/frame-1420-evidence.json,PASS,user_review_approval.json
1437,new_success,../frames/frame-1437-original.png,../frames/frame-1437-evidence.png,../frames/frame-1437-evidence.json,PASS,user_review_approval.json
1444,new_success,../frames/frame-1444-original.png,../frames/frame-1444-evidence.png,../frames/frame-1444-evidence.json,PASS,user_review_approval.json
1447,new_success,../frames/frame-1447-original.png,../frames/frame-1447-evidence.png,../frames/frame-1447-evidence.json,PASS,user_review_approval.json
1463,new_success,../frames/frame-1463-original.png,../frames/frame-1463-evidence.png,../frames/frame-1463-evidence.json,PASS,user_review_approval.json
1506,new_success,../frames/frame-1506-original.png,../frames/frame-1506-evidence.png,../frames/frame-1506-evidence.json,PASS,user_review_approval.json
1507,new_success,../frames/frame-1507-original.png,../frames/frame-1507-evidence.png,../frames/frame-1507-evidence.json,PASS,user_review_approval.json
1521,new_success,../frames/frame-1521-original.png,../frames/frame-1521-evidence.png,../frames/frame-1521-evidence.json,PASS,user_review_approval.json
1524,raw_geometry_or_orientation_change,../frames/frame-1524-original.png,../frames/frame-1524-evidence.png,../frames/frame-1524-evidence.json,PASS,user_review_approval.json
1525,raw_geometry_or_orientation_change,../frames/frame-1525-original.png,../frames/frame-1525-evidence.png,../frames/frame-1525-evidence.json,PASS,user_review_approval.json
1531,new_success,../frames/frame-1531-original.png,../frames/frame-1531-evidence.png,../frames/frame-1531-evidence.json,PASS,user_review_approval.json
1540,new_success,../frames/frame-1540-original.png,../frames/frame-1540-evidence.png,../frames/frame-1540-evidence.json,PASS,user_review_approval.json
1544,new_success,../frames/frame-1544-original.png,../frames/frame-1544-evidence.png,../frames/frame-1544-evidence.json,PASS,user_review_approval.json
1547,new_success,../frames/frame-1547-original.png,../frames/frame-1547-evidence.png,../frames/frame-1547-evidence.json,PASS,user_review_approval.json
1549,new_success,../frames/frame-1549-original.png,../frames/frame-1549-evidence.png,../frames/frame-1549-evidence.json,PASS,user_review_approval.json
1551,raw_geometry_or_orientation_change,../frames/frame-1551-original.png,../frames/frame-1551-evidence.png,../frames/frame-1551-evidence.json,PASS,user_review_approval.json
1561,new_success,../frames/frame-1561-original.png,../frames/frame-1561-evidence.png,../frames/frame-1561-evidence.json,PASS,user_review_approval.json
1569,new_success,../frames/frame-1569-original.png,../frames/frame-1569-evidence.png,../frames/frame-1569-evidence.json,PASS,user_review_approval.json
