including_file,line,included_file,include_text
app_config.hpp,3,detector_config.hpp,detector_config.hpp
assignment_match_metrics.hpp,4,geometry_types.hpp,geometry_types.hpp
assignment_match_metrics.hpp,5,marker_geometry.hpp,marker_geometry.hpp
assignment_match_metrics.hpp,6,observed_geometry_utils.hpp,observed_geometry_utils.hpp
config.cpp,1,config.hpp,config.hpp
config.cpp,42,corner_budget.hpp,corner_budget.hpp
config.cpp,47,config_error.hpp,config_error.hpp
config.hpp,5,app_config.hpp,app_config.hpp
corner_budget.hpp,3,detector_config.hpp,detector_config.hpp
corner_budget.hpp,4,config_error.hpp,config_error.hpp
corner_edge_fit.cpp,1,corner_edge_fit.hpp,corner_edge_fit.hpp
corner_edge_fit.cpp,4,observed_geometry_utils.hpp,observed_geometry_utils.hpp
corner_edge_fit.cpp,5,corner_budget.hpp,corner_budget.hpp
corner_edge_fit.hpp,3,corner_types.hpp,corner_types.hpp
corner_edge_fit.hpp,4,detector_config.hpp,detector_config.hpp
corner_evidence_validation.cpp,1,corner_evidence_validation.hpp,corner_evidence_validation.hpp
corner_evidence_validation.cpp,3,observed_geometry_utils.hpp,observed_geometry_utils.hpp
corner_evidence_validation.hpp,3,corner_types.hpp,corner_types.hpp
corner_evidence_validation.hpp,4,detector_config.hpp,detector_config.hpp
corner_observation.cpp,1,corner_observation.hpp,corner_observation.hpp
corner_observation.cpp,4,observed_geometry_utils.hpp,observed_geometry_utils.hpp
corner_observation.hpp,3,prepared_frame.hpp,prepared_frame.hpp
corner_observation.hpp,4,detector_config.hpp,detector_config.hpp
corner_resolver.cpp,1,corner_resolver.hpp,corner_resolver.hpp
corner_resolver.cpp,4,corner_observation.hpp,corner_observation.hpp
corner_resolver.cpp,5,corner_edge_fit.hpp,corner_edge_fit.hpp
corner_resolver.cpp,6,corner_budget.hpp,corner_budget.hpp
corner_resolver.cpp,7,observed_geometry_utils.hpp,observed_geometry_utils.hpp
corner_resolver.hpp,2,corner_types.hpp,corner_types.hpp
corner_resolver.hpp,4,detector_config.hpp,detector_config.hpp
corner_resolver.hpp,5,geometry_types.hpp,geometry_types.hpp
corner_resolver.hpp,6,marker_geometry.hpp,marker_geometry.hpp
corner_resolver.hpp,7,prepared_frame.hpp,prepared_frame.hpp
decode_stage.cpp,1,decode_stage.hpp,decode_stage.hpp
decode_stage.cpp,4,preprocess.hpp,preprocess.hpp
decode_stage.cpp,5,geometry_observation.hpp,geometry_observation.hpp
decode_stage.cpp,6,geometry_matcher.hpp,geometry_matcher.hpp
decode_stage.cpp,7,geometry_validation.hpp,geometry_validation.hpp
decode_stage.cpp,8,geometry_assignment_completion.hpp,geometry_assignment_completion.hpp
decode_stage.cpp,9,corner_resolver.hpp,corner_resolver.hpp
decode_stage.cpp,10,semantic_resolver.hpp,semantic_resolver.hpp
decode_stage.cpp,11,detection_validator.hpp,detection_validator.hpp
decode_stage.cpp,12,corner_budget.hpp,corner_budget.hpp
decode_stage.hpp,4,corner_types.hpp,corner_types.hpp
decode_stage.hpp,5,detector_types.hpp,detector_types.hpp
decode_stage.hpp,6,prepared_frame.hpp,prepared_frame.hpp
decode_stage.hpp,7,marker_geometry.hpp,marker_geometry.hpp
decode_stage.hpp,8,detector_config.hpp,detector_config.hpp
detection_validator.cpp,1,detection_validator.hpp,detection_validator.hpp
detection_validator.cpp,43,corner_evidence_validation.hpp,corner_evidence_validation.hpp
detection_validator.cpp,44,corner_budget.hpp,corner_budget.hpp
detection_validator.hpp,12,corner_types.hpp,corner_types.hpp
detector.cpp,1,detector.hpp,detector.hpp
detector.cpp,2,app_config.hpp,app_config.hpp
detector.cpp,3,config.hpp,config.hpp
detector.cpp,4,marker_geometry.hpp,marker_geometry.hpp
detector.cpp,5,decode_stage.hpp,decode_stage.hpp
detector.hpp,5,detector_config.hpp,detector_config.hpp
detector.hpp,7,detector_types.hpp,detector_types.hpp
docs/evidence/block3/05-video-arc-benchmark.cpp,1,corner_edge_fit.hpp,corner_edge_fit.hpp
docs/evidence/block3/ms_stage_diagnose.cpp,1,config.hpp,config.hpp
docs/evidence/block3/ms_stage_diagnose.cpp,3,preprocess.hpp,preprocess.hpp
docs/evidence/block3/ms_stage_diagnose.cpp,4,geometry_observation.hpp,geometry_observation.hpp
docs/evidence/block3/ms_stage_diagnose.cpp,5,geometry_matcher.hpp,geometry_matcher.hpp
docs/evidence/block3/ms_stage_diagnose.cpp,6,geometry_validation.hpp,geometry_validation.hpp
docs/evidence/block3/ms_stage_diagnose.cpp,7,geometry_assignment_completion.hpp,geometry_assignment_completion.hpp
docs/evidence/block3/ms_stage_diagnose.cpp,11,assignment_match_metrics.hpp,assignment_match_metrics.hpp
geometry_assignment_completion.cpp,1,geometry_assignment_completion.hpp,geometry_assignment_completion.hpp
geometry_assignment_completion.cpp,3,assignment_match_metrics.hpp,assignment_match_metrics.hpp
geometry_assignment_completion.cpp,4,config_error.hpp,config_error.hpp
geometry_assignment_completion.hpp,3,geometry_types.hpp,geometry_types.hpp
geometry_assignment_completion.hpp,4,marker_geometry.hpp,marker_geometry.hpp
geometry_assignment_completion.hpp,5,detector_config.hpp,detector_config.hpp
geometry_l_topology.cpp,1,geometry_l_topology.hpp,geometry_l_topology.hpp
geometry_l_topology.cpp,2,assignment_match_metrics.hpp,assignment_match_metrics.hpp
geometry_l_topology.hpp,3,geometry_types.hpp,geometry_types.hpp
geometry_l_topology.hpp,4,detector_config.hpp,detector_config.hpp
geometry_matcher.cpp,1,geometry_matcher.hpp,geometry_matcher.hpp
geometry_matcher.cpp,2,observed_geometry_utils.hpp,observed_geometry_utils.hpp
geometry_matcher.hpp,18,geometry_types.hpp,geometry_types.hpp
geometry_matcher.hpp,20,marker_geometry.hpp,marker_geometry.hpp
geometry_matcher.hpp,21,detector_config.hpp,detector_config.hpp
geometry_observation.cpp,1,geometry_observation.hpp,geometry_observation.hpp
geometry_observation.cpp,6,geometry_l_topology.hpp,geometry_l_topology.hpp
geometry_observation.cpp,7,prepared_frame.hpp,prepared_frame.hpp
geometry_observation.cpp,8,detector_config.hpp,detector_config.hpp
geometry_observation.hpp,18,geometry_types.hpp,geometry_types.hpp
geometry_utils.cpp,1,geometry_utils.hpp,geometry_utils.hpp
geometry_utils.hpp,3,marker_geometry.hpp,marker_geometry.hpp
geometry_validation.cpp,1,geometry_validation.hpp,geometry_validation.hpp
geometry_validation.hpp,3,geometry_types.hpp,geometry_types.hpp
geometry_validation.hpp,5,marker_geometry.hpp,marker_geometry.hpp
geometry_validation.hpp,6,detector_config.hpp,detector_config.hpp
main.cpp,1,config.hpp,config.hpp
main.cpp,4,detector.hpp,detector.hpp
main.cpp,5,config_error.hpp,config_error.hpp
marker_geometry.cpp,1,marker_geometry.hpp,marker_geometry.hpp
prepared_frame.hpp,22,geometry_types.hpp,geometry_types.hpp
preprocess.cpp,1,preprocess.hpp,preprocess.hpp
preprocess.hpp,2,detector_config.hpp,detector_config.hpp
preprocess.hpp,4,detector_types.hpp,detector_types.hpp
preprocess.hpp,5,prepared_frame.hpp,prepared_frame.hpp
screen_order.cpp,1,corner_types.hpp,corner_types.hpp
screen_order.cpp,2,detector_config.hpp,detector_config.hpp
semantic_resolver.cpp,1,semantic_resolver.hpp,semantic_resolver.hpp
semantic_resolver.cpp,2,detector_config.hpp,detector_config.hpp
semantic_resolver.hpp,12,corner_types.hpp,corner_types.hpp
tests/assignment_completion_test.cpp,1,tests/block3_fixture.hpp,block3_fixture.hpp
tests/assignment_completion_test.cpp,3,geometry_assignment_completion.hpp,geometry_assignment_completion.hpp
tests/assignment_completion_test.cpp,4,decode_stage.hpp,decode_stage.hpp
tests/assignment_completion_test.cpp,5,assignment_match_metrics.hpp,assignment_match_metrics.hpp
tests/block3_contract_regression_test.cpp,1,config.hpp,config.hpp
tests/block3_contract_regression_test.cpp,4,detector.hpp,detector.hpp
tests/block3_contract_regression_test.cpp,5,preprocess.hpp,preprocess.hpp
tests/block3_contract_regression_test.cpp,6,semantic_resolver.hpp,semantic_resolver.hpp
tests/block3_contract_regression_test.cpp,7,tests/block3_fixture.hpp,block3_fixture.hpp
tests/block3_contract_regression_test.cpp,8,corner_resolver.hpp,corner_resolver.hpp
tests/block3_contract_regression_test.cpp,9,detection_validator.hpp,detection_validator.hpp
tests/block3_contract_regression_test.cpp,10,config_error.hpp,config_error.hpp
tests/block3_fixture.hpp,4,preprocess.hpp,preprocess.hpp
tests/block3_fixture.hpp,5,corner_types.hpp,corner_types.hpp
tests/block3_fixture.hpp,6,marker_geometry.hpp,marker_geometry.hpp
tests/config_error_test.cpp,1,config.hpp,config.hpp
tests/config_error_test.cpp,12,config_error.hpp,config_error.hpp
tests/config_roundtrip_test.cpp,1,config.hpp,config.hpp
tests/config_roundtrip_test.cpp,17,config_error.hpp,config_error.hpp
tests/corner_edge_fit_test.cpp,1,tests/block3_fixture.hpp,block3_fixture.hpp
tests/corner_edge_fit_test.cpp,3,corner_edge_fit.hpp,corner_edge_fit.hpp
tests/corner_edge_fit_test.cpp,4,corner_evidence_validation.hpp,corner_evidence_validation.hpp
tests/corner_edge_fit_test.cpp,5,observed_geometry_utils.hpp,observed_geometry_utils.hpp
tests/corner_resolver_test.cpp,1,tests/block3_fixture.hpp,block3_fixture.hpp
tests/corner_resolver_test.cpp,4,corner_resolver.hpp,corner_resolver.hpp
tests/corner_resolver_test.cpp,5,config_error.hpp,config_error.hpp
tests/detection_validator_test.cpp,27,detection_validator.hpp,detection_validator.hpp
tests/detection_validator_test.cpp,29,detector_config.hpp,detector_config.hpp
tests/detection_validator_test.cpp,30,tests/block3_fixture.hpp,block3_fixture.hpp
tests/detection_validator_test.cpp,31,corner_resolver.hpp,corner_resolver.hpp
tests/detector_contract_test.cpp,1,detector.hpp,detector.hpp
tests/geometry_l_topology_test.cpp,1,geometry_observation.hpp,geometry_observation.hpp
tests/geometry_l_topology_test.cpp,3,geometry_matcher.hpp,geometry_matcher.hpp
tests/geometry_l_topology_test.cpp,4,geometry_validation.hpp,geometry_validation.hpp
tests/geometry_l_topology_test.cpp,5,observed_geometry_utils.hpp,observed_geometry_utils.hpp
tests/geometry_l_topology_test.cpp,6,tests/block3_fixture.hpp,tests/block3_fixture.hpp
tests/geometry_matcher_test.cpp,1,geometry_matcher.hpp,geometry_matcher.hpp
tests/geometry_matcher_test.cpp,16,marker_geometry.hpp,marker_geometry.hpp
tests/geometry_matcher_test.cpp,17,detector_config.hpp,detector_config.hpp
tests/geometry_model_test.cpp,1,marker_geometry.hpp,marker_geometry.hpp
tests/geometry_utils_test.cpp,1,geometry_utils.hpp,geometry_utils.hpp
tests/manual_validation_check.cpp,1,geometry_matcher.hpp,geometry_matcher.hpp
tests/manual_validation_check.cpp,15,geometry_validation.hpp,geometry_validation.hpp
tests/manual_validation_check.cpp,16,marker_geometry.hpp,marker_geometry.hpp
tests/manual_validation_check.cpp,17,detector_config.hpp,detector_config.hpp
tests/screen_order_test.cpp,31,corner_types.hpp,corner_types.hpp
tests/screen_order_test.cpp,33,detector_config.hpp,detector_config.hpp
tests/screen_order_test.cpp,34,corner_types.hpp,corner_types.hpp
tests/semantic_resolver_test.cpp,17,semantic_resolver.hpp,semantic_resolver.hpp
tests/semantic_resolver_test.cpp,19,detector_config.hpp,detector_config.hpp
tools/block3_fixture/main.cpp,1,tools/synth_ref/include/synthetic_gen/core.hpp,synthetic_gen/core.hpp
tools/block3_fixture/measure.cpp,1,tools/synth_ref/include/synthetic_gen/core.hpp,synthetic_gen/core.hpp
tools/block3_fixture/measure.cpp,4,config.hpp,config.hpp
tools/block3_fixture/measure.cpp,5,corner_resolver.hpp,corner_resolver.hpp
tools/block3_fixture/measure.cpp,6,preprocess.hpp,preprocess.hpp
tools/block3_fixture/measure.cpp,7,geometry_observation.hpp,geometry_observation.hpp
tools/block3_fixture/measure.cpp,8,observed_geometry_utils.hpp,observed_geometry_utils.hpp
tools/block3_fixture/measure.cpp,9,assignment_match_metrics.hpp,assignment_match_metrics.hpp
tools/block3_fixture/measure.cpp,10,geometry_matcher.hpp,geometry_matcher.hpp
tools/block3_fixture/measure.cpp,11,geometry_validation.hpp,geometry_validation.hpp
tools/block3_fixture/parent_diagnose.cpp,1,config.hpp,config.hpp
tools/block3_fixture/parent_diagnose.cpp,3,preprocess.hpp,preprocess.hpp
tools/block3_fixture/parent_diagnose.cpp,4,geometry_observation.hpp,geometry_observation.hpp
tools/block3_fixture/parent_diagnose.cpp,5,geometry_matcher.hpp,geometry_matcher.hpp
tools/block3_fixture/parent_diagnose.cpp,6,geometry_validation.hpp,geometry_validation.hpp
tools/block3_fixture/parent_diagnose.cpp,7,tools/file_digest.hpp,tools/file_digest.hpp
tools/block3_fixture/resources.cpp,1,tests/block3_fixture.hpp,../../tests/block3_fixture.hpp
tools/block3_fixture/resources.cpp,4,geometry_assignment_completion.hpp,geometry_assignment_completion.hpp
tools/block3_fixture/resources.cpp,5,decode_stage.hpp,decode_stage.hpp
tools/block3_fixture/verify.cpp,1,tools/synth_ref/include/synthetic_gen/core.hpp,synthetic_gen/core.hpp
tools/block3_fixture/verify.cpp,4,config.hpp,config.hpp
tools/block3_fixture/verify.cpp,5,decode_stage.hpp,decode_stage.hpp
tools/block3_fixture/verify.cpp,6,preprocess.hpp,preprocess.hpp
tools/block3_fixture/verify.cpp,7,geometry_observation.hpp,geometry_observation.hpp
tools/block3_fixture/verify.cpp,8,corner_resolver.hpp,corner_resolver.hpp
tools/block3_fixture/verify.cpp,9,corner_observation.hpp,corner_observation.hpp
tools/block3_fixture/verify.cpp,10,observed_geometry_utils.hpp,observed_geometry_utils.hpp
tools/block3_fixture/verify.cpp,11,assignment_match_metrics.hpp,assignment_match_metrics.hpp
tools/block3_fixture/verify.cpp,12,geometry_matcher.hpp,geometry_matcher.hpp
tools/block3_fixture/verify.cpp,13,geometry_validation.hpp,geometry_validation.hpp
tools/block3_fixture/video_corner_measure.cpp,1,config.hpp,config.hpp
tools/block3_fixture/video_corner_measure.cpp,4,preprocess.hpp,preprocess.hpp
tools/block3_fixture/video_corner_measure.cpp,5,geometry_observation.hpp,geometry_observation.hpp
tools/block3_fixture/video_corner_measure.cpp,6,geometry_matcher.hpp,geometry_matcher.hpp
tools/block3_fixture/video_corner_measure.cpp,7,geometry_validation.hpp,geometry_validation.hpp
tools/block3_fixture/video_corner_measure.cpp,8,geometry_assignment_completion.hpp,geometry_assignment_completion.hpp
tools/block3_fixture/video_corner_measure.cpp,9,corner_observation.hpp,corner_observation.hpp
tools/block3_fixture/video_corner_measure.cpp,10,corner_edge_fit.hpp,corner_edge_fit.hpp
tools/block3_fixture/video_corner_measure.cpp,11,observed_geometry_utils.hpp,observed_geometry_utils.hpp
tools/block3_fixture/video_diagnose.cpp,1,config.hpp,config.hpp
tools/block3_fixture/video_diagnose.cpp,3,preprocess.hpp,preprocess.hpp
tools/block3_fixture/video_diagnose.cpp,4,geometry_observation.hpp,geometry_observation.hpp
tools/block3_fixture/video_diagnose.cpp,5,geometry_matcher.hpp,geometry_matcher.hpp
tools/block3_fixture/video_diagnose.cpp,6,geometry_validation.hpp,geometry_validation.hpp
tools/block3_fixture/video_diagnose.cpp,7,geometry_assignment_completion.hpp,geometry_assignment_completion.hpp
tools/block3_fixture/video_diagnose.cpp,8,corner_observation.hpp,corner_observation.hpp
tools/block3_fixture/video_diagnose.cpp,9,corner_edge_fit.hpp,corner_edge_fit.hpp
tools/block3_fixture/video_diagnose.cpp,10,corner_resolver.hpp,corner_resolver.hpp
tools/block3_fixture/video_diagnose.cpp,11,decode_stage.hpp,decode_stage.hpp
tools/block3_fixture/video_diagnose.cpp,12,observed_geometry_utils.hpp,observed_geometry_utils.hpp
tools/decode_audit.cpp,1,config.hpp,config.hpp
tools/decode_audit.cpp,4,decode_stage.hpp,decode_stage.hpp
tools/decode_audit.cpp,5,tools/file_digest.hpp,file_digest.hpp
tools/synth_ref/include/synthetic_gen/cases.hpp,2,tools/synth_ref/include/synthetic_gen/core.hpp,synthetic_gen/core.hpp
tools/synth_ref/include/synthetic_gen/grid.hpp,2,tools/synth_ref/include/synthetic_gen/core.hpp,synthetic_gen/core.hpp
tools/synth_ref/include/synthetic_gen/model.hpp,2,tools/synth_ref/include/synthetic_gen/core.hpp,synthetic_gen/core.hpp
tools/synth_ref/include/synthetic_gen/perturb.hpp,2,tools/synth_ref/include/synthetic_gen/core.hpp,synthetic_gen/core.hpp
tools/synth_ref/include/synthetic_gen/raster.hpp,2,tools/synth_ref/include/synthetic_gen/core.hpp,synthetic_gen/core.hpp
tools/synth_ref/include/synthetic_gen/records.hpp,2,tools/synth_ref/include/synthetic_gen/core.hpp,synthetic_gen/core.hpp
tools/synth_ref/include/synthetic_gen/transforms.hpp,2,tools/synth_ref/include/synthetic_gen/core.hpp,synthetic_gen/core.hpp
tools/synth_ref/include/synthetic_gen/verify.hpp,2,tools/synth_ref/include/synthetic_gen/core.hpp,synthetic_gen/core.hpp
tools/synth_ref/src/cases.cpp,1,tools/synth_ref/include/synthetic_gen/cases.hpp,synthetic_gen/cases.hpp
tools/synth_ref/src/grid.cpp,1,tools/synth_ref/include/synthetic_gen/grid.hpp,synthetic_gen/grid.hpp
tools/synth_ref/src/main.cpp,1,tools/synth_ref/include/synthetic_gen/core.hpp,synthetic_gen/core.hpp
tools/synth_ref/src/model.cpp,1,tools/synth_ref/include/synthetic_gen/model.hpp,synthetic_gen/model.hpp
tools/synth_ref/src/perturb.cpp,1,tools/synth_ref/include/synthetic_gen/perturb.hpp,synthetic_gen/perturb.hpp
tools/synth_ref/src/raster.cpp,1,tools/synth_ref/include/synthetic_gen/raster.hpp,synthetic_gen/raster.hpp
tools/synth_ref/src/records.cpp,1,tools/synth_ref/include/synthetic_gen/records.hpp,synthetic_gen/records.hpp
tools/synth_ref/src/transforms.cpp,1,tools/synth_ref/include/synthetic_gen/transforms.hpp,synthetic_gen/transforms.hpp
tools/synth_ref/src/verify.cpp,1,tools/synth_ref/include/synthetic_gen/verify.hpp,synthetic_gen/verify.hpp
tools/synth_ref/tests/tests.cpp,1,tools/synth_ref/include/synthetic_gen/core.hpp,synthetic_gen/core.hpp
