frame_id,old_status,new_status,old_parents,new_parents,old_measurements,new_measurements,recovered,reason
2,2,3,2,1,1,1,1,"geometry/anchor_expansions=6;geometry/invalid_affines=3;hypothesis rejected: geometric residual too large;hypothesis rejected: geometric residual too large;geometry/components=6/hypotheses=1;geometry/parent=0/affine=1.53125,-0.015625,580.875,0,1.59375,216.25,/assignments=L2:0,L3:1,L0:5,/residual=0/completeness=1;assignment/expansions=3;assignment/candidates_examined=9;assignment/output_branches=1"
5,2,3,3,1,2,1,1,"geometry/anchor_expansions=6;geometry/invalid_affines=3;hypothesis rejected: geometric residual too large;hypothesis rejected: geometric residual too large;geometry/components=6/hypotheses=1;geometry/parent=0/affine=1.515625,-0.03125,604.125,0.015625,1.59375,216.125,/assignments=L2:0,L3:1,L0:5,/residual=0/completeness=1;assignment/expansions=3;assignment/candidates_examined=9;assignment/output_branches=1"
10,2,3,2,1,1,1,1,"geometry/anchor_expansions=6;geometry/invalid_affines=3;hypothesis rejected: geometric residual too large;hypothesis rejected: geometric residual too large;geometry/components=6/hypotheses=1;geometry/parent=0/affine=1.5625,-0.046875,640.875,0.046875,1.546875,217.25,/assignments=L2:0,L3:1,L0:5,/residual=0/completeness=1;assignment/expansions=3;assignment/candidates_examined=9;assignment/output_branches=1"
11,2,3,2,1,1,1,1,"geometry/anchor_expansions=6;geometry/invalid_affines=3;hypothesis rejected: geometric residual too large;hypothesis rejected: geometric residual too large;geometry/components=6/hypotheses=1;geometry/parent=0/affine=1.5625,-0.03125,647.75,0.046875,1.546875,217.25,/assignments=L2:0,L3:1,L0:5,/residual=0/completeness=1;assignment/expansions=3;assignment/candidates_examined=9;assignment/output_branches=1"
13,2,3,2,1,1,1,1,"geometry/anchor_expansions=6;geometry/invalid_affines=3;hypothesis rejected: geometric residual too large;hypothesis rejected: geometric residual too large;geometry/components=6/hypotheses=1;geometry/parent=0/affine=1.53125,0,663.75,0,1.59375,217.25,/assignments=L2:0,L3:1,L0:5,/residual=0/completeness=1;assignment/expansions=3;assignment/candidates_examined=9;assignment/output_branches=1"
15,2,3,4,1,2,1,1,"geometry/anchor_expansions=6;geometry/invalid_affines=3;hypothesis rejected: geometric residual too large;hypothesis rejected: geometric residual too large;geometry/components=6/hypotheses=1;geometry/parent=0/affine=1.5625,-0.046875,678.875,0.03125,1.5625,217.25,/assignments=L2:0,L3:1,L0:5,/residual=0/completeness=1;assignment/expansions=3;assignment/candidates_examined=9;assignment/output_branches=1"
135,2,3,2,1,1,1,1,"geometry/anchor_expansions=6;geometry/invalid_affines=3;hypothesis rejected: geometric residual too large;hypothesis rejected: geometric residual too large;geometry/components=6/hypotheses=1;geometry/parent=0/affine=1.53125,0,764.75,0.015625,1.59375,218.125,/assignments=L2:0,L3:1,L0:5,/residual=0/completeness=1;assignment/expansions=3;assignment/candidates_examined=9;assignment/output_branches=1"
144,2,3,2,1,1,1,1,"geometry/anchor_expansions=6;geometry/invalid_affines=3;hypothesis rejected: geometric residual too large;hypothesis rejected: geometric residual too large;geometry/components=6/hypotheses=1;geometry/parent=0/affine=1.53125,-0.015625,698.875,0.015625,1.59375,217.125,/assignments=L2:0,L3:1,L0:5,/residual=0/completeness=1;assignment/expansions=3;assignment/candidates_examined=9;assignment/output_branches=1"
153,2,2,4,1,2,0,0,"geometry/anchor_expansions=6;geometry/invalid_affines=3;hypothesis rejected: geometric residual too large;hypothesis rejected: geometric residual too large;geometry/components=6/hypotheses=1;geometry/parent=0/affine=1.5,0,633,0.015625,1.59375,217.125,/assignments=L2:0,L3:1,L0:5,/residual=0/completeness=1;assignment/expansions=3;assignment/candidates_examined=9;assignment/output_branches=1;corner/0/NO_VALID_ADJACENT_EDGES: polygon=71,eligible_arcs=130,connection=1008,direction_or_position_arc=16081,discontinuous_arc=5789,short_or_residual_arc=4732: P2;semantic/没有可归并的几何测量"
155,2,3,2,1,1,1,1,"geometry/anchor_expansions=6;geometry/invalid_affines=3;hypothesis rejected: geometric residual too large;hypothesis rejected: geometric residual too large;geometry/components=6/hypotheses=1;geometry/parent=0/affine=1.5625,-0.0625,619,0.046875,1.546875,217.25,/assignments=L2:0,L3:1,L0:5,/residual=0/completeness=1;assignment/expansions=3;assignment/candidates_examined=9;assignment/output_branches=1"
161,2,3,2,1,1,1,1,"geometry/anchor_expansions=6;geometry/invalid_affines=3;hypothesis rejected: geometric residual too large;hypothesis rejected: geometric residual too large;geometry/components=6/hypotheses=1;geometry/parent=0/affine=1.53125,0,575.75,0.015625,1.578125,217.25,/assignments=L2:0,L3:1,L0:5,/residual=0/completeness=1;assignment/expansions=3;assignment/candidates_examined=9;assignment/output_branches=1"
166,2,3,2,1,1,1,1,"geometry/anchor_expansions=6;geometry/invalid_affines=3;hypothesis rejected: geometric residual too large;hypothesis rejected: geometric residual too large;geometry/components=6/hypotheses=1;geometry/parent=0/affine=1.53125,0,545.75,0,1.578125,217.375,/assignments=L2:0,L3:1,L0:5,/residual=0/completeness=1;assignment/expansions=3;assignment/candidates_examined=9;assignment/output_branches=1"
170,2,3,2,1,1,1,1,"geometry/anchor_expansions=6;geometry/invalid_affines=3;hypothesis rejected: geometric residual too large;hypothesis rejected: geometric residual too large;geometry/components=6/hypotheses=1;geometry/parent=0/affine=1.578125,-0.046875,527.75,0.046875,1.546875,216.25,/assignments=L2:0,L3:1,L0:5,/residual=0/completeness=1;assignment/expansions=3;assignment/candidates_examined=9;assignment/output_branches=1"
175,2,3,3,1,1,1,1,"geometry/anchor_expansions=6;geometry/invalid_affines=3;hypothesis rejected: geometric residual too large;hypothesis rejected: geometric residual too large;geometry/components=6/hypotheses=1;geometry/parent=0/affine=1.515625,-0.046875,506.25,0.03125,1.578125,215.125,/assignments=L2:0,L3:1,L0:5,/residual=0/completeness=1;assignment/expansions=3;assignment/candidates_examined=9;assignment/output_branches=1"
181,2,3,2,1,1,1,1,"geometry/anchor_expansions=6;geometry/invalid_affines=3;hypothesis rejected: geometric residual too large;hypothesis rejected: geometric residual too large;geometry/components=6/hypotheses=1;geometry/parent=0/affine=1.5,-0.015625,461.125,0.015625,1.578125,216.25,/assignments=L2:0,L3:1,L0:5,/residual=0/completeness=1;assignment/expansions=3;assignment/candidates_examined=9;assignment/output_branches=1"
184,2,3,4,1,3,1,1,"geometry/anchor_expansions=6;geometry/invalid_affines=3;hypothesis rejected: geometric residual too large;hypothesis rejected: geometric residual too large;geometry/components=6/hypotheses=1;geometry/parent=0/affine=1.484375,0,437.125,0,1.578125,216.375,/assignments=L2:0,L3:1,L0:5,/residual=0/completeness=1;assignment/expansions=3;assignment/candidates_examined=9;assignment/output_branches=1"
190,2,3,2,1,1,1,1,"geometry/anchor_expansions=6;geometry/invalid_affines=3;hypothesis rejected: geometric residual too large;hypothesis rejected: geometric residual too large;geometry/components=6/hypotheses=1;geometry/parent=0/affine=1.5625,0.0625,402,-0.078125,1.5625,217.125,/assignments=L3:0,L2:1,L0:3,/residual=0/completeness=1;assignment/expansions=3;assignment/candidates_examined=9;assignment/output_branches=1"
194,2,3,2,1,1,1,1,"geometry/anchor_expansions=6;geometry/invalid_affines=3;hypothesis rejected: geometric residual too large;hypothesis rejected: geometric residual too large;geometry/components=6/hypotheses=1;geometry/parent=0/affine=1.578125,0.03125,399.125,-0.046875,1.53125,219.125,/assignments=L3:0,L2:1,L0:3,/residual=0/completeness=1;assignment/expansions=3;assignment/candidates_examined=9;assignment/output_branches=1"
197,2,3,2,1,1,1,1,"geometry/anchor_expansions=6;geometry/invalid_affines=3;hypothesis rejected: geometric residual too large;hypothesis rejected: geometric residual too large;geometry/components=6/hypotheses=1;geometry/parent=0/affine=1.5625,-0.0625,399,0.0625,1.53125,216.25,/assignments=L2:0,L3:1,L0:5,/residual=0/completeness=1;assignment/expansions=3;assignment/candidates_examined=9;assignment/output_branches=1"
208,2,3,4,1,3,1,1,"geometry/anchor_expansions=6;geometry/invalid_affines=3;hypothesis rejected: geometric residual too large;hypothesis rejected: geometric residual too large;geometry/components=6/hypotheses=1;geometry/parent=0/affine=1.515625,-0,338.875,-0.046875,1.578125,215.75,/assignments=L3:0,L2:1,L0:3,/residual=0/completeness=1;assignment/expansions=3;assignment/candidates_examined=9;assignment/output_branches=1"
231,2,3,2,1,1,1,1,"geometry/anchor_expansions=6;geometry/invalid_affines=3;hypothesis rejected: geometric residual too large;hypothesis rejected: geometric residual too large;geometry/components=6/hypotheses=1;geometry/parent=0/affine=1.46875,-0.03125,232.5,0,1.5625,216.5,/assignments=L2:0,L3:1,L0:5,/residual=0/completeness=1;assignment/expansions=3;assignment/candidates_examined=9;assignment/output_branches=1"
241,2,3,2,1,1,1,1,"geometry/anchor_expansions=6;geometry/invalid_affines=3;hypothesis rejected: geometric residual too large;hypothesis rejected: geometric residual too large;geometry/components=6/hypotheses=1;geometry/parent=0/affine=1.484375,-0.046875,156.5,-0,1.5625,216.5,/assignments=L3:0,L2:1,L0:3,/residual=0/completeness=1;assignment/expansions=3;assignment/candidates_examined=9;assignment/output_branches=1"
280,2,2,2,1,1,0,0,"geometry/anchor_expansions=6;geometry/invalid_affines=3;hypothesis rejected: geometric residual too large;hypothesis rejected: geometric residual too large;geometry/components=6/hypotheses=1;geometry/parent=0/affine=1.484375,0.015625,23,-0.0625,1.546875,219.125,/assignments=L3:0,L2:1,L0:3,/residual=0/completeness=1;assignment/expansions=3;assignment/candidates_examined=9;assignment/output_branches=1;corner/0/NO_VALID_ADJACENT_EDGES: polygon=63,eligible_arcs=137,connection=8624,direction_or_position_arc=11646,discontinuous_arc=5872,short_or_residual_arc=3225: P3;semantic/没有可归并的几何测量"
309,2,3,4,1,3,1,1,"geometry/anchor_expansions=6;geometry/invalid_affines=3;hypothesis rejected: geometric residual too large;hypothesis rejected: geometric residual too large;geometry/components=6/hypotheses=1;geometry/parent=0/affine=1.53125,-0.109375,167.625,0.078125,1.515625,214.25,/assignments=L2:0,L3:1,L0:5,/residual=0/completeness=1;assignment/expansions=3;assignment/candidates_examined=9;assignment/output_branches=1"
326,2,3,2,1,1,1,1,"geometry/anchor_expansions=6;geometry/invalid_affines=3;hypothesis rejected: geometric residual too large;hypothesis rejected: geometric residual too large;geometry/components=6/hypotheses=1;geometry/parent=0/affine=1.5,-0.078125,268.625,0.015625,1.5625,215.375,/assignments=L2:0,L3:1,L0:5,/residual=0/completeness=1;assignment/expansions=3;assignment/candidates_examined=9;assignment/output_branches=1"
328,2,3,2,1,1,1,1,"geometry/anchor_expansions=6;geometry/invalid_affines=3;hypothesis rejected: geometric residual too large;hypothesis rejected: geometric residual too large;geometry/components=6/hypotheses=1;geometry/parent=0/affine=1.484375,-0.046875,284.5,0,1.5625,216.5,/assignments=L2:0,L3:1,L0:5,/residual=0/completeness=1;assignment/expansions=3;assignment/candidates_examined=9;assignment/output_branches=1"
345,2,3,2,1,1,1,1,"geometry/anchor_expansions=6;geometry/invalid_affines=3;hypothesis rejected: geometric residual too large;hypothesis rejected: geometric residual too large;geometry/components=6/hypotheses=1;geometry/parent=0/affine=1.515625,-0.03125,389.125,0.015625,1.5625,216.375,/assignments=L2:0,L3:1,L0:5,/residual=0/completeness=1;assignment/expansions=3;assignment/candidates_examined=9;assignment/output_branches=1"
351,2,3,2,1,1,1,1,"geometry/anchor_expansions=6;geometry/invalid_affines=3;hypothesis rejected: geometric residual too large;hypothesis rejected: geometric residual too large;geometry/components=6/hypotheses=1;geometry/parent=0/affine=1.5625,-0.046875,410.875,0.046875,1.53125,217.375,/assignments=L2:0,L3:1,L0:5,/residual=0/completeness=1;assignment/expansions=3;assignment/candidates_examined=9;assignment/output_branches=1"
382,2,2,2,2,1,1,0,"geometry/anchor_expansions=12;geometry/invalid_affines=6;hypothesis rejected: geometric residual too large;hypothesis rejected: geometric residual too large;hypothesis rejected: geometric residual too large;hypothesis rejected: geometric residual too large;geometry/components=6/hypotheses=2;geometry/parent=0/affine=1.5625,-0.03125,572.75,0.046875,1.53125,217.375,/assignments=L2:0,L3:1,L0:5,/residual=0/completeness=1;geometry/parent=1/affine=1.515625,0.015625,572.75,0,1.578125,217.375,/assignments=L2:0,L3:1,L0:5,/residual=0/completeness=1;assignment/expansions=6;assignment/candidates_examined=18;assignment/output_branches=2;corner/1/NO_VALID_ADJACENT_EDGES: polygon=101,eligible_arcs=283,connection=32480,direction_or_position_arc=30638,discontinuous_arc=16170,short_or_residual_arc=4665: P2;UNRESOLVED_COMPETING_GEOMETRY: 存在无法排除的失败候选"
397,2,3,2,1,1,1,1,"geometry/anchor_expansions=6;geometry/invalid_affines=3;hypothesis rejected: geometric residual too large;hypothesis rejected: geometric residual too large;geometry/components=6/hypotheses=1;geometry/parent=0/affine=1.53125,0,687.75,0.015625,1.59375,217.125,/assignments=L2:0,L3:1,L0:5,/residual=0/completeness=1;assignment/expansions=3;assignment/candidates_examined=9;assignment/output_branches=1"
411,2,3,2,1,1,1,1,"geometry/anchor_expansions=6;geometry/invalid_affines=3;hypothesis rejected: geometric residual too large;hypothesis rejected: geometric residual too large;geometry/components=6/hypotheses=1;geometry/parent=0/affine=1.5625,0.046875,744.125,-0.03125,1.59375,217.5,/assignments=L3:0,L2:1,L0:3,/residual=0/completeness=1;assignment/expansions=3;assignment/candidates_examined=9;assignment/output_branches=1"
475,2,3,2,1,1,1,1,"geometry/anchor_expansions=6;geometry/invalid_affines=3;hypothesis rejected: geometric residual too large;hypothesis rejected: geometric residual too large;geometry/components=6/hypotheses=1;geometry/parent=0/affine=1.546875,0,797.625,0.015625,1.59375,218.125,/assignments=L2:0,L3:1,L0:5,/residual=0/completeness=1;assignment/expansions=3;assignment/candidates_examined=9;assignment/output_branches=1"
484,2,3,2,1,1,1,1,"geometry/anchor_expansions=6;geometry/invalid_affines=3;hypothesis rejected: geometric residual too large;hypothesis rejected: geometric residual too large;geometry/components=6/hypotheses=1;geometry/parent=0/affine=1.546875,-0.015625,730.75,0.015625,1.578125,218.25,/assignments=L2:0,L3:1,L0:5,/residual=0/completeness=1;assignment/expansions=3;assignment/candidates_examined=9;assignment/output_branches=1"
491,2,3,2,1,1,1,1,"geometry/anchor_expansions=6;geometry/invalid_affines=3;hypothesis rejected: geometric residual too large;hypothesis rejected: geometric residual too large;geometry/components=6/hypotheses=1;geometry/parent=0/affine=1.578125,0.03125,700.125,-0.03125,1.59375,217.5,/assignments=L3:0,L2:1,L0:3,/residual=0/completeness=1;assignment/expansions=3;assignment/candidates_examined=9;assignment/output_branches=1"
493,2,3,2,1,1,1,1,"geometry/anchor_expansions=6;geometry/invalid_affines=3;hypothesis rejected: geometric residual too large;hypothesis rejected: geometric residual too large;geometry/components=6/hypotheses=1;geometry/parent=0/affine=1.59375,0.046875,692.875,-0.0625,1.578125,218.875,/assignments=L3:0,L2:1,L0:3,/residual=0/completeness=1;assignment/expansions=3;assignment/candidates_examined=9;assignment/output_branches=1"
516,2,3,2,1,1,1,1,"geometry/anchor_expansions=6;geometry/invalid_affines=3;hypothesis rejected: geometric residual too large;hypothesis rejected: geometric residual too large;geometry/components=6/hypotheses=1;geometry/parent=0/affine=1.53125,-0.046875,604.125,0.015625,1.59375,216.125,/assignments=L2:0,L3:1,L0:5,/residual=0/completeness=1;assignment/expansions=3;assignment/candidates_examined=9;assignment/output_branches=1"
520,2,3,4,1,3,1,1,"geometry/anchor_expansions=6;geometry/invalid_affines=3;hypothesis rejected: geometric residual too large;hypothesis rejected: geometric residual too large;geometry/components=6/hypotheses=1;geometry/parent=0/affine=1.515625,-0.03125,573.125,0.015625,1.59375,216.125,/assignments=L2:0,L3:1,L0:5,/residual=0/completeness=1;assignment/expansions=3;assignment/candidates_examined=9;assignment/output_branches=1"
527,2,3,2,1,1,1,1,"geometry/anchor_expansions=6;geometry/invalid_affines=3;hypothesis rejected: geometric residual too large;hypothesis rejected: geometric residual too large;geometry/components=6/hypotheses=1;geometry/parent=0/affine=1.5625,-0.0625,522,0.046875,1.546875,216.25,/assignments=L2:0,L3:1,L0:5,/residual=0/completeness=1;assignment/expansions=3;assignment/candidates_examined=9;assignment/output_branches=1"
528,2,3,2,1,1,1,1,"geometry/anchor_expansions=6;geometry/invalid_affines=3;hypothesis rejected: geometric residual too large;hypothesis rejected: geometric residual too large;geometry/components=6/hypotheses=1;geometry/parent=0/affine=1.5625,-0.0625,515,0.03125,1.5625,216.25,/assignments=L2:0,L3:1,L0:5,/residual=0/completeness=1;assignment/expansions=3;assignment/candidates_examined=9;assignment/output_branches=1"
572,2,3,2,1,1,1,1,"geometry/anchor_expansions=6;geometry/invalid_affines=3;hypothesis rejected: geometric residual too large;hypothesis rejected: geometric residual too large;geometry/components=6/hypotheses=1;geometry/parent=0/affine=1.5,-0.0625,260.5,0,1.5625,216.5,/assignments=L2:0,L3:1,L0:5,/residual=0/completeness=1;assignment/expansions=3;assignment/candidates_examined=9;assignment/output_branches=1"
580,2,3,3,1,1,1,1,"geometry/anchor_expansions=6;geometry/invalid_affines=3;hypothesis rejected: geometric residual too large;hypothesis rejected: geometric residual too large;geometry/components=6/hypotheses=1;geometry/parent=0/affine=1.5,-0.078125,204.625,0.015625,1.546875,216.5,/assignments=L2:0,L3:1,L0:5,/residual=0/completeness=1;assignment/expansions=3;assignment/candidates_examined=9;assignment/output_branches=1"
585,2,3,2,1,1,1,1,"geometry/anchor_expansions=6;geometry/invalid_affines=3;hypothesis rejected: geometric residual too large;hypothesis rejected: geometric residual too large;geometry/components=6/hypotheses=1;geometry/parent=0/affine=1.5,-0.078125,168.625,0.015625,1.546875,216.5,/assignments=L2:0,L3:1,L0:5,/residual=0/completeness=1;assignment/expansions=3;assignment/candidates_examined=9;assignment/output_branches=1"
599,2,3,2,1,1,1,1,"geometry/anchor_expansions=6;geometry/invalid_affines=3;hypothesis rejected: geometric residual too large;hypothesis rejected: geometric residual too large;geometry/components=6/hypotheses=1;geometry/parent=0/affine=1.5,-0.046875,71.375,0.015625,1.5,219.875,/assignments=L2:0,L3:1,L0:4,/residual=0/completeness=1;assignment/expansions=3;assignment/candidates_examined=9;assignment/output_branches=1"
631,2,3,2,1,1,1,1,"geometry/anchor_expansions=6;geometry/invalid_affines=3;hypothesis rejected: geometric residual too large;hypothesis rejected: geometric residual too large;geometry/components=6/hypotheses=1;geometry/parent=0/affine=1.46875,-0.03125,146.5,-0.015625,1.5625,216.625,/assignments=L3:0,L2:1,L0:4,/residual=0/completeness=1;assignment/expansions=3;assignment/candidates_examined=9;assignment/output_branches=1"
636,2,3,2,1,1,1,1,"geometry/anchor_expansions=6;geometry/invalid_affines=3;hypothesis rejected: geometric residual too large;hypothesis rejected: geometric residual too large;geometry/components=6/hypotheses=1;geometry/parent=0/affine=1.484375,-0.046875,184.5,-0.015625,1.5625,216.625,/assignments=L3:0,L2:1,L0:5,/residual=0/completeness=1;assignment/expansions=3;assignment/candidates_examined=9;assignment/output_branches=1"
640,2,3,2,1,1,1,1,"geometry/anchor_expansions=6;geometry/invalid_affines=3;hypothesis rejected: geometric residual too large;hypothesis rejected: geometric residual too large;geometry/components=6/hypotheses=1;geometry/parent=0/affine=1.484375,-0.046875,215.5,0,1.5625,216.5,/assignments=L2:0,L3:1,L0:5,/residual=0/completeness=1;assignment/expansions=3;assignment/candidates_examined=9;assignment/output_branches=1"
648,2,2,4,1,1,0,0,"geometry/anchor_expansions=6;geometry/invalid_affines=3;hypothesis rejected: geometric residual too large;hypothesis rejected: geometric residual too large;geometry/components=6/hypotheses=1;geometry/parent=0/affine=1.53125,-0.09375,260.5,0.046875,1.546875,214.25,/assignments=L2:0,L3:1,L0:5,/residual=0/completeness=1;assignment/expansions=3;assignment/candidates_examined=9;assignment/output_branches=1;corner/0/NO_VALID_ADJACENT_EDGES: polygon=28,eligible_arcs=63,connection=1840,direction_or_position_arc=3072,discontinuous_arc=1261,short_or_residual_arc=1006: P1;semantic/没有可归并的几何测量"
676,2,3,2,1,1,1,1,"geometry/anchor_expansions=6;geometry/invalid_affines=3;hypothesis rejected: geometric residual too large;hypothesis rejected: geometric residual too large;geometry/components=6/hypotheses=1;geometry/parent=0/affine=1.515625,-0.046875,176.25,0,1.578125,213.375,/assignments=L2:0,L3:1,L0:5,/residual=0/completeness=1;assignment/expansions=3;assignment/candidates_examined=9;assignment/output_branches=1"
683,2,3,3,1,2,1,1,"geometry/anchor_expansions=6;geometry/invalid_affines=3;hypothesis rejected: geometric residual too large;hypothesis rejected: geometric residual too large;geometry/components=6/hypotheses=1;geometry/parent=0/affine=1.515625,-0,149.875,-0.015625,1.59375,212.375,/assignments=L3:0,L2:1,L0:5,/residual=0/completeness=1;assignment/expansions=3;assignment/candidates_examined=9;assignment/output_branches=1"
684,2,3,2,1,1,1,1,"geometry/anchor_expansions=6;geometry/invalid_affines=3;hypothesis rejected: geometric residual too large;hypothesis rejected: geometric residual too large;geometry/components=6/hypotheses=1;geometry/parent=0/affine=1.515625,-0,156.875,-0.015625,1.59375,212.375,/assignments=L3:0,L2:1,L0:5,/residual=0/completeness=1;assignment/expansions=3;assignment/candidates_examined=9;assignment/output_branches=1"
686,2,3,4,1,2,1,1,"geometry/anchor_expansions=6;geometry/invalid_affines=3;hypothesis rejected: geometric residual too large;hypothesis rejected: geometric residual too large;geometry/components=6/hypotheses=1;geometry/parent=0/affine=1.515625,-0.015625,172,-0.015625,1.59375,212.375,/assignments=L2:0,L3:1,L0:5,/residual=0/completeness=1;assignment/expansions=3;assignment/candidates_examined=9;assignment/output_branches=1"
700,2,3,2,1,1,1,1,"geometry/anchor_expansions=6;geometry/invalid_affines=3;hypothesis rejected: geometric residual too large;hypothesis rejected: geometric residual too large;geometry/components=6/hypotheses=1;geometry/parent=0/affine=1.59375,-0.125,268.25,0.109375,1.546875,209.75,/assignments=L2:0,L3:1,L0:5,/residual=0/completeness=1;assignment/expansions=3;assignment/candidates_examined=9;assignment/output_branches=1"
701,2,3,2,1,1,1,1,"geometry/anchor_expansions=6;geometry/invalid_affines=3;hypothesis rejected: geometric residual too large;hypothesis rejected: geometric residual too large;geometry/components=6/hypotheses=1;geometry/parent=0/affine=1.578125,-0.109375,269.25,0.109375,1.546875,209.75,/assignments=L2:0,L3:1,L0:5,/residual=0/completeness=1;assignment/expansions=3;assignment/candidates_examined=9;assignment/output_branches=1"
706,2,3,2,1,1,1,1,"geometry/anchor_expansions=6;geometry/invalid_affines=3;hypothesis rejected: geometric residual too large;hypothesis rejected: geometric residual too large;geometry/components=6/hypotheses=1;geometry/parent=0/affine=1.609375,-0.0625,269.625,0.046875,1.546875,214.25,/assignments=L2:0,L3:1,L0:5,/residual=0/completeness=1;assignment/expansions=3;assignment/candidates_examined=9;assignment/output_branches=1"
717,2,3,2,1,1,1,1,"geometry/anchor_expansions=6;geometry/invalid_affines=3;hypothesis rejected: geometric residual too large;hypothesis rejected: geometric residual too large;geometry/components=6/hypotheses=1;geometry/parent=0/affine=1.609375,-0.046875,276.5,0.015625,1.546875,214.5,/assignments=L2:0,L3:1,L0:5,/residual=0/completeness=1;assignment/expansions=3;assignment/candidates_examined=9;assignment/output_branches=1"
724,2,3,2,1,1,1,1,"geometry/anchor_expansions=6;geometry/invalid_affines=3;hypothesis rejected: geometric residual too large;hypothesis rejected: geometric residual too large;geometry/components=6/hypotheses=1;geometry/parent=0/affine=1.546875,-0.046875,292,0.03125,1.59375,214,/assignments=L2:0,L3:1,L0:5,/residual=0/completeness=1;assignment/expansions=3;assignment/candidates_examined=9;assignment/output_branches=1"
726,2,3,2,1,1,1,1,"geometry/anchor_expansions=6;geometry/invalid_affines=3;hypothesis rejected: geometric residual too large;hypothesis rejected: geometric residual too large;geometry/components=6/hypotheses=1;geometry/parent=0/affine=1.546875,-0.046875,296,0.03125,1.59375,214,/assignments=L2:0,L3:1,L0:5,/residual=0/completeness=1;assignment/expansions=3;assignment/candidates_examined=9;assignment/output_branches=1"
755,2,3,2,1,1,1,1,"geometry/anchor_expansions=6;geometry/invalid_affines=3;hypothesis rejected: geometric residual too large;hypothesis rejected: geometric residual too large;geometry/components=6/hypotheses=1;geometry/parent=0/affine=1.53125,-0.046875,309.125,0.03125,1.59375,214,/assignments=L2:0,L3:1,L0:5,/residual=0/completeness=1;assignment/expansions=3;assignment/candidates_examined=9;assignment/output_branches=1"
765,2,3,2,1,1,1,1,"geometry/anchor_expansions=6;geometry/invalid_affines=3;hypothesis rejected: geometric residual too large;hypothesis rejected: geometric residual too large;geometry/components=6/hypotheses=1;geometry/parent=0/affine=1.53125,-0.046875,249.125,0.046875,1.5625,214.125,/assignments=L2:0,L3:1,L0:5,/residual=0/completeness=1;assignment/expansions=3;assignment/candidates_examined=9;assignment/output_branches=1"
766,2,3,2,1,1,1,1,"geometry/anchor_expansions=6;geometry/invalid_affines=3;hypothesis rejected: geometric residual too large;hypothesis rejected: geometric residual too large;geometry/components=6/hypotheses=1;geometry/parent=0/affine=1.5625,-0.078125,243.125,0.046875,1.5625,213.125,/assignments=L2:0,L3:1,L0:5,/residual=0/completeness=1;assignment/expansions=3;assignment/candidates_examined=9;assignment/output_branches=1"
767,2,3,4,1,2,1,1,"geometry/anchor_expansions=6;geometry/invalid_affines=3;hypothesis rejected: geometric residual too large;hypothesis rejected: geometric residual too large;geometry/components=6/hypotheses=1;geometry/parent=0/affine=1.53125,-0.078125,236.375,0.046875,1.578125,213,/assignments=L2:0,L3:1,L0:5,/residual=0/completeness=1;assignment/expansions=3;assignment/candidates_examined=9;assignment/output_branches=1"
771,2,3,2,1,1,1,1,"geometry/anchor_expansions=6;geometry/invalid_affines=3;hypothesis rejected: geometric residual too large;hypothesis rejected: geometric residual too large;geometry/components=6/hypotheses=1;geometry/parent=0/affine=1.5625,-0.078125,205.125,0.0625,1.546875,213.125,/assignments=L2:0,L3:1,L0:5,/residual=0/completeness=1;assignment/expansions=3;assignment/candidates_examined=9;assignment/output_branches=1"
781,2,3,2,1,1,1,1,"geometry/anchor_expansions=6;geometry/invalid_affines=3;hypothesis rejected: geometric residual too large;hypothesis rejected: geometric residual too large;geometry/components=6/hypotheses=1;geometry/parent=0/affine=1.578125,-0.09375,132.125,0.0625,1.5625,211,/assignments=L2:0,L3:1,L0:5,/residual=0/completeness=1;assignment/expansions=3;assignment/candidates_examined=9;assignment/output_branches=1"
790,2,3,2,1,1,1,1,"geometry/anchor_expansions=6;geometry/invalid_affines=3;hypothesis rejected: geometric residual too large;hypothesis rejected: geometric residual too large;geometry/components=6/hypotheses=1;geometry/parent=0/affine=1.546875,-0.0625,65.125,0.03125,1.59375,210,/assignments=L2:0,L3:1,L0:5,/residual=0/completeness=1;assignment/expansions=3;assignment/candidates_examined=9;assignment/output_branches=1"
793,2,3,2,1,1,1,1,"geometry/anchor_expansions=6;geometry/invalid_affines=3;hypothesis rejected: geometric residual too large;hypothesis rejected: geometric residual too large;geometry/components=6/hypotheses=1;geometry/parent=0/affine=1.546875,-0.046875,44,0.03125,1.59375,210,/assignments=L2:0,L3:1,L0:5,/residual=0/completeness=1;assignment/expansions=3;assignment/candidates_examined=9;assignment/output_branches=1"
800,2,3,3,1,1,1,1,"geometry/anchor_expansions=6;geometry/invalid_affines=3;hypothesis rejected: geometric residual too large;hypothesis rejected: geometric residual too large;geometry/components=6/hypotheses=1;geometry/parent=0/affine=1.578125,-0.078125,7,0.046875,1.578125,209,/assignments=L2:0,L3:1,L0:5,/residual=0/completeness=1;assignment/expansions=3;assignment/candidates_examined=9;assignment/output_branches=1"
975,2,3,4,1,2,1,1,"geometry/anchor_expansions=6;geometry/invalid_affines=3;hypothesis rejected: geometric residual too large;hypothesis rejected: geometric residual too large;geometry/components=6/hypotheses=1;geometry/parent=0/affine=1.53125,-0.03125,33,0.03125,1.59375,210,/assignments=L2:0,L3:1,L0:5,/residual=0/completeness=1;assignment/expansions=3;assignment/candidates_examined=9;assignment/output_branches=1"
988,2,3,2,1,1,1,1,"geometry/anchor_expansions=6;geometry/invalid_affines=3;hypothesis rejected: geometric residual too large;hypothesis rejected: geometric residual too large;geometry/components=6/hypotheses=1;geometry/parent=0/affine=1.5625,-0.078125,135.125,0.046875,1.578125,211,/assignments=L2:0,L3:1,L0:5,/residual=0/completeness=1;assignment/expansions=3;assignment/candidates_examined=9;assignment/output_branches=1"
989,2,3,5,1,3,1,1,"geometry/anchor_expansions=6;geometry/invalid_affines=3;hypothesis rejected: geometric residual too large;hypothesis rejected: geometric residual too large;geometry/components=6/hypotheses=1;geometry/parent=0/affine=1.5625,-0.09375,143.25,0.0625,1.5625,211,/assignments=L2:0,L3:1,L0:5,/residual=0/completeness=1;assignment/expansions=3;assignment/candidates_examined=9;assignment/output_branches=1"
991,2,3,2,1,1,1,1,"geometry/anchor_expansions=6;geometry/invalid_affines=3;hypothesis rejected: geometric residual too large;hypothesis rejected: geometric residual too large;geometry/components=6/hypotheses=1;geometry/parent=0/affine=1.5625,-0.078125,157.125,0.046875,1.5625,212.125,/assignments=L2:0,L3:1,L0:5,/residual=0/completeness=1;assignment/expansions=3;assignment/candidates_examined=9;assignment/output_branches=1"
999,2,3,4,1,2,1,1,"geometry/anchor_expansions=6;geometry/invalid_affines=3;hypothesis rejected: geometric residual too large;hypothesis rejected: geometric residual too large;geometry/components=6/hypotheses=1;geometry/parent=0/affine=1.546875,-0.0625,217.125,0.0625,1.546875,213.125,/assignments=L2:0,L3:1,L0:5,/residual=0/completeness=1;assignment/expansions=3;assignment/candidates_examined=9;assignment/output_branches=1"
1006,2,3,2,1,1,1,1,"geometry/anchor_expansions=6;geometry/invalid_affines=3;hypothesis rejected: geometric residual too large;hypothesis rejected: geometric residual too large;geometry/components=6/hypotheses=1;geometry/parent=0/affine=1.53125,-0.046875,271.125,0.03125,1.578125,214.125,/assignments=L2:0,L3:1,L0:5,/residual=0/completeness=1;assignment/expansions=3;assignment/candidates_examined=9;assignment/output_branches=1"
1007,2,3,2,1,1,1,1,"geometry/anchor_expansions=6;geometry/invalid_affines=3;hypothesis rejected: geometric residual too large;hypothesis rejected: geometric residual too large;geometry/components=6/hypotheses=1;geometry/parent=0/affine=1.5,-0.03125,278.25,0.03125,1.59375,214,/assignments=L2:0,L3:1,L0:5,/residual=0/completeness=1;assignment/expansions=3;assignment/candidates_examined=9;assignment/output_branches=1"
1008,2,3,2,1,1,1,1,"geometry/anchor_expansions=6;geometry/invalid_affines=3;hypothesis rejected: geometric residual too large;hypothesis rejected: geometric residual too large;geometry/components=6/hypotheses=1;geometry/parent=0/affine=1.515625,-0.046875,286.25,0.03125,1.59375,214,/assignments=L2:0,L3:1,L0:5,/residual=0/completeness=1;assignment/expansions=3;assignment/candidates_examined=9;assignment/output_branches=1"
1015,2,3,2,1,1,1,1,"geometry/anchor_expansions=6;geometry/invalid_affines=3;hypothesis rejected: geometric residual too large;hypothesis rejected: geometric residual too large;geometry/components=6/hypotheses=1;geometry/parent=0/affine=1.515625,-0.046875,338.25,0.046875,1.578125,215,/assignments=L2:0,L3:1,L0:5,/residual=0/completeness=1;assignment/expansions=3;assignment/candidates_examined=9;assignment/output_branches=1"
1016,2,3,3,1,2,1,1,"geometry/anchor_expansions=6;geometry/invalid_affines=3;hypothesis rejected: geometric residual too large;hypothesis rejected: geometric residual too large;geometry/components=6/hypotheses=1;geometry/parent=0/affine=1.5,-0.015625,345.125,0.03125,1.578125,216.125,/assignments=L2:0,L3:1,L0:5,/residual=0/completeness=1;assignment/expansions=3;assignment/candidates_examined=9;assignment/output_branches=1"
1027,2,3,2,1,1,1,1,"geometry/anchor_expansions=6;geometry/invalid_affines=3;hypothesis rejected: geometric residual too large;hypothesis rejected: geometric residual too large;geometry/components=6/hypotheses=1;geometry/parent=0/affine=1.53125,-0.0625,428.25,0.078125,1.53125,218.125,/assignments=L2:0,L3:1,L0:5,/residual=0/completeness=1;assignment/expansions=3;assignment/candidates_examined=9;assignment/output_branches=1"
1031,2,3,2,1,1,1,1,"geometry/anchor_expansions=6;geometry/invalid_affines=3;hypothesis rejected: geometric residual too large;hypothesis rejected: geometric residual too large;geometry/components=6/hypotheses=1;geometry/parent=0/affine=1.515625,-0.03125,457.125,0.046875,1.546875,219.25,/assignments=L2:0,L3:1,L0:5,/residual=0/completeness=1;assignment/expansions=3;assignment/candidates_examined=9;assignment/output_branches=1"
1032,2,3,2,1,1,1,1,"geometry/anchor_expansions=6;geometry/invalid_affines=3;hypothesis rejected: geometric residual too large;hypothesis rejected: geometric residual too large;geometry/components=6/hypotheses=1;geometry/parent=0/affine=1.484375,-0.015625,465.25,0.046875,1.5625,219.125,/assignments=L2:0,L3:1,L0:5,/residual=0/completeness=1;assignment/expansions=3;assignment/candidates_examined=9;assignment/output_branches=1"
1045,2,3,2,1,1,1,1,"geometry/anchor_expansions=6;geometry/invalid_affines=3;hypothesis rejected: geometric residual too large;hypothesis rejected: geometric residual too large;geometry/components=6/hypotheses=1;geometry/parent=0/affine=1.515625,-0.046875,561.25,0.0625,1.53125,221.25,/assignments=L2:0,L3:1,L0:5,/residual=0/completeness=1;assignment/expansions=3;assignment/candidates_examined=9;assignment/output_branches=1"
1052,2,3,2,1,1,1,1,"geometry/anchor_expansions=6;geometry/invalid_affines=3;hypothesis rejected: geometric residual too large;hypothesis rejected: geometric residual too large;geometry/components=6/hypotheses=1;geometry/parent=0/affine=1.46875,0,612.25,0.015625,1.578125,222.25,/assignments=L2:0,L3:1,L0:5,/residual=0/completeness=1;assignment/expansions=3;assignment/candidates_examined=9;assignment/output_branches=1"
1060,2,3,2,1,1,1,1,"geometry/anchor_expansions=6;geometry/invalid_affines=3;hypothesis rejected: geometric residual too large;hypothesis rejected: geometric residual too large;geometry/components=6/hypotheses=1;geometry/parent=0/affine=1.5,-0.03125,670.25,0.0625,1.53125,224.25,/assignments=L2:0,L3:1,L0:5,/residual=0/completeness=1;assignment/expansions=3;assignment/candidates_examined=9;assignment/output_branches=1"
1071,2,3,2,1,1,1,1,"geometry/anchor_expansions=6;geometry/invalid_affines=3;hypothesis rejected: geometric residual too large;hypothesis rejected: geometric residual too large;geometry/components=6/hypotheses=1;geometry/parent=0/affine=1.546875,-0.046875,723,0.03125,1.53125,225.5,/assignments=L2:0,L3:1,L0:5,/residual=0/completeness=1;assignment/expansions=3;assignment/candidates_examined=9;assignment/output_branches=1"
1108,2,2,2,1,1,0,0,"geometry/anchor_expansions=6;geometry/invalid_affines=3;hypothesis rejected: geometric residual too large;hypothesis rejected: geometric residual too large;geometry/components=6/hypotheses=1;geometry/parent=0/affine=1.46875,0,608.25,0.015625,1.578125,222.25,/assignments=L2:0,L3:1,L0:5,/residual=0/completeness=1;assignment/expansions=3;assignment/candidates_examined=9;assignment/output_branches=1;corner/0/NO_VALID_ADJACENT_EDGES: polygon=99,eligible_arcs=589,connection=47960,direction_or_position_arc=26394,discontinuous_arc=16899,short_or_residual_arc=4298: P0;semantic/没有可归并的几何测量"
1109,2,3,2,1,1,1,1,"geometry/anchor_expansions=6;geometry/invalid_affines=3;hypothesis rejected: geometric residual too large;hypothesis rejected: geometric residual too large;geometry/components=6/hypotheses=1;geometry/parent=0/affine=1.515625,-0.046875,601.25,0.0625,1.53125,222.25,/assignments=L2:0,L3:1,L0:5,/residual=0/completeness=1;assignment/expansions=3;assignment/candidates_examined=9;assignment/output_branches=1"
1116,2,3,8,1,2,1,1,"geometry/anchor_expansions=6;geometry/invalid_affines=3;hypothesis rejected: geometric residual too large;hypothesis rejected: geometric residual too large;geometry/components=6/hypotheses=1;geometry/parent=0/affine=1.515625,-0.0625,551.375,0.0625,1.53125,221.25,/assignments=L2:0,L3:1,L0:5,/residual=0/completeness=1;assignment/expansions=3;assignment/candidates_examined=9;assignment/output_branches=1"
1121,2,3,2,1,1,1,1,"geometry/anchor_expansions=6;geometry/invalid_affines=3;hypothesis rejected: geometric residual too large;hypothesis rejected: geometric residual too large;geometry/components=6/hypotheses=1;geometry/parent=0/affine=1.5,-0.046875,514.375,0.0625,1.546875,220.125,/assignments=L2:0,L3:1,L0:5,/residual=0/completeness=1;assignment/expansions=3;assignment/candidates_examined=9;assignment/output_branches=1"
1136,2,3,2,1,1,1,1,"geometry/anchor_expansions=6;geometry/invalid_affines=3;hypothesis rejected: geometric residual too large;hypothesis rejected: geometric residual too large;geometry/components=6/hypotheses=1;geometry/parent=0/affine=1.53125,-0.0625,405.25,0.0625,1.546875,217.125,/assignments=L2:0,L3:1,L0:5,/residual=0/completeness=1;assignment/expansions=3;assignment/candidates_examined=9;assignment/output_branches=1"
1138,2,3,3,1,2,1,1,"geometry/anchor_expansions=6;geometry/invalid_affines=3;hypothesis rejected: geometric residual too large;hypothesis rejected: geometric residual too large;geometry/components=6/hypotheses=1;geometry/parent=0/affine=1.515625,-0.0625,391.375,0.046875,1.5625,217.125,/assignments=L2:0,L3:1,L0:5,/residual=0/completeness=1;assignment/expansions=3;assignment/candidates_examined=9;assignment/output_branches=1"
1142,2,3,2,1,1,1,1,"geometry/anchor_expansions=6;geometry/invalid_affines=3;hypothesis rejected: geometric residual too large;hypothesis rejected: geometric residual too large;geometry/components=6/hypotheses=1;geometry/parent=0/affine=1.546875,-0.0625,361.125,0.0625,1.546875,216.125,/assignments=L2:0,L3:1,L0:5,/residual=0/completeness=1;assignment/expansions=3;assignment/candidates_examined=9;assignment/output_branches=1"
1145,2,3,2,1,1,1,1,"geometry/anchor_expansions=6;geometry/invalid_affines=3;hypothesis rejected: geometric residual too large;hypothesis rejected: geometric residual too large;geometry/components=6/hypotheses=1;geometry/parent=0/affine=1.515625,-0.046875,340.25,0.03125,1.59375,215,/assignments=L2:0,L3:1,L0:5,/residual=0/completeness=1;assignment/expansions=3;assignment/candidates_examined=9;assignment/output_branches=1"
1151,2,3,3,1,1,1,1,"geometry/anchor_expansions=6;geometry/invalid_affines=3;hypothesis rejected: geometric residual too large;hypothesis rejected: geometric residual too large;geometry/components=6/hypotheses=1;geometry/parent=0/affine=1.53125,0.015625,300.625,-0.015625,1.578125,215.5,/assignments=L3:0,L2:1,L0:5,/residual=0/completeness=1;assignment/expansions=3;assignment/candidates_examined=9;assignment/output_branches=1"
1158,2,3,2,1,1,1,1,"geometry/anchor_expansions=6;geometry/invalid_affines=3;hypothesis rejected: geometric residual too large;hypothesis rejected: geometric residual too large;geometry/components=6/hypotheses=1;geometry/parent=0/affine=1.5625,-0.015625,280.625,0.015625,1.5625,215.375,/assignments=L2:0,L3:1,L0:5,/residual=0/completeness=1;assignment/expansions=3;assignment/candidates_examined=9;assignment/output_branches=1"
1165,2,3,2,1,1,1,1,"geometry/anchor_expansions=6;geometry/invalid_affines=3;hypothesis rejected: geometric residual too large;hypothesis rejected: geometric residual too large;geometry/components=6/hypotheses=1;geometry/parent=0/affine=1.578125,-0.078125,272,0.0625,1.5625,214,/assignments=L2:0,L3:1,L0:5,/residual=0/completeness=1;assignment/expansions=3;assignment/candidates_examined=9;assignment/output_branches=1"
1170,2,3,2,1,1,1,1,"geometry/anchor_expansions=6;geometry/invalid_affines=3;hypothesis rejected: geometric residual too large;hypothesis rejected: geometric residual too large;geometry/components=6/hypotheses=1;geometry/parent=0/affine=1.5625,-0.046875,264.875,0.0625,1.5625,214,/assignments=L2:0,L3:1,L0:5,/residual=0/completeness=1;assignment/expansions=3;assignment/candidates_examined=9;assignment/output_branches=1"
1175,2,3,2,1,1,1,1,"geometry/anchor_expansions=6;geometry/invalid_affines=3;hypothesis rejected: geometric residual too large;hypothesis rejected: geometric residual too large;geometry/components=6/hypotheses=1;geometry/parent=0/affine=1.59375,-0.09375,262,0.0625,1.5625,213,/assignments=L2:0,L3:1,L0:5,/residual=0/completeness=1;assignment/expansions=3;assignment/candidates_examined=9;assignment/output_branches=1"
1178,2,3,2,1,1,1,1,"geometry/anchor_expansions=6;geometry/invalid_affines=3;hypothesis rejected: geometric residual too large;hypothesis rejected: geometric residual too large;geometry/components=6/hypotheses=1;geometry/parent=0/affine=1.5625,-0.078125,250.125,0.078125,1.546875,213,/assignments=L2:0,L3:1,L0:5,/residual=0/completeness=1;assignment/expansions=3;assignment/candidates_examined=9;assignment/output_branches=1"
1195,2,3,2,1,1,1,1,"geometry/anchor_expansions=6;geometry/invalid_affines=3;hypothesis rejected: geometric residual too large;hypothesis rejected: geometric residual too large;geometry/components=6/hypotheses=1;geometry/parent=0/affine=1.59375,-0.09375,130,0.046875,1.5625,211.125,/assignments=L2:0,L3:1,L0:5,/residual=0/completeness=1;assignment/expansions=3;assignment/candidates_examined=9;assignment/output_branches=1"
1204,2,3,2,1,1,1,1,"geometry/anchor_expansions=6;geometry/invalid_affines=3;hypothesis rejected: geometric residual too large;hypothesis rejected: geometric residual too large;geometry/components=6/hypotheses=1;geometry/parent=0/affine=1.5625,-0.078125,63.125,0.046875,1.578125,210,/assignments=L2:0,L3:1,L0:5,/residual=0/completeness=1;assignment/expansions=3;assignment/candidates_examined=9;assignment/output_branches=1"
1409,2,3,2,1,1,1,1,"geometry/anchor_expansions=6;geometry/invalid_affines=3;hypothesis rejected: geometric residual too large;hypothesis rejected: geometric residual too large;geometry/components=6/hypotheses=1;geometry/parent=0/affine=1.53125,-0.046875,133.125,0.03125,1.59375,211,/assignments=L2:0,L3:1,L0:5,/residual=0/completeness=1;assignment/expansions=3;assignment/candidates_examined=9;assignment/output_branches=1"
1415,2,3,2,1,1,1,1,"geometry/anchor_expansions=6;geometry/invalid_affines=3;hypothesis rejected: geometric residual too large;hypothesis rejected: geometric residual too large;geometry/components=6/hypotheses=1;geometry/parent=0/affine=1.546875,-0.078125,180.25,0.0625,1.5625,212,/assignments=L2:0,L3:1,L0:5,/residual=0/completeness=1;assignment/expansions=3;assignment/candidates_examined=9;assignment/output_branches=1"
1418,2,3,2,1,1,1,1,"geometry/anchor_expansions=6;geometry/invalid_affines=3;hypothesis rejected: geometric residual too large;hypothesis rejected: geometric residual too large;geometry/components=6/hypotheses=1;geometry/parent=0/affine=1.5625,-0.09375,204.25,0.0625,1.5625,212,/assignments=L2:0,L3:1,L0:5,/residual=0/completeness=1;assignment/expansions=3;assignment/candidates_examined=9;assignment/output_branches=1"
1420,2,3,4,1,2,1,1,"geometry/anchor_expansions=6;geometry/invalid_affines=3;hypothesis rejected: geometric residual too large;hypothesis rejected: geometric residual too large;geometry/components=6/hypotheses=1;geometry/parent=0/affine=1.546875,-0.0625,217.125,0.0625,1.546875,213.125,/assignments=L2:0,L3:1,L0:5,/residual=0/completeness=1;assignment/expansions=3;assignment/candidates_examined=9;assignment/output_branches=1"
1437,2,3,3,1,1,1,1,"geometry/anchor_expansions=6;geometry/invalid_affines=3;hypothesis rejected: geometric residual too large;hypothesis rejected: geometric residual too large;geometry/components=6/hypotheses=1;geometry/parent=0/affine=1.53125,-0.0625,343.25,0.046875,1.578125,215,/assignments=L2:0,L3:1,L0:5,/residual=0/completeness=1;assignment/expansions=3;assignment/candidates_examined=9;assignment/output_branches=1"
1444,2,3,2,1,1,1,1,"geometry/anchor_expansions=6;geometry/invalid_affines=3;hypothesis rejected: geometric residual too large;hypothesis rejected: geometric residual too large;geometry/components=6/hypotheses=1;geometry/parent=0/affine=1.515625,-0.046875,394.25,0.046875,1.5625,217.125,/assignments=L2:0,L3:1,L0:5,/residual=0/completeness=1;assignment/expansions=3;assignment/candidates_examined=9;assignment/output_branches=1"
1447,2,3,2,1,1,1,1,"geometry/anchor_expansions=6;geometry/invalid_affines=3;hypothesis rejected: geometric residual too large;hypothesis rejected: geometric residual too large;geometry/components=6/hypotheses=1;geometry/parent=0/affine=1.53125,-0.0625,417.25,0.0625,1.546875,217.125,/assignments=L2:0,L3:1,L0:5,/residual=0/completeness=1;assignment/expansions=3;assignment/candidates_examined=9;assignment/output_branches=1"
1463,2,3,4,1,2,1,1,"geometry/anchor_expansions=6;geometry/invalid_affines=3;hypothesis rejected: geometric residual too large;hypothesis rejected: geometric residual too large;geometry/components=6/hypotheses=1;geometry/parent=0/affine=1.515625,-0.0625,535.375,0.0625,1.546875,220.125,/assignments=L2:0,L3:1,L0:5,/residual=0/completeness=1;assignment/expansions=3;assignment/candidates_examined=9;assignment/output_branches=1"
1506,2,3,2,1,1,1,1,"geometry/anchor_expansions=6;geometry/invalid_affines=3;hypothesis rejected: geometric residual too large;hypothesis rejected: geometric residual too large;geometry/components=6/hypotheses=1;geometry/parent=0/affine=1.515625,-0.0625,523.375,0.0625,1.546875,220.125,/assignments=L2:0,L3:1,L0:5,/residual=0/completeness=1;assignment/expansions=3;assignment/candidates_examined=9;assignment/output_branches=1"
1507,2,3,2,1,1,1,1,"geometry/anchor_expansions=6;geometry/invalid_affines=3;hypothesis rejected: geometric residual too large;hypothesis rejected: geometric residual too large;geometry/components=6/hypotheses=1;geometry/parent=0/affine=1.5,-0.046875,516.375,0.046875,1.5625,220.125,/assignments=L2:0,L3:1,L0:5,/residual=0/completeness=1;assignment/expansions=3;assignment/candidates_examined=9;assignment/output_branches=1"
1521,2,3,3,1,1,1,1,"geometry/anchor_expansions=6;geometry/invalid_affines=3;hypothesis rejected: geometric residual too large;hypothesis rejected: geometric residual too large;geometry/components=6/hypotheses=1;geometry/parent=0/affine=1.546875,-0.078125,415.25,0.0625,1.546875,217.125,/assignments=L2:0,L3:1,L0:5,/residual=0/completeness=1;assignment/expansions=3;assignment/candidates_examined=9;assignment/output_branches=1"
1531,2,3,3,1,1,1,1,"geometry/anchor_expansions=6;geometry/invalid_affines=3;hypothesis rejected: geometric residual too large;hypothesis rejected: geometric residual too large;geometry/components=6/hypotheses=1;geometry/parent=0/affine=1.5,-0.03125,341.25,0.03125,1.578125,216.125,/assignments=L2:0,L3:1,L0:5,/residual=0/completeness=1;assignment/expansions=3;assignment/candidates_examined=9;assignment/output_branches=1"
1540,2,3,2,1,1,1,1,"geometry/anchor_expansions=6;geometry/invalid_affines=3;hypothesis rejected: geometric residual too large;hypothesis rejected: geometric residual too large;geometry/components=6/hypotheses=1;geometry/parent=0/affine=1.515625,-0.046875,274.25,0.046875,1.578125,214,/assignments=L2:0,L3:1,L0:5,/residual=0/completeness=1;assignment/expansions=3;assignment/candidates_examined=9;assignment/output_branches=1"
1544,2,3,2,1,1,1,1,"geometry/anchor_expansions=6;geometry/invalid_affines=3;hypothesis rejected: geometric residual too large;hypothesis rejected: geometric residual too large;geometry/components=6/hypotheses=1;geometry/parent=0/affine=1.53125,-0.078125,245.375,0.046875,1.578125,213,/assignments=L2:0,L3:1,L0:5,/residual=0/completeness=1;assignment/expansions=3;assignment/candidates_examined=9;assignment/output_branches=1"
1547,2,3,2,1,1,1,1,"geometry/anchor_expansions=6;geometry/invalid_affines=3;hypothesis rejected: geometric residual too large;hypothesis rejected: geometric residual too large;geometry/components=6/hypotheses=1;geometry/parent=0/affine=1.546875,-0.0625,221.125,0.046875,1.5625,213.125,/assignments=L2:0,L3:1,L0:5,/residual=0/completeness=1;assignment/expansions=3;assignment/candidates_examined=9;assignment/output_branches=1"
1549,2,3,2,1,1,1,1,"geometry/anchor_expansions=6;geometry/invalid_affines=3;hypothesis rejected: geometric residual too large;hypothesis rejected: geometric residual too large;geometry/components=6/hypotheses=1;geometry/parent=0/affine=1.5625,-0.078125,207.125,0.0625,1.546875,213.125,/assignments=L2:0,L3:1,L0:5,/residual=0/completeness=1;assignment/expansions=3;assignment/candidates_examined=9;assignment/output_branches=1"
1561,2,3,2,1,1,1,1,"geometry/anchor_expansions=6;geometry/invalid_affines=3;hypothesis rejected: geometric residual too large;hypothesis rejected: geometric residual too large;geometry/components=6/hypotheses=1;geometry/parent=0/affine=1.53125,-0.046875,117.125,0.03125,1.59375,211,/assignments=L2:0,L3:1,L0:5,/residual=0/completeness=1;assignment/expansions=3;assignment/candidates_examined=9;assignment/output_branches=1"
1569,2,3,2,1,1,1,1,"geometry/anchor_expansions=6;geometry/invalid_affines=3;hypothesis rejected: geometric residual too large;hypothesis rejected: geometric residual too large;geometry/components=6/hypotheses=1;geometry/parent=0/affine=1.546875,-0.0625,57.125,0.03125,1.59375,210,/assignments=L2:0,L3:1,L0:5,/residual=0/completeness=1;assignment/expansions=3;assignment/candidates_examined=9;assignment/output_branches=1"
1573,2,2,2,1,1,0,0,"geometry/anchor_expansions=6;geometry/invalid_affines=3;hypothesis rejected: geometric residual too large;hypothesis rejected: geometric residual too large;geometry/components=6/hypotheses=1;geometry/parent=0/affine=1.5625,-0.09375,28.25,0.0625,1.578125,208.875,/assignments=L2:0,L3:1,L0:5,/residual=0/completeness=1;assignment/expansions=3;assignment/candidates_examined=9;assignment/output_branches=1;corner/0/NO_VALID_ADJACENT_EDGES: polygon=43,eligible_arcs=84,connection=3526,direction_or_position_arc=5669,discontinuous_arc=2834,short_or_residual_arc=1313: P1;semantic/没有可归并的几何测量"
