frame_id,reason,baseline_run,candidate_run
2,"new_success","/home/tushenghao/projects/campus-marker-opencv-assignment/src/tushenghao/docs/evidence/final-fixes/path-a/baseline","/home/tushenghao/projects/campus-marker-opencv-assignment/src/tushenghao/docs/evidence/final-fixes/path-a/verification-release"
5,"new_success","/home/tushenghao/projects/campus-marker-opencv-assignment/src/tushenghao/docs/evidence/final-fixes/path-a/baseline","/home/tushenghao/projects/campus-marker-opencv-assignment/src/tushenghao/docs/evidence/final-fixes/path-a/verification-release"
10,"new_success","/home/tushenghao/projects/campus-marker-opencv-assignment/src/tushenghao/docs/evidence/final-fixes/path-a/baseline","/home/tushenghao/projects/campus-marker-opencv-assignment/src/tushenghao/docs/evidence/final-fixes/path-a/verification-release"
11,"new_success","/home/tushenghao/projects/campus-marker-opencv-assignment/src/tushenghao/docs/evidence/final-fixes/path-a/baseline","/home/tushenghao/projects/campus-marker-opencv-assignment/src/tushenghao/docs/evidence/final-fixes/path-a/verification-release"
13,"new_success","/home/tushenghao/projects/campus-marker-opencv-assignment/src/tushenghao/docs/evidence/final-fixes/path-a/baseline","/home/tushenghao/projects/campus-marker-opencv-assignment/src/tushenghao/docs/evidence/final-fixes/path-a/verification-release"
15,"new_success","/home/tushenghao/projects/campus-marker-opencv-assignment/src/tushenghao/docs/evidence/final-fixes/path-a/baseline","/home/tushenghao/projects/campus-marker-opencv-assignment/src/tushenghao/docs/evidence/final-fixes/path-a/verification-release"
26,"raw_geometry_or_orientation_change","/home/tushenghao/projects/campus-marker-opencv-assignment/src/tushenghao/docs/evidence/final-fixes/path-a/baseline","/home/tushenghao/projects/campus-marker-opencv-assignment/src/tushenghao/docs/evidence/final-fixes/path-a/verification-release"
135,"new_success","/home/tushenghao/projects/campus-marker-opencv-assignment/src/tushenghao/docs/evidence/final-fixes/path-a/baseline","/home/tushenghao/projects/campus-marker-opencv-assignment/src/tushenghao/docs/evidence/final-fixes/path-a/verification-release"
144,"new_success","/home/tushenghao/projects/campus-marker-opencv-assignment/src/tushenghao/docs/evidence/final-fixes/path-a/baseline","/home/tushenghao/projects/campus-marker-opencv-assignment/src/tushenghao/docs/evidence/final-fixes/path-a/verification-release"
145,"raw_geometry_or_orientation_change","/home/tushenghao/projects/campus-marker-opencv-assignment/src/tushenghao/docs/evidence/final-fixes/path-a/baseline","/home/tushenghao/projects/campus-marker-opencv-assignment/src/tushenghao/docs/evidence/final-fixes/path-a/verification-release"
155,"new_success","/home/tushenghao/projects/campus-marker-opencv-assignment/src/tushenghao/docs/evidence/final-fixes/path-a/baseline","/home/tushenghao/projects/campus-marker-opencv-assignment/src/tushenghao/docs/evidence/final-fixes/path-a/verification-release"
161,"new_success","/home/tushenghao/projects/campus-marker-opencv-assignment/src/tushenghao/docs/evidence/final-fixes/path-a/baseline","/home/tushenghao/projects/campus-marker-opencv-assignment/src/tushenghao/docs/evidence/final-fixes/path-a/verification-release"
166,"new_success","/home/tushenghao/projects/campus-marker-opencv-assignment/src/tushenghao/docs/evidence/final-fixes/path-a/baseline","/home/tushenghao/projects/campus-marker-opencv-assignment/src/tushenghao/docs/evidence/final-fixes/path-a/verification-release"
170,"new_success","/home/tushenghao/projects/campus-marker-opencv-assignment/src/tushenghao/docs/evidence/final-fixes/path-a/baseline","/home/tushenghao/projects/campus-marker-opencv-assignment/src/tushenghao/docs/evidence/final-fixes/path-a/verification-release"
173,"raw_geometry_or_orientation_change","/home/tushenghao/projects/campus-marker-opencv-assignment/src/tushenghao/docs/evidence/final-fixes/path-a/baseline","/home/tushenghao/projects/campus-marker-opencv-assignment/src/tushenghao/docs/evidence/final-fixes/path-a/verification-release"
175,"new_success","/home/tushenghao/projects/campus-marker-opencv-assignment/src/tushenghao/docs/evidence/final-fixes/path-a/baseline","/home/tushenghao/projects/campus-marker-opencv-assignment/src/tushenghao/docs/evidence/final-fixes/path-a/verification-release"
181,"new_success","/home/tushenghao/projects/campus-marker-opencv-assignment/src/tushenghao/docs/evidence/final-fixes/path-a/baseline","/home/tushenghao/projects/campus-marker-opencv-assignment/src/tushenghao/docs/evidence/final-fixes/path-a/verification-release"
184,"new_success","/home/tushenghao/projects/campus-marker-opencv-assignment/src/tushenghao/docs/evidence/final-fixes/path-a/baseline","/home/tushenghao/projects/campus-marker-opencv-assignment/src/tushenghao/docs/evidence/final-fixes/path-a/verification-release"
190,"new_success","/home/tushenghao/projects/campus-marker-opencv-assignment/src/tushenghao/docs/evidence/final-fixes/path-a/baseline","/home/tushenghao/projects/campus-marker-opencv-assignment/src/tushenghao/docs/evidence/final-fixes/path-a/verification-release"
194,"new_success","/home/tushenghao/projects/campus-marker-opencv-assignment/src/tushenghao/docs/evidence/final-fixes/path-a/baseline","/home/tushenghao/projects/campus-marker-opencv-assignment/src/tushenghao/docs/evidence/final-fixes/path-a/verification-release"
197,"new_success","/home/tushenghao/projects/campus-marker-opencv-assignment/src/tushenghao/docs/evidence/final-fixes/path-a/baseline","/home/tushenghao/projects/campus-marker-opencv-assignment/src/tushenghao/docs/evidence/final-fixes/path-a/verification-release"
201,"raw_geometry_or_orientation_change","/home/tushenghao/projects/campus-marker-opencv-assignment/src/tushenghao/docs/evidence/final-fixes/path-a/baseline","/home/tushenghao/projects/campus-marker-opencv-assignment/src/tushenghao/docs/evidence/final-fixes/path-a/verification-release"
204,"raw_geometry_or_orientation_change","/home/tushenghao/projects/campus-marker-opencv-assignment/src/tushenghao/docs/evidence/final-fixes/path-a/baseline","/home/tushenghao/projects/campus-marker-opencv-assignment/src/tushenghao/docs/evidence/final-fixes/path-a/verification-release"
208,"new_success","/home/tushenghao/projects/campus-marker-opencv-assignment/src/tushenghao/docs/evidence/final-fixes/path-a/baseline","/home/tushenghao/projects/campus-marker-opencv-assignment/src/tushenghao/docs/evidence/final-fixes/path-a/verification-release"
212,"raw_geometry_or_orientation_change","/home/tushenghao/projects/campus-marker-opencv-assignment/src/tushenghao/docs/evidence/final-fixes/path-a/baseline","/home/tushenghao/projects/campus-marker-opencv-assignment/src/tushenghao/docs/evidence/final-fixes/path-a/verification-release"
223,"raw_geometry_or_orientation_change","/home/tushenghao/projects/campus-marker-opencv-assignment/src/tushenghao/docs/evidence/final-fixes/path-a/baseline","/home/tushenghao/projects/campus-marker-opencv-assignment/src/tushenghao/docs/evidence/final-fixes/path-a/verification-release"
225,"raw_geometry_or_orientation_change","/home/tushenghao/projects/campus-marker-opencv-assignment/src/tushenghao/docs/evidence/final-fixes/path-a/baseline","/home/tushenghao/projects/campus-marker-opencv-assignment/src/tushenghao/docs/evidence/final-fixes/path-a/verification-release"
231,"new_success","/home/tushenghao/projects/campus-marker-opencv-assignment/src/tushenghao/docs/evidence/final-fixes/path-a/baseline","/home/tushenghao/projects/campus-marker-opencv-assignment/src/tushenghao/docs/evidence/final-fixes/path-a/verification-release"
241,"new_success","/home/tushenghao/projects/campus-marker-opencv-assignment/src/tushenghao/docs/evidence/final-fixes/path-a/baseline","/home/tushenghao/projects/campus-marker-opencv-assignment/src/tushenghao/docs/evidence/final-fixes/path-a/verification-release"
306,"raw_geometry_or_orientation_change","/home/tushenghao/projects/campus-marker-opencv-assignment/src/tushenghao/docs/evidence/final-fixes/path-a/baseline","/home/tushenghao/projects/campus-marker-opencv-assignment/src/tushenghao/docs/evidence/final-fixes/path-a/verification-release"
309,"new_success","/home/tushenghao/projects/campus-marker-opencv-assignment/src/tushenghao/docs/evidence/final-fixes/path-a/baseline","/home/tushenghao/projects/campus-marker-opencv-assignment/src/tushenghao/docs/evidence/final-fixes/path-a/verification-release"
326,"new_success","/home/tushenghao/projects/campus-marker-opencv-assignment/src/tushenghao/docs/evidence/final-fixes/path-a/baseline","/home/tushenghao/projects/campus-marker-opencv-assignment/src/tushenghao/docs/evidence/final-fixes/path-a/verification-release"
328,"new_success","/home/tushenghao/projects/campus-marker-opencv-assignment/src/tushenghao/docs/evidence/final-fixes/path-a/baseline","/home/tushenghao/projects/campus-marker-opencv-assignment/src/tushenghao/docs/evidence/final-fixes/path-a/verification-release"
345,"new_success","/home/tushenghao/projects/campus-marker-opencv-assignment/src/tushenghao/docs/evidence/final-fixes/path-a/baseline","/home/tushenghao/projects/campus-marker-opencv-assignment/src/tushenghao/docs/evidence/final-fixes/path-a/verification-release"
350,"raw_geometry_or_orientation_change","/home/tushenghao/projects/campus-marker-opencv-assignment/src/tushenghao/docs/evidence/final-fixes/path-a/baseline","/home/tushenghao/projects/campus-marker-opencv-assignment/src/tushenghao/docs/evidence/final-fixes/path-a/verification-release"
351,"new_success","/home/tushenghao/projects/campus-marker-opencv-assignment/src/tushenghao/docs/evidence/final-fixes/path-a/baseline","/home/tushenghao/projects/campus-marker-opencv-assignment/src/tushenghao/docs/evidence/final-fixes/path-a/verification-release"
397,"new_success","/home/tushenghao/projects/campus-marker-opencv-assignment/src/tushenghao/docs/evidence/final-fixes/path-a/baseline","/home/tushenghao/projects/campus-marker-opencv-assignment/src/tushenghao/docs/evidence/final-fixes/path-a/verification-release"
411,"new_success","/home/tushenghao/projects/campus-marker-opencv-assignment/src/tushenghao/docs/evidence/final-fixes/path-a/baseline","/home/tushenghao/projects/campus-marker-opencv-assignment/src/tushenghao/docs/evidence/final-fixes/path-a/verification-release"
475,"new_success","/home/tushenghao/projects/campus-marker-opencv-assignment/src/tushenghao/docs/evidence/final-fixes/path-a/baseline","/home/tushenghao/projects/campus-marker-opencv-assignment/src/tushenghao/docs/evidence/final-fixes/path-a/verification-release"
484,"new_success","/home/tushenghao/projects/campus-marker-opencv-assignment/src/tushenghao/docs/evidence/final-fixes/path-a/baseline","/home/tushenghao/projects/campus-marker-opencv-assignment/src/tushenghao/docs/evidence/final-fixes/path-a/verification-release"
491,"new_success","/home/tushenghao/projects/campus-marker-opencv-assignment/src/tushenghao/docs/evidence/final-fixes/path-a/baseline","/home/tushenghao/projects/campus-marker-opencv-assignment/src/tushenghao/docs/evidence/final-fixes/path-a/verification-release"
493,"new_success","/home/tushenghao/projects/campus-marker-opencv-assignment/src/tushenghao/docs/evidence/final-fixes/path-a/baseline","/home/tushenghao/projects/campus-marker-opencv-assignment/src/tushenghao/docs/evidence/final-fixes/path-a/verification-release"
516,"new_success","/home/tushenghao/projects/campus-marker-opencv-assignment/src/tushenghao/docs/evidence/final-fixes/path-a/baseline","/home/tushenghao/projects/campus-marker-opencv-assignment/src/tushenghao/docs/evidence/final-fixes/path-a/verification-release"
520,"new_success","/home/tushenghao/projects/campus-marker-opencv-assignment/src/tushenghao/docs/evidence/final-fixes/path-a/baseline","/home/tushenghao/projects/campus-marker-opencv-assignment/src/tushenghao/docs/evidence/final-fixes/path-a/verification-release"
527,"new_success","/home/tushenghao/projects/campus-marker-opencv-assignment/src/tushenghao/docs/evidence/final-fixes/path-a/baseline","/home/tushenghao/projects/campus-marker-opencv-assignment/src/tushenghao/docs/evidence/final-fixes/path-a/verification-release"
528,"new_success","/home/tushenghao/projects/campus-marker-opencv-assignment/src/tushenghao/docs/evidence/final-fixes/path-a/baseline","/home/tushenghao/projects/campus-marker-opencv-assignment/src/tushenghao/docs/evidence/final-fixes/path-a/verification-release"
572,"new_success","/home/tushenghao/projects/campus-marker-opencv-assignment/src/tushenghao/docs/evidence/final-fixes/path-a/baseline","/home/tushenghao/projects/campus-marker-opencv-assignment/src/tushenghao/docs/evidence/final-fixes/path-a/verification-release"
580,"new_success","/home/tushenghao/projects/campus-marker-opencv-assignment/src/tushenghao/docs/evidence/final-fixes/path-a/baseline","/home/tushenghao/projects/campus-marker-opencv-assignment/src/tushenghao/docs/evidence/final-fixes/path-a/verification-release"
585,"new_success","/home/tushenghao/projects/campus-marker-opencv-assignment/src/tushenghao/docs/evidence/final-fixes/path-a/baseline","/home/tushenghao/projects/campus-marker-opencv-assignment/src/tushenghao/docs/evidence/final-fixes/path-a/verification-release"
599,"new_success","/home/tushenghao/projects/campus-marker-opencv-assignment/src/tushenghao/docs/evidence/final-fixes/path-a/baseline","/home/tushenghao/projects/campus-marker-opencv-assignment/src/tushenghao/docs/evidence/final-fixes/path-a/verification-release"
631,"new_success","/home/tushenghao/projects/campus-marker-opencv-assignment/src/tushenghao/docs/evidence/final-fixes/path-a/baseline","/home/tushenghao/projects/campus-marker-opencv-assignment/src/tushenghao/docs/evidence/final-fixes/path-a/verification-release"
636,"new_success","/home/tushenghao/projects/campus-marker-opencv-assignment/src/tushenghao/docs/evidence/final-fixes/path-a/baseline","/home/tushenghao/projects/campus-marker-opencv-assignment/src/tushenghao/docs/evidence/final-fixes/path-a/verification-release"
640,"new_success","/home/tushenghao/projects/campus-marker-opencv-assignment/src/tushenghao/docs/evidence/final-fixes/path-a/baseline","/home/tushenghao/projects/campus-marker-opencv-assignment/src/tushenghao/docs/evidence/final-fixes/path-a/verification-release"
667,"raw_geometry_or_orientation_change","/home/tushenghao/projects/campus-marker-opencv-assignment/src/tushenghao/docs/evidence/final-fixes/path-a/baseline","/home/tushenghao/projects/campus-marker-opencv-assignment/src/tushenghao/docs/evidence/final-fixes/path-a/verification-release"
676,"new_success","/home/tushenghao/projects/campus-marker-opencv-assignment/src/tushenghao/docs/evidence/final-fixes/path-a/baseline","/home/tushenghao/projects/campus-marker-opencv-assignment/src/tushenghao/docs/evidence/final-fixes/path-a/verification-release"
683,"new_success","/home/tushenghao/projects/campus-marker-opencv-assignment/src/tushenghao/docs/evidence/final-fixes/path-a/baseline","/home/tushenghao/projects/campus-marker-opencv-assignment/src/tushenghao/docs/evidence/final-fixes/path-a/verification-release"
684,"new_success","/home/tushenghao/projects/campus-marker-opencv-assignment/src/tushenghao/docs/evidence/final-fixes/path-a/baseline","/home/tushenghao/projects/campus-marker-opencv-assignment/src/tushenghao/docs/evidence/final-fixes/path-a/verification-release"
686,"new_success","/home/tushenghao/projects/campus-marker-opencv-assignment/src/tushenghao/docs/evidence/final-fixes/path-a/baseline","/home/tushenghao/projects/campus-marker-opencv-assignment/src/tushenghao/docs/evidence/final-fixes/path-a/verification-release"
697,"raw_geometry_or_orientation_change","/home/tushenghao/projects/campus-marker-opencv-assignment/src/tushenghao/docs/evidence/final-fixes/path-a/baseline","/home/tushenghao/projects/campus-marker-opencv-assignment/src/tushenghao/docs/evidence/final-fixes/path-a/verification-release"
700,"new_success","/home/tushenghao/projects/campus-marker-opencv-assignment/src/tushenghao/docs/evidence/final-fixes/path-a/baseline","/home/tushenghao/projects/campus-marker-opencv-assignment/src/tushenghao/docs/evidence/final-fixes/path-a/verification-release"
701,"new_success","/home/tushenghao/projects/campus-marker-opencv-assignment/src/tushenghao/docs/evidence/final-fixes/path-a/baseline","/home/tushenghao/projects/campus-marker-opencv-assignment/src/tushenghao/docs/evidence/final-fixes/path-a/verification-release"
706,"new_success","/home/tushenghao/projects/campus-marker-opencv-assignment/src/tushenghao/docs/evidence/final-fixes/path-a/baseline","/home/tushenghao/projects/campus-marker-opencv-assignment/src/tushenghao/docs/evidence/final-fixes/path-a/verification-release"
717,"new_success","/home/tushenghao/projects/campus-marker-opencv-assignment/src/tushenghao/docs/evidence/final-fixes/path-a/baseline","/home/tushenghao/projects/campus-marker-opencv-assignment/src/tushenghao/docs/evidence/final-fixes/path-a/verification-release"
724,"new_success","/home/tushenghao/projects/campus-marker-opencv-assignment/src/tushenghao/docs/evidence/final-fixes/path-a/baseline","/home/tushenghao/projects/campus-marker-opencv-assignment/src/tushenghao/docs/evidence/final-fixes/path-a/verification-release"
726,"new_success","/home/tushenghao/projects/campus-marker-opencv-assignment/src/tushenghao/docs/evidence/final-fixes/path-a/baseline","/home/tushenghao/projects/campus-marker-opencv-assignment/src/tushenghao/docs/evidence/final-fixes/path-a/verification-release"
755,"new_success","/home/tushenghao/projects/campus-marker-opencv-assignment/src/tushenghao/docs/evidence/final-fixes/path-a/baseline","/home/tushenghao/projects/campus-marker-opencv-assignment/src/tushenghao/docs/evidence/final-fixes/path-a/verification-release"
765,"new_success","/home/tushenghao/projects/campus-marker-opencv-assignment/src/tushenghao/docs/evidence/final-fixes/path-a/baseline","/home/tushenghao/projects/campus-marker-opencv-assignment/src/tushenghao/docs/evidence/final-fixes/path-a/verification-release"
766,"new_success","/home/tushenghao/projects/campus-marker-opencv-assignment/src/tushenghao/docs/evidence/final-fixes/path-a/baseline","/home/tushenghao/projects/campus-marker-opencv-assignment/src/tushenghao/docs/evidence/final-fixes/path-a/verification-release"
767,"new_success","/home/tushenghao/projects/campus-marker-opencv-assignment/src/tushenghao/docs/evidence/final-fixes/path-a/baseline","/home/tushenghao/projects/campus-marker-opencv-assignment/src/tushenghao/docs/evidence/final-fixes/path-a/verification-release"
771,"new_success","/home/tushenghao/projects/campus-marker-opencv-assignment/src/tushenghao/docs/evidence/final-fixes/path-a/baseline","/home/tushenghao/projects/campus-marker-opencv-assignment/src/tushenghao/docs/evidence/final-fixes/path-a/verification-release"
772,"raw_geometry_or_orientation_change","/home/tushenghao/projects/campus-marker-opencv-assignment/src/tushenghao/docs/evidence/final-fixes/path-a/baseline","/home/tushenghao/projects/campus-marker-opencv-assignment/src/tushenghao/docs/evidence/final-fixes/path-a/verification-release"
781,"new_success","/home/tushenghao/projects/campus-marker-opencv-assignment/src/tushenghao/docs/evidence/final-fixes/path-a/baseline","/home/tushenghao/projects/campus-marker-opencv-assignment/src/tushenghao/docs/evidence/final-fixes/path-a/verification-release"
783,"raw_geometry_or_orientation_change","/home/tushenghao/projects/campus-marker-opencv-assignment/src/tushenghao/docs/evidence/final-fixes/path-a/baseline","/home/tushenghao/projects/campus-marker-opencv-assignment/src/tushenghao/docs/evidence/final-fixes/path-a/verification-release"
790,"new_success","/home/tushenghao/projects/campus-marker-opencv-assignment/src/tushenghao/docs/evidence/final-fixes/path-a/baseline","/home/tushenghao/projects/campus-marker-opencv-assignment/src/tushenghao/docs/evidence/final-fixes/path-a/verification-release"
793,"new_success","/home/tushenghao/projects/campus-marker-opencv-assignment/src/tushenghao/docs/evidence/final-fixes/path-a/baseline","/home/tushenghao/projects/campus-marker-opencv-assignment/src/tushenghao/docs/evidence/final-fixes/path-a/verification-release"
800,"new_success","/home/tushenghao/projects/campus-marker-opencv-assignment/src/tushenghao/docs/evidence/final-fixes/path-a/baseline","/home/tushenghao/projects/campus-marker-opencv-assignment/src/tushenghao/docs/evidence/final-fixes/path-a/verification-release"
975,"new_success","/home/tushenghao/projects/campus-marker-opencv-assignment/src/tushenghao/docs/evidence/final-fixes/path-a/baseline","/home/tushenghao/projects/campus-marker-opencv-assignment/src/tushenghao/docs/evidence/final-fixes/path-a/verification-release"
983,"raw_geometry_or_orientation_change","/home/tushenghao/projects/campus-marker-opencv-assignment/src/tushenghao/docs/evidence/final-fixes/path-a/baseline","/home/tushenghao/projects/campus-marker-opencv-assignment/src/tushenghao/docs/evidence/final-fixes/path-a/verification-release"
988,"new_success","/home/tushenghao/projects/campus-marker-opencv-assignment/src/tushenghao/docs/evidence/final-fixes/path-a/baseline","/home/tushenghao/projects/campus-marker-opencv-assignment/src/tushenghao/docs/evidence/final-fixes/path-a/verification-release"
989,"new_success","/home/tushenghao/projects/campus-marker-opencv-assignment/src/tushenghao/docs/evidence/final-fixes/path-a/baseline","/home/tushenghao/projects/campus-marker-opencv-assignment/src/tushenghao/docs/evidence/final-fixes/path-a/verification-release"
991,"new_success","/home/tushenghao/projects/campus-marker-opencv-assignment/src/tushenghao/docs/evidence/final-fixes/path-a/baseline","/home/tushenghao/projects/campus-marker-opencv-assignment/src/tushenghao/docs/evidence/final-fixes/path-a/verification-release"
997,"raw_geometry_or_orientation_change","/home/tushenghao/projects/campus-marker-opencv-assignment/src/tushenghao/docs/evidence/final-fixes/path-a/baseline","/home/tushenghao/projects/campus-marker-opencv-assignment/src/tushenghao/docs/evidence/final-fixes/path-a/verification-release"
999,"new_success","/home/tushenghao/projects/campus-marker-opencv-assignment/src/tushenghao/docs/evidence/final-fixes/path-a/baseline","/home/tushenghao/projects/campus-marker-opencv-assignment/src/tushenghao/docs/evidence/final-fixes/path-a/verification-release"
1006,"new_success","/home/tushenghao/projects/campus-marker-opencv-assignment/src/tushenghao/docs/evidence/final-fixes/path-a/baseline","/home/tushenghao/projects/campus-marker-opencv-assignment/src/tushenghao/docs/evidence/final-fixes/path-a/verification-release"
1007,"new_success","/home/tushenghao/projects/campus-marker-opencv-assignment/src/tushenghao/docs/evidence/final-fixes/path-a/baseline","/home/tushenghao/projects/campus-marker-opencv-assignment/src/tushenghao/docs/evidence/final-fixes/path-a/verification-release"
1008,"new_success","/home/tushenghao/projects/campus-marker-opencv-assignment/src/tushenghao/docs/evidence/final-fixes/path-a/baseline","/home/tushenghao/projects/campus-marker-opencv-assignment/src/tushenghao/docs/evidence/final-fixes/path-a/verification-release"
1015,"new_success","/home/tushenghao/projects/campus-marker-opencv-assignment/src/tushenghao/docs/evidence/final-fixes/path-a/baseline","/home/tushenghao/projects/campus-marker-opencv-assignment/src/tushenghao/docs/evidence/final-fixes/path-a/verification-release"
1016,"new_success","/home/tushenghao/projects/campus-marker-opencv-assignment/src/tushenghao/docs/evidence/final-fixes/path-a/baseline","/home/tushenghao/projects/campus-marker-opencv-assignment/src/tushenghao/docs/evidence/final-fixes/path-a/verification-release"
1027,"new_success","/home/tushenghao/projects/campus-marker-opencv-assignment/src/tushenghao/docs/evidence/final-fixes/path-a/baseline","/home/tushenghao/projects/campus-marker-opencv-assignment/src/tushenghao/docs/evidence/final-fixes/path-a/verification-release"
1031,"new_success","/home/tushenghao/projects/campus-marker-opencv-assignment/src/tushenghao/docs/evidence/final-fixes/path-a/baseline","/home/tushenghao/projects/campus-marker-opencv-assignment/src/tushenghao/docs/evidence/final-fixes/path-a/verification-release"
1032,"new_success","/home/tushenghao/projects/campus-marker-opencv-assignment/src/tushenghao/docs/evidence/final-fixes/path-a/baseline","/home/tushenghao/projects/campus-marker-opencv-assignment/src/tushenghao/docs/evidence/final-fixes/path-a/verification-release"
1045,"new_success","/home/tushenghao/projects/campus-marker-opencv-assignment/src/tushenghao/docs/evidence/final-fixes/path-a/baseline","/home/tushenghao/projects/campus-marker-opencv-assignment/src/tushenghao/docs/evidence/final-fixes/path-a/verification-release"
1052,"new_success","/home/tushenghao/projects/campus-marker-opencv-assignment/src/tushenghao/docs/evidence/final-fixes/path-a/baseline","/home/tushenghao/projects/campus-marker-opencv-assignment/src/tushenghao/docs/evidence/final-fixes/path-a/verification-release"
1060,"new_success","/home/tushenghao/projects/campus-marker-opencv-assignment/src/tushenghao/docs/evidence/final-fixes/path-a/baseline","/home/tushenghao/projects/campus-marker-opencv-assignment/src/tushenghao/docs/evidence/final-fixes/path-a/verification-release"
1071,"new_success","/home/tushenghao/projects/campus-marker-opencv-assignment/src/tushenghao/docs/evidence/final-fixes/path-a/baseline","/home/tushenghao/projects/campus-marker-opencv-assignment/src/tushenghao/docs/evidence/final-fixes/path-a/verification-release"
1083,"raw_geometry_or_orientation_change","/home/tushenghao/projects/campus-marker-opencv-assignment/src/tushenghao/docs/evidence/final-fixes/path-a/baseline","/home/tushenghao/projects/campus-marker-opencv-assignment/src/tushenghao/docs/evidence/final-fixes/path-a/verification-release"
1109,"new_success","/home/tushenghao/projects/campus-marker-opencv-assignment/src/tushenghao/docs/evidence/final-fixes/path-a/baseline","/home/tushenghao/projects/campus-marker-opencv-assignment/src/tushenghao/docs/evidence/final-fixes/path-a/verification-release"
1116,"new_success","/home/tushenghao/projects/campus-marker-opencv-assignment/src/tushenghao/docs/evidence/final-fixes/path-a/baseline","/home/tushenghao/projects/campus-marker-opencv-assignment/src/tushenghao/docs/evidence/final-fixes/path-a/verification-release"
1121,"new_success","/home/tushenghao/projects/campus-marker-opencv-assignment/src/tushenghao/docs/evidence/final-fixes/path-a/baseline","/home/tushenghao/projects/campus-marker-opencv-assignment/src/tushenghao/docs/evidence/final-fixes/path-a/verification-release"
1136,"new_success","/home/tushenghao/projects/campus-marker-opencv-assignment/src/tushenghao/docs/evidence/final-fixes/path-a/baseline","/home/tushenghao/projects/campus-marker-opencv-assignment/src/tushenghao/docs/evidence/final-fixes/path-a/verification-release"
1138,"new_success","/home/tushenghao/projects/campus-marker-opencv-assignment/src/tushenghao/docs/evidence/final-fixes/path-a/baseline","/home/tushenghao/projects/campus-marker-opencv-assignment/src/tushenghao/docs/evidence/final-fixes/path-a/verification-release"
1142,"new_success","/home/tushenghao/projects/campus-marker-opencv-assignment/src/tushenghao/docs/evidence/final-fixes/path-a/baseline","/home/tushenghao/projects/campus-marker-opencv-assignment/src/tushenghao/docs/evidence/final-fixes/path-a/verification-release"
1145,"new_success","/home/tushenghao/projects/campus-marker-opencv-assignment/src/tushenghao/docs/evidence/final-fixes/path-a/baseline","/home/tushenghao/projects/campus-marker-opencv-assignment/src/tushenghao/docs/evidence/final-fixes/path-a/verification-release"
1151,"new_success","/home/tushenghao/projects/campus-marker-opencv-assignment/src/tushenghao/docs/evidence/final-fixes/path-a/baseline","/home/tushenghao/projects/campus-marker-opencv-assignment/src/tushenghao/docs/evidence/final-fixes/path-a/verification-release"
1158,"new_success","/home/tushenghao/projects/campus-marker-opencv-assignment/src/tushenghao/docs/evidence/final-fixes/path-a/baseline","/home/tushenghao/projects/campus-marker-opencv-assignment/src/tushenghao/docs/evidence/final-fixes/path-a/verification-release"
1165,"new_success","/home/tushenghao/projects/campus-marker-opencv-assignment/src/tushenghao/docs/evidence/final-fixes/path-a/baseline","/home/tushenghao/projects/campus-marker-opencv-assignment/src/tushenghao/docs/evidence/final-fixes/path-a/verification-release"
1170,"new_success","/home/tushenghao/projects/campus-marker-opencv-assignment/src/tushenghao/docs/evidence/final-fixes/path-a/baseline","/home/tushenghao/projects/campus-marker-opencv-assignment/src/tushenghao/docs/evidence/final-fixes/path-a/verification-release"
1175,"new_success","/home/tushenghao/projects/campus-marker-opencv-assignment/src/tushenghao/docs/evidence/final-fixes/path-a/baseline","/home/tushenghao/projects/campus-marker-opencv-assignment/src/tushenghao/docs/evidence/final-fixes/path-a/verification-release"
1178,"new_success","/home/tushenghao/projects/campus-marker-opencv-assignment/src/tushenghao/docs/evidence/final-fixes/path-a/baseline","/home/tushenghao/projects/campus-marker-opencv-assignment/src/tushenghao/docs/evidence/final-fixes/path-a/verification-release"
1195,"new_success","/home/tushenghao/projects/campus-marker-opencv-assignment/src/tushenghao/docs/evidence/final-fixes/path-a/baseline","/home/tushenghao/projects/campus-marker-opencv-assignment/src/tushenghao/docs/evidence/final-fixes/path-a/verification-release"
1204,"new_success","/home/tushenghao/projects/campus-marker-opencv-assignment/src/tushenghao/docs/evidence/final-fixes/path-a/baseline","/home/tushenghao/projects/campus-marker-opencv-assignment/src/tushenghao/docs/evidence/final-fixes/path-a/verification-release"
1409,"new_success","/home/tushenghao/projects/campus-marker-opencv-assignment/src/tushenghao/docs/evidence/final-fixes/path-a/baseline","/home/tushenghao/projects/campus-marker-opencv-assignment/src/tushenghao/docs/evidence/final-fixes/path-a/verification-release"
1415,"new_success","/home/tushenghao/projects/campus-marker-opencv-assignment/src/tushenghao/docs/evidence/final-fixes/path-a/baseline","/home/tushenghao/projects/campus-marker-opencv-assignment/src/tushenghao/docs/evidence/final-fixes/path-a/verification-release"
1418,"new_success","/home/tushenghao/projects/campus-marker-opencv-assignment/src/tushenghao/docs/evidence/final-fixes/path-a/baseline","/home/tushenghao/projects/campus-marker-opencv-assignment/src/tushenghao/docs/evidence/final-fixes/path-a/verification-release"
1420,"new_success","/home/tushenghao/projects/campus-marker-opencv-assignment/src/tushenghao/docs/evidence/final-fixes/path-a/baseline","/home/tushenghao/projects/campus-marker-opencv-assignment/src/tushenghao/docs/evidence/final-fixes/path-a/verification-release"
1437,"new_success","/home/tushenghao/projects/campus-marker-opencv-assignment/src/tushenghao/docs/evidence/final-fixes/path-a/baseline","/home/tushenghao/projects/campus-marker-opencv-assignment/src/tushenghao/docs/evidence/final-fixes/path-a/verification-release"
1444,"new_success","/home/tushenghao/projects/campus-marker-opencv-assignment/src/tushenghao/docs/evidence/final-fixes/path-a/baseline","/home/tushenghao/projects/campus-marker-opencv-assignment/src/tushenghao/docs/evidence/final-fixes/path-a/verification-release"
1447,"new_success","/home/tushenghao/projects/campus-marker-opencv-assignment/src/tushenghao/docs/evidence/final-fixes/path-a/baseline","/home/tushenghao/projects/campus-marker-opencv-assignment/src/tushenghao/docs/evidence/final-fixes/path-a/verification-release"
1463,"new_success","/home/tushenghao/projects/campus-marker-opencv-assignment/src/tushenghao/docs/evidence/final-fixes/path-a/baseline","/home/tushenghao/projects/campus-marker-opencv-assignment/src/tushenghao/docs/evidence/final-fixes/path-a/verification-release"
1506,"new_success","/home/tushenghao/projects/campus-marker-opencv-assignment/src/tushenghao/docs/evidence/final-fixes/path-a/baseline","/home/tushenghao/projects/campus-marker-opencv-assignment/src/tushenghao/docs/evidence/final-fixes/path-a/verification-release"
1507,"new_success","/home/tushenghao/projects/campus-marker-opencv-assignment/src/tushenghao/docs/evidence/final-fixes/path-a/baseline","/home/tushenghao/projects/campus-marker-opencv-assignment/src/tushenghao/docs/evidence/final-fixes/path-a/verification-release"
1521,"new_success","/home/tushenghao/projects/campus-marker-opencv-assignment/src/tushenghao/docs/evidence/final-fixes/path-a/baseline","/home/tushenghao/projects/campus-marker-opencv-assignment/src/tushenghao/docs/evidence/final-fixes/path-a/verification-release"
1524,"raw_geometry_or_orientation_change","/home/tushenghao/projects/campus-marker-opencv-assignment/src/tushenghao/docs/evidence/final-fixes/path-a/baseline","/home/tushenghao/projects/campus-marker-opencv-assignment/src/tushenghao/docs/evidence/final-fixes/path-a/verification-release"
1525,"raw_geometry_or_orientation_change","/home/tushenghao/projects/campus-marker-opencv-assignment/src/tushenghao/docs/evidence/final-fixes/path-a/baseline","/home/tushenghao/projects/campus-marker-opencv-assignment/src/tushenghao/docs/evidence/final-fixes/path-a/verification-release"
1531,"new_success","/home/tushenghao/projects/campus-marker-opencv-assignment/src/tushenghao/docs/evidence/final-fixes/path-a/baseline","/home/tushenghao/projects/campus-marker-opencv-assignment/src/tushenghao/docs/evidence/final-fixes/path-a/verification-release"
1540,"new_success","/home/tushenghao/projects/campus-marker-opencv-assignment/src/tushenghao/docs/evidence/final-fixes/path-a/baseline","/home/tushenghao/projects/campus-marker-opencv-assignment/src/tushenghao/docs/evidence/final-fixes/path-a/verification-release"
1544,"new_success","/home/tushenghao/projects/campus-marker-opencv-assignment/src/tushenghao/docs/evidence/final-fixes/path-a/baseline","/home/tushenghao/projects/campus-marker-opencv-assignment/src/tushenghao/docs/evidence/final-fixes/path-a/verification-release"
1547,"new_success","/home/tushenghao/projects/campus-marker-opencv-assignment/src/tushenghao/docs/evidence/final-fixes/path-a/baseline","/home/tushenghao/projects/campus-marker-opencv-assignment/src/tushenghao/docs/evidence/final-fixes/path-a/verification-release"
1549,"new_success","/home/tushenghao/projects/campus-marker-opencv-assignment/src/tushenghao/docs/evidence/final-fixes/path-a/baseline","/home/tushenghao/projects/campus-marker-opencv-assignment/src/tushenghao/docs/evidence/final-fixes/path-a/verification-release"
1551,"raw_geometry_or_orientation_change","/home/tushenghao/projects/campus-marker-opencv-assignment/src/tushenghao/docs/evidence/final-fixes/path-a/baseline","/home/tushenghao/projects/campus-marker-opencv-assignment/src/tushenghao/docs/evidence/final-fixes/path-a/verification-release"
1561,"new_success","/home/tushenghao/projects/campus-marker-opencv-assignment/src/tushenghao/docs/evidence/final-fixes/path-a/baseline","/home/tushenghao/projects/campus-marker-opencv-assignment/src/tushenghao/docs/evidence/final-fixes/path-a/verification-release"
1569,"new_success","/home/tushenghao/projects/campus-marker-opencv-assignment/src/tushenghao/docs/evidence/final-fixes/path-a/baseline","/home/tushenghao/projects/campus-marker-opencv-assignment/src/tushenghao/docs/evidence/final-fixes/path-a/verification-release"
