frame_id,first_blocking_stage,components,L_observations,generated_parents,validated_parents,truncated
0,detected,6,3,3,1,False
1,detected,6,3,3,1,False
2,unresolved_competing_geometry,6,3,6,2,False
3,detected,6,3,3,1,False
4,original_corner_rejected,6,3,6,2,False
5,unresolved_competing_geometry,6,3,12,4,False
6,detected,6,3,3,1,False
7,original_corner_rejected,6,3,3,1,False
8,detected,6,3,3,1,False
9,detected,6,3,3,1,False
10,unresolved_competing_geometry,6,3,6,2,False
11,unresolved_competing_geometry,6,3,6,2,False
12,detected,6,3,6,2,False
13,unresolved_competing_geometry,6,3,6,2,False
14,original_corner_rejected,6,3,6,2,False
15,unresolved_competing_geometry,6,3,12,4,False
16,detected,6,3,6,2,False
17,original_corner_rejected,6,3,3,1,False
18,detected,6,3,3,1,False
19,detected,6,3,3,1,False
20,detected,6,3,3,1,False
21,original_corner_rejected,6,3,6,2,False
22,original_corner_rejected,6,3,3,1,False
23,detected,6,3,6,1,False
24,detected,6,3,6,1,False
25,original_corner_rejected,6,3,3,1,False
26,detected,6,3,6,2,False
27,detected,6,3,3,1,False
28,detected,6,3,6,2,False
29,detected,6,3,6,2,False
30,detected,6,3,6,2,False
31,detected,6,3,6,1,False
32,original_corner_rejected,6,3,3,1,False
33,detected,6,3,3,1,False
34,detected,6,3,6,1,False
35,detected,6,3,3,1,False
36,no_completed_assignment,6,3,6,2,False
37,fewer_than_three_L_observations,6,2,0,0,False
38,fewer_than_three_L_observations,5,2,0,0,False
39,fewer_than_three_L_observations,4,2,0,0,False
40,fewer_than_three_L_observations,4,2,0,0,False
41,fewer_than_three_L_observations,4,2,0,0,False
42,fewer_than_three_L_observations,4,2,0,0,False
43,fewer_than_three_L_observations,2,2,0,0,False
44,fewer_than_three_L_observations,2,2,0,0,False
45,fewer_than_three_L_observations,2,2,0,0,False
46,fewer_than_three_L_observations,2,2,0,0,False
47,fewer_than_three_L_observations,2,2,0,0,False
48,fewer_than_three_L_observations,2,2,0,0,False
49,fewer_than_three_L_observations,2,2,0,0,False
50,fewer_than_three_L_observations,2,2,0,0,False
51,fewer_than_three_L_observations,2,2,0,0,False
52,fewer_than_three_L_observations,2,2,0,0,False
53,fewer_than_three_L_observations,2,2,0,0,False
54,fewer_than_three_L_observations,2,0,0,0,False
55,fewer_than_three_L_observations,2,0,0,0,False
56,fewer_than_three_L_observations,2,0,0,0,False
57,fewer_than_three_L_observations,2,0,0,0,False
58,fewer_than_three_L_observations,2,0,0,0,False
59,fewer_than_three_L_observations,4,0,0,0,False
60,no_white_components,0,0,0,0,False
61,no_white_components,0,0,0,0,False
62,no_white_components,0,0,0,0,False
63,no_white_components,0,0,0,0,False
64,no_white_components,0,0,0,0,False
65,no_white_components,0,0,0,0,False
66,no_white_components,0,0,0,0,False
67,no_white_components,0,0,0,0,False
68,no_white_components,0,0,0,0,False
69,no_white_components,0,0,0,0,False
70,no_white_components,0,0,0,0,False
71,no_white_components,0,0,0,0,False
72,no_white_components,0,0,0,0,False
73,no_white_components,0,0,0,0,False
74,no_white_components,0,0,0,0,False
75,no_white_components,0,0,0,0,False
76,no_white_components,0,0,0,0,False
77,no_white_components,0,0,0,0,False
78,no_white_components,0,0,0,0,False
79,no_white_components,0,0,0,0,False
80,no_white_components,0,0,0,0,False
81,no_white_components,0,0,0,0,False
82,no_white_components,0,0,0,0,False
83,no_white_components,0,0,0,0,False
84,no_white_components,0,0,0,0,False
85,no_white_components,0,0,0,0,False
86,no_white_components,0,0,0,0,False
87,no_white_components,0,0,0,0,False
88,no_white_components,0,0,0,0,False
89,no_white_components,0,0,0,0,False
90,no_white_components,0,0,0,0,False
91,no_white_components,0,0,0,0,False
92,no_white_components,0,0,0,0,False
93,no_white_components,0,0,0,0,False
94,no_white_components,0,0,0,0,False
95,no_white_components,0,0,0,0,False
96,no_white_components,0,0,0,0,False
97,no_white_components,0,0,0,0,False
98,no_white_components,0,0,0,0,False
99,no_white_components,0,0,0,0,False
100,no_white_components,0,0,0,0,False
101,no_white_components,0,0,0,0,False
102,no_white_components,0,0,0,0,False
103,no_white_components,0,0,0,0,False
104,no_white_components,0,0,0,0,False
105,no_white_components,0,0,0,0,False
106,no_white_components,0,0,0,0,False
107,no_white_components,0,0,0,0,False
108,no_white_components,0,0,0,0,False
109,fewer_than_three_L_observations,2,0,0,0,False
110,fewer_than_three_L_observations,2,0,0,0,False
111,fewer_than_three_L_observations,2,0,0,0,False
112,fewer_than_three_L_observations,2,2,0,0,False
113,fewer_than_three_L_observations,2,2,0,0,False
114,fewer_than_three_L_observations,2,2,0,0,False
115,fewer_than_three_L_observations,2,2,0,0,False
116,fewer_than_three_L_observations,2,2,0,0,False
117,fewer_than_three_L_observations,2,2,0,0,False
118,fewer_than_three_L_observations,2,2,0,0,False
119,fewer_than_three_L_observations,2,2,0,0,False
120,fewer_than_three_L_observations,4,2,0,0,False
121,fewer_than_three_L_observations,4,2,0,0,False
122,fewer_than_three_L_observations,4,2,0,0,False
123,fewer_than_three_L_observations,5,2,0,0,False
124,fewer_than_three_L_observations,5,2,0,0,False
125,no_completed_assignment,6,3,6,2,False
126,no_completed_assignment,6,3,6,1,False
127,detected,6,3,6,2,False
128,detected,6,3,6,1,False
129,original_corner_rejected,6,3,6,2,False
130,detected,6,3,6,2,False
131,detected,6,3,6,1,False
132,detected,6,3,6,1,False
133,detected,6,3,3,1,False
134,original_corner_rejected,6,3,6,1,False
135,unresolved_competing_geometry,6,3,6,2,False
136,detected,6,3,12,2,False
137,detected,6,3,3,1,False
138,detected,6,3,3,1,False
139,detected,6,3,3,1,False
140,detected,6,3,3,1,False
141,detected,6,3,3,1,False
142,detected,6,3,6,2,False
143,detected,6,3,6,1,False
144,unresolved_competing_geometry,6,3,6,2,False
145,detected,6,3,12,2,False
146,detected,6,3,3,1,False
147,detected,6,3,6,1,False
148,original_corner_rejected,6,3,3,1,False
149,detected,6,3,12,3,False
150,original_corner_rejected,6,3,6,1,False
151,detected,6,3,6,2,False
152,detected,6,3,3,1,False
153,unresolved_competing_geometry,6,3,12,4,False
154,original_corner_rejected,6,3,6,1,False
155,unresolved_competing_geometry,6,3,6,2,False
156,detected,6,3,6,1,False
157,detected,6,3,3,1,False
158,detected,6,3,3,1,False
159,detected,6,3,3,1,False
160,detected,6,3,6,1,False
161,unresolved_competing_geometry,6,3,6,2,False
162,detected,6,3,3,1,False
163,detected,6,3,12,4,False
164,detected,6,3,3,1,False
165,detected,6,3,3,1,False
166,unresolved_competing_geometry,6,3,6,2,False
167,detected,6,3,3,1,False
168,detected,6,3,3,1,False
169,detected,6,3,6,2,False
170,unresolved_competing_geometry,6,3,6,2,False
171,detected,6,3,3,1,False
172,detected,6,3,3,1,False
173,detected,6,3,6,2,False
174,detected,6,3,3,1,False
175,unresolved_competing_geometry,6,3,12,4,False
176,detected,6,3,6,2,False
177,original_corner_rejected,6,3,3,1,False
178,detected,6,3,3,1,False
179,detected,6,3,3,1,False
180,detected,6,3,6,1,False
181,unresolved_competing_geometry,6,3,12,2,False
182,detected,6,3,6,1,False
183,detected,6,3,6,2,False
184,unresolved_competing_geometry,6,3,12,4,False
185,detected,6,3,3,1,False
186,detected,6,3,3,1,False
187,detected,6,3,6,2,False
188,detected,6,3,3,1,False
189,detected,6,3,6,2,False
190,unresolved_competing_geometry,6,3,6,2,False
191,detected,6,3,6,2,False
192,detected,6,3,3,1,False
193,original_corner_rejected,6,3,3,1,False
194,unresolved_competing_geometry,6,3,6,2,False
195,detected,6,3,3,1,False
196,detected,6,3,3,1,False
197,unresolved_competing_geometry,6,3,6,2,False
198,detected,6,3,3,1,False
199,detected,6,3,6,1,False
200,detected,6,3,6,1,False
201,detected,6,3,12,3,False
202,detected,6,3,6,2,False
203,detected,6,3,3,1,False
204,detected,6,3,6,2,False
205,detected,6,3,3,1,False
206,original_corner_rejected,6,3,3,1,False
207,original_corner_rejected,6,3,3,1,False
208,unresolved_competing_geometry,6,3,12,4,False
209,detected,6,3,3,1,False
210,detected,6,3,3,1,False
211,detected,6,3,3,1,False
212,detected,6,3,6,2,False
213,detected,6,3,3,1,False
214,detected,6,3,3,1,False
215,original_corner_rejected,6,3,3,1,False
216,detected,6,3,3,1,False
217,detected,6,3,3,1,False
218,detected,6,3,6,1,False
219,detected,6,3,6,1,False
220,detected,6,3,3,1,False
221,detected,6,3,3,1,False
222,detected,6,3,3,1,False
223,detected,6,3,6,2,False
224,detected,6,3,6,2,False
225,detected,6,3,6,2,False
226,original_corner_rejected,6,3,3,1,False
227,detected,6,3,6,1,False
228,original_corner_rejected,6,3,3,1,False
229,detected,6,3,3,1,False
230,detected,6,3,6,1,False
231,unresolved_competing_geometry,6,3,6,2,False
232,detected,6,3,3,1,False
233,detected,6,3,3,1,False
234,original_corner_rejected,6,3,3,1,False
235,detected,6,3,3,1,False
236,detected,6,3,3,1,False
237,detected,6,3,3,1,False
238,detected,6,3,6,1,False
239,original_corner_rejected,6,3,3,1,False
240,detected,6,3,6,2,False
241,unresolved_competing_geometry,6,3,6,2,False
242,detected,6,3,3,1,False
243,detected,6,3,6,2,False
244,detected,6,3,3,1,False
245,original_corner_rejected,6,3,6,2,False
246,original_corner_rejected,6,3,6,2,False
247,detected,6,3,3,1,False
248,detected,6,3,3,1,False
249,detected,6,3,3,1,False
250,detected,6,3,6,1,False
251,detected,6,3,6,1,False
252,detected,6,3,3,1,False
253,detected,6,3,3,1,False
254,detected,6,3,3,1,False
255,detected,6,3,6,2,False
256,detected,6,3,3,1,False
257,detected,6,3,6,2,False
258,detected,6,3,3,1,False
259,detected,6,3,6,2,False
260,detected,6,3,3,1,False
261,original_corner_rejected,6,3,6,2,False
262,detected,6,3,6,2,False
263,detected,6,4,12,1,False
264,detected,6,3,3,1,False
265,detected,6,3,3,1,False
266,no_completed_assignment,6,3,3,1,False
267,no_completed_assignment,6,3,3,1,False
268,no_completed_assignment,6,3,3,1,False
269,no_completed_assignment,6,3,6,2,False
270,no_completed_assignment,6,3,3,1,False
271,no_completed_assignment,6,3,3,1,False
272,no_completed_assignment,6,3,3,1,False
273,no_completed_assignment,6,3,6,2,False
274,no_completed_assignment,6,3,3,1,False
275,detected,6,3,3,1,False
276,detected,6,3,3,1,False
277,detected,6,3,3,1,False
278,original_corner_rejected,6,3,3,1,False
279,detected,6,3,3,1,False
280,unresolved_competing_geometry,6,3,6,2,False
281,detected,6,3,3,1,False
282,detected,6,3,3,1,False
283,detected,6,3,3,1,False
284,detected,6,3,3,1,False
285,detected,6,3,3,1,False
286,detected,6,3,3,1,False
287,detected,6,3,3,1,False
288,detected,6,3,3,1,False
289,detected,6,3,6,2,False
290,detected,6,3,3,1,False
291,original_corner_rejected,6,3,6,2,False
292,detected,6,3,3,1,False
293,detected,6,3,3,1,False
294,detected,6,3,3,1,False
295,detected,6,3,6,2,False
296,detected,6,3,3,1,False
297,original_corner_rejected,6,3,3,1,False
298,detected,6,3,3,1,False
299,original_corner_rejected,6,3,3,1,False
300,original_corner_rejected,6,3,3,1,False
301,detected,6,3,3,1,False
302,detected,6,3,6,1,False
303,detected,6,3,3,1,False
304,detected,6,3,3,1,False
305,original_corner_rejected,6,3,3,1,False
306,detected,6,3,6,2,False
307,original_corner_rejected,6,3,6,2,False
308,detected,6,3,3,1,False
309,unresolved_competing_geometry,6,3,12,4,False
310,detected,6,3,3,1,False
311,detected,6,3,6,2,False
312,detected,6,3,3,1,False
313,detected,6,3,6,2,False
314,detected,6,3,3,1,False
315,detected,6,3,3,1,False
316,detected,6,3,3,1,False
317,detected,6,3,3,1,False
318,detected,6,3,3,1,False
319,detected,6,3,6,2,False
320,detected,6,3,6,2,False
321,detected,6,3,3,1,False
322,original_corner_rejected,6,3,3,1,False
323,detected,6,3,6,2,False
324,detected,6,3,3,1,False
325,detected,6,3,3,1,False
326,unresolved_competing_geometry,6,3,6,2,False
327,detected,6,3,6,1,False
328,unresolved_competing_geometry,6,3,6,2,False
329,detected,6,3,3,1,False
330,detected,6,3,3,1,False
331,detected,6,3,3,1,False
332,original_corner_rejected,6,3,6,2,False
333,detected,6,3,3,1,False
334,detected,6,3,6,1,False
335,detected,6,3,6,2,False
336,detected,6,3,3,1,False
337,detected,6,3,3,1,False
338,detected,6,3,6,1,False
339,detected,6,3,3,1,False
340,detected,6,3,3,1,False
341,detected,6,3,6,2,False
342,detected,6,3,3,1,False
343,detected,6,3,3,1,False
344,detected,6,3,6,1,False
345,unresolved_competing_geometry,6,3,6,2,False
346,detected,6,3,3,1,False
347,detected,6,3,3,1,False
348,detected,6,3,3,1,False
349,detected,6,3,3,1,False
350,detected,6,3,6,2,False
351,unresolved_competing_geometry,6,3,6,2,False
352,detected,6,3,3,1,False
353,detected,6,3,3,1,False
354,detected,6,3,3,1,False
355,detected,6,3,6,2,False
356,detected,6,3,3,1,False
357,detected,6,3,3,1,False
358,detected,6,3,3,1,False
359,detected,6,3,3,1,False
360,detected,6,3,6,2,False
361,detected,6,3,3,1,False
362,detected,6,3,6,2,False
363,detected,6,3,3,1,False
364,detected,6,3,3,1,False
365,detected,6,3,3,1,False
366,original_corner_rejected,6,3,3,1,False
367,detected,6,3,3,1,False
368,detected,6,3,3,1,False
369,original_corner_rejected,6,3,3,1,False
370,detected,6,3,3,1,False
371,detected,6,3,6,2,False
372,detected,6,3,6,1,False
373,original_corner_rejected,6,3,3,1,False
374,original_corner_rejected,6,3,3,1,False
375,detected,6,3,3,1,False
376,original_corner_rejected,6,3,3,1,False
377,original_corner_rejected,6,3,6,1,False
378,detected,6,3,6,2,False
379,detected,6,3,12,2,False
380,detected,6,3,12,2,False
381,detected,6,3,6,2,False
382,unresolved_competing_geometry,6,3,6,2,False
383,original_corner_rejected,6,3,3,1,False
384,original_corner_rejected,6,3,3,1,False
385,detected,6,3,3,1,False
386,detected,6,3,3,1,False
387,detected,6,3,3,1,False
388,detected,6,3,3,1,False
389,detected,6,3,3,1,False
390,detected,6,3,3,1,False
391,detected,6,3,6,2,False
392,detected,6,3,6,2,False
393,detected,6,3,6,1,False
394,original_corner_rejected,6,3,6,2,False
395,original_corner_rejected,6,3,3,1,False
396,detected,6,3,3,1,False
397,unresolved_competing_geometry,6,3,6,2,False
398,detected,6,3,6,2,False
399,detected,6,3,6,1,False
400,detected,6,3,12,2,False
401,detected,6,3,12,2,False
402,detected,6,3,12,2,False
403,detected,6,3,12,2,False
404,detected,6,3,6,1,False
405,detected,6,3,6,2,False
406,detected,6,3,6,1,False
407,detected,6,3,6,1,False
408,original_corner_rejected,6,3,3,1,False
409,original_corner_rejected,6,3,3,1,False
410,detected,6,3,3,1,False
411,unresolved_competing_geometry,6,3,6,2,False
412,detected,6,3,6,2,False
413,detected,6,3,3,1,False
414,detected,6,3,6,2,False
415,detected,6,3,12,2,False
416,detected,6,3,6,1,False
417,detected,6,3,3,1,False
418,detected,6,3,3,1,False
419,detected,6,3,6,2,False
420,detected,6,3,3,1,False
421,detected,6,3,3,1,False
422,original_corner_rejected,6,3,3,1,False
423,no_completed_assignment,6,3,3,1,False
424,fewer_than_three_L_observations,5,2,0,0,False
425,fewer_than_three_L_observations,5,2,0,0,False
426,fewer_than_three_L_observations,4,2,0,0,False
427,fewer_than_three_L_observations,4,2,0,0,False
428,fewer_than_three_L_observations,4,2,0,0,False
429,fewer_than_three_L_observations,2,2,0,0,False
430,fewer_than_three_L_observations,2,2,0,0,False
431,fewer_than_three_L_observations,2,2,0,0,False
432,fewer_than_three_L_observations,2,2,0,0,False
433,fewer_than_three_L_observations,2,2,0,0,False
434,fewer_than_three_L_observations,2,2,0,0,False
435,fewer_than_three_L_observations,2,2,0,0,False
436,fewer_than_three_L_observations,2,2,0,0,False
437,fewer_than_three_L_observations,2,0,0,0,False
438,fewer_than_three_L_observations,2,0,0,0,False
439,fewer_than_three_L_observations,2,0,0,0,False
440,fewer_than_three_L_observations,3,0,0,0,False
441,no_white_components,0,0,0,0,False
442,no_white_components,0,0,0,0,False
443,no_white_components,0,0,0,0,False
444,no_white_components,0,0,0,0,False
445,no_white_components,0,0,0,0,False
446,no_white_components,0,0,0,0,False
447,no_white_components,0,0,0,0,False
448,no_white_components,0,0,0,0,False
449,no_white_components,0,0,0,0,False
450,no_white_components,0,0,0,0,False
451,fewer_than_three_L_observations,12,0,0,0,False
452,fewer_than_three_L_observations,2,0,0,0,False
453,fewer_than_three_L_observations,2,0,0,0,False
454,fewer_than_three_L_observations,2,0,0,0,False
455,fewer_than_three_L_observations,2,0,0,0,False
456,fewer_than_three_L_observations,2,2,0,0,False
457,fewer_than_three_L_observations,2,2,0,0,False
458,fewer_than_three_L_observations,2,2,0,0,False
459,fewer_than_three_L_observations,2,2,0,0,False
460,fewer_than_three_L_observations,2,2,0,0,False
461,fewer_than_three_L_observations,2,2,0,0,False
462,fewer_than_three_L_observations,2,2,0,0,False
463,fewer_than_three_L_observations,2,2,0,0,False
464,fewer_than_three_L_observations,3,2,0,0,False
465,fewer_than_three_L_observations,4,2,0,0,False
466,fewer_than_three_L_observations,4,2,0,0,False
467,fewer_than_three_L_observations,4,2,0,0,False
468,fewer_than_three_L_observations,5,2,0,0,False
469,fewer_than_three_L_observations,6,2,0,0,False
470,no_completed_assignment,6,3,6,2,False
471,detected,6,3,6,1,False
472,original_corner_rejected,6,3,6,1,False
473,detected,6,3,6,2,False
474,detected,6,3,6,1,False
475,unresolved_competing_geometry,6,3,6,2,False
476,detected,6,3,6,2,False
477,detected,6,3,12,2,False
478,original_corner_rejected,6,3,6,2,False
479,detected,6,3,12,4,False
480,original_corner_rejected,6,3,6,1,False
481,detected,6,3,3,1,False
482,detected,6,3,6,1,False
483,detected,6,3,3,1,False
484,unresolved_competing_geometry,6,3,6,2,False
485,detected,6,3,3,1,False
486,detected,6,3,3,1,False
487,detected,6,3,6,2,False
488,detected,6,3,6,2,False
489,detected,6,3,3,1,False
490,detected,6,3,3,1,False
491,unresolved_competing_geometry,6,3,6,2,False
492,detected,6,3,3,1,False
493,unresolved_competing_geometry,6,3,6,2,False
494,detected,6,3,3,1,False
495,detected,6,3,3,1,False
496,detected,6,3,3,1,False
497,detected,6,3,6,2,False
498,detected,6,3,3,1,False
499,detected,6,3,3,1,False
500,detected,6,3,3,1,False
501,detected,6,3,6,1,False
502,detected,6,3,3,1,False
503,detected,6,3,3,1,False
504,detected,6,3,3,1,False
505,detected,6,3,6,2,False
506,detected,6,3,3,1,False
507,detected,6,3,6,1,False
508,detected,6,3,3,1,False
509,detected,6,3,6,1,False
510,detected,6,3,6,2,False
511,original_corner_rejected,6,3,3,1,False
512,original_corner_rejected,6,3,6,2,False
513,detected,6,3,3,1,False
514,detected,6,3,6,2,False
515,original_corner_rejected,6,3,6,2,False
516,unresolved_competing_geometry,6,3,6,2,False
517,detected,6,3,6,2,False
518,detected,6,3,6,1,False
519,detected,6,3,3,1,False
520,unresolved_competing_geometry,6,3,12,4,False
521,detected,6,3,3,1,False
522,detected,6,3,3,1,False
523,detected,6,3,6,2,False
524,detected,6,3,3,1,False
525,detected,6,3,12,3,False
526,detected,6,3,3,1,False
527,unresolved_competing_geometry,6,3,6,2,False
528,unresolved_competing_geometry,6,3,6,2,False
529,detected,6,3,6,2,False
530,detected,6,3,3,1,False
531,detected,6,3,3,1,False
532,detected,6,3,3,1,False
533,original_corner_rejected,6,3,6,2,False
534,detected,6,3,3,1,False
535,detected,6,3,3,1,False
536,detected,6,3,6,1,False
537,detected,6,3,6,1,False
538,original_corner_rejected,6,3,3,1,False
539,detected,6,3,3,1,False
540,detected,6,3,3,1,False
541,detected,6,3,3,1,False
542,detected,6,3,3,1,False
543,detected,6,3,3,1,False
544,detected,6,3,3,1,False
545,detected,6,3,3,1,False
546,detected,6,3,3,1,False
547,detected,6,3,3,1,False
548,detected,6,3,3,1,False
549,detected,6,3,6,2,False
550,detected,6,3,3,1,False
551,detected,6,3,3,1,False
552,detected,6,3,3,1,False
553,detected,6,3,3,1,False
554,detected,6,3,6,1,False
555,detected,6,3,3,1,False
556,detected,6,3,3,1,False
557,detected,6,3,3,1,False
558,detected,6,3,6,1,False
559,detected,6,3,6,2,False
560,detected,6,3,3,1,False
561,detected,6,3,6,1,False
562,detected,6,3,3,1,False
563,detected,6,3,3,1,False
564,detected,6,3,6,1,False
565,original_corner_rejected,6,3,6,1,False
566,detected,6,3,6,1,False
567,detected,6,3,6,1,False
568,detected,6,3,6,1,False
569,detected,6,4,12,1,False
570,detected,6,3,3,1,False
571,detected,6,3,3,1,False
572,unresolved_competing_geometry,6,3,6,2,False
573,detected,6,3,3,1,False
574,detected,6,3,12,2,False
575,detected,6,3,3,1,False
576,detected,6,3,3,1,False
577,detected,6,3,3,1,False
578,detected,6,3,3,1,False
579,original_corner_rejected,6,3,6,2,False
580,unresolved_competing_geometry,6,3,12,3,False
581,detected,6,3,6,1,False
582,detected,6,3,3,1,False
583,detected,6,3,3,1,False
584,detected,6,3,6,2,False
585,unresolved_competing_geometry,6,3,6,2,False
586,detected,6,3,3,1,False
587,detected,6,3,6,1,False
588,detected,6,3,3,1,False
589,detected,6,3,3,1,False
590,detected,6,3,3,1,False
591,detected,6,3,6,1,False
592,detected,6,3,6,1,False
593,detected,6,3,3,1,False
594,detected,6,3,3,1,False
595,detected,6,3,6,1,False
596,detected,6,3,3,1,False
597,detected,6,3,3,1,False
598,detected,6,3,3,1,False
599,unresolved_competing_geometry,6,3,6,2,False
600,detected,6,3,3,1,False
601,detected,6,3,3,1,False
602,detected,6,3,3,1,False
603,detected,6,3,3,1,False
604,detected,6,3,3,1,False
605,detected,6,3,3,1,False
606,detected,6,3,3,1,False
607,detected,6,3,3,1,False
608,detected,6,3,6,2,False
609,detected,6,3,3,1,False
610,original_corner_rejected,6,3,3,1,False
611,detected,6,3,3,1,False
612,detected,6,3,3,1,False
613,detected,6,3,3,1,False
614,original_corner_rejected,6,3,3,1,False
615,detected,6,3,3,1,False
616,detected,6,3,3,1,False
617,detected,6,3,3,1,False
618,detected,6,3,6,2,False
619,detected,6,3,3,1,False
620,original_corner_rejected,6,3,3,1,False
621,detected,6,3,3,1,False
622,detected,6,3,3,1,False
623,original_corner_rejected,6,3,6,2,False
624,detected,6,3,3,1,False
625,detected,6,3,3,1,False
626,detected,6,3,6,2,False
627,detected,6,3,6,2,False
628,detected,6,3,3,1,False
629,detected,6,3,3,1,False
630,detected,6,3,3,1,False
631,unresolved_competing_geometry,6,3,6,2,False
632,detected,6,3,3,1,False
633,detected,6,3,6,2,False
634,detected,6,3,6,2,False
635,original_corner_rejected,6,4,21,2,False
636,unresolved_competing_geometry,6,3,6,2,False
637,detected,6,3,3,1,False
638,detected,6,3,3,1,False
639,detected,6,3,3,1,False
640,unresolved_competing_geometry,6,3,6,2,False
641,detected,6,3,3,1,False
642,detected,6,3,3,1,False
643,detected,6,3,3,1,False
644,detected,6,3,6,2,False
645,detected,6,3,3,1,False
646,detected,6,3,3,1,False
647,detected,6,3,3,1,False
648,unresolved_competing_geometry,6,3,12,4,False
649,detected,6,3,3,1,False
650,detected,6,3,3,1,False
651,detected,6,3,3,1,False
652,detected,6,3,3,1,False
653,detected,6,3,3,1,False
654,detected,6,3,3,1,False
655,detected,6,3,3,1,False
656,detected,6,3,3,1,False
657,detected,6,3,3,1,False
658,detected,6,3,3,1,False
659,original_corner_rejected,6,3,3,1,False
660,detected,6,3,3,1,False
661,original_corner_rejected,6,3,3,1,False
662,detected,6,3,6,1,False
663,detected,6,3,6,1,False
664,detected,6,3,3,1,False
665,detected,6,3,6,2,False
666,detected,6,3,12,2,False
667,detected,6,3,6,2,False
668,detected,6,3,3,1,False
669,detected,6,3,6,1,False
670,detected,6,3,3,1,False
671,detected,6,3,6,2,False
672,detected,6,3,6,2,False
673,detected,6,3,6,1,False
674,detected,6,3,3,1,False
675,detected,6,3,6,2,False
676,unresolved_competing_geometry,6,3,6,2,False
677,detected,6,3,3,1,False
678,original_corner_rejected,6,3,12,2,False
679,original_corner_rejected,6,3,6,2,False
680,detected,6,3,6,2,False
681,detected,6,3,6,2,False
682,detected,6,3,3,1,False
683,unresolved_competing_geometry,6,3,12,4,False
684,unresolved_competing_geometry,6,3,12,2,False
685,detected,6,3,6,1,False
686,unresolved_competing_geometry,6,3,12,4,False
687,detected,6,3,12,2,False
688,detected,6,3,12,2,False
689,detected,6,3,3,1,False
690,detected,6,3,12,2,False
691,detected,6,3,6,2,False
692,detected,6,3,12,3,False
693,detected,6,3,6,2,False
694,detected,6,3,6,2,False
695,original_corner_rejected,6,3,3,1,False
696,detected,6,3,3,1,False
697,detected,6,3,6,2,False
698,detected,6,3,6,1,False
699,detected,6,3,3,1,False
700,unresolved_competing_geometry,6,3,6,2,False
701,unresolved_competing_geometry,6,3,6,2,False
702,detected,6,3,3,1,False
703,detected,6,3,3,1,False
704,original_corner_rejected,6,3,3,1,False
705,detected,6,3,3,1,False
706,unresolved_competing_geometry,6,3,6,2,False
707,detected,6,3,3,1,False
708,detected,6,3,3,1,False
709,detected,6,3,6,2,False
710,original_corner_rejected,6,3,3,1,False
711,detected,6,3,3,1,False
712,detected,6,3,3,1,False
713,detected,6,3,3,1,False
714,detected,6,3,3,1,False
715,detected,6,3,6,1,False
716,original_corner_rejected,6,3,3,1,False
717,unresolved_competing_geometry,6,3,6,2,False
718,detected,6,3,3,1,False
719,detected,6,3,3,1,False
720,original_corner_rejected,6,3,6,2,False
721,detected,6,3,3,1,False
722,detected,6,3,6,2,False
723,detected,6,3,3,1,False
724,unresolved_competing_geometry,6,3,6,2,False
725,detected,6,3,3,1,False
726,unresolved_competing_geometry,6,3,6,2,False
727,detected,6,3,3,1,False
728,detected,6,3,6,2,False
729,detected,6,3,3,1,False
730,detected,6,3,3,1,False
731,detected,6,3,3,1,False
732,detected,6,3,3,1,False
733,detected,6,3,6,2,False
734,detected,6,3,3,1,False
735,detected,6,3,3,1,False
736,detected,6,3,3,1,False
737,detected,6,3,6,1,False
738,detected,6,3,3,1,False
739,detected,6,3,3,1,False
740,detected,6,3,3,1,False
741,detected,6,3,3,1,False
742,detected,6,3,3,1,False
743,detected,6,3,6,1,False
744,detected,6,3,3,1,False
745,detected,6,3,3,1,False
746,detected,6,3,6,2,False
747,detected,6,3,3,1,False
748,detected,6,3,3,1,False
749,detected,6,3,3,1,False
750,detected,6,3,3,1,False
751,detected,6,3,6,2,False
752,detected,6,3,6,2,False
753,detected,6,3,3,1,False
754,original_corner_rejected,6,3,3,1,False
755,unresolved_competing_geometry,6,3,6,2,False
756,detected,6,3,3,1,False
757,detected,6,3,6,2,False
758,detected,6,3,3,1,False
759,detected,6,3,3,1,False
760,detected,6,3,3,1,False
761,detected,6,3,6,2,False
762,detected,6,3,3,1,False
763,original_corner_rejected,6,3,3,1,False
764,detected,6,3,3,1,False
765,unresolved_competing_geometry,6,3,6,2,False
766,unresolved_competing_geometry,6,3,6,2,False
767,unresolved_competing_geometry,6,3,12,4,False
768,detected,6,3,3,1,False
769,detected,6,3,6,2,False
770,detected,6,3,3,1,False
771,unresolved_competing_geometry,6,3,12,3,False
772,detected,6,3,12,4,False
773,detected,6,3,3,1,False
774,detected,6,3,6,2,False
775,detected,6,3,3,1,False
776,detected,6,3,3,1,False
777,detected,6,3,6,1,False
778,detected,6,3,6,1,False
779,detected,6,3,3,1,False
780,detected,6,3,6,2,False
781,unresolved_competing_geometry,6,3,6,2,False
782,detected,6,3,3,1,False
783,detected,6,3,6,2,False
784,original_corner_rejected,6,3,6,1,False
785,detected,6,3,3,1,False
786,detected,6,3,3,1,False
787,detected,6,3,3,1,False
788,detected,6,3,3,1,False
789,detected,6,3,3,1,False
790,unresolved_competing_geometry,6,3,6,2,False
791,detected,6,3,3,1,False
792,detected,6,3,3,1,False
793,unresolved_competing_geometry,6,3,6,2,False
794,detected,6,3,3,1,False
795,detected,6,3,3,1,False
796,detected,6,3,3,1,False
797,detected,6,3,3,1,False
798,detected,6,3,6,2,False
799,detected,6,3,6,2,False
800,unresolved_competing_geometry,6,3,12,3,False
801,no_completed_assignment,6,3,6,2,False
802,no_completed_assignment,6,3,6,2,False
803,fewer_than_three_L_observations,6,2,0,0,False
804,fewer_than_three_L_observations,6,1,0,0,False
805,fewer_than_three_L_observations,6,1,0,0,False
806,fewer_than_three_L_observations,6,1,0,0,False
807,fewer_than_three_L_observations,6,1,0,0,False
808,fewer_than_three_L_observations,6,1,0,0,False
809,fewer_than_three_L_observations,6,1,0,0,False
810,fewer_than_three_L_observations,6,1,0,0,False
811,fewer_than_three_L_observations,6,1,0,0,False
812,fewer_than_three_L_observations,6,1,0,0,False
813,fewer_than_three_L_observations,6,1,0,0,False
814,fewer_than_three_L_observations,6,1,0,0,False
815,fewer_than_three_L_observations,6,1,0,0,False
816,fewer_than_three_L_observations,6,1,0,0,False
817,fewer_than_three_L_observations,6,2,0,0,False
818,fewer_than_three_L_observations,6,1,0,0,False
819,fewer_than_three_L_observations,5,1,0,0,False
820,fewer_than_three_L_observations,5,1,0,0,False
821,fewer_than_three_L_observations,5,1,0,0,False
822,fewer_than_three_L_observations,4,1,0,0,False
823,fewer_than_three_L_observations,4,1,0,0,False
824,fewer_than_three_L_observations,4,1,0,0,False
825,fewer_than_three_L_observations,4,1,0,0,False
826,fewer_than_three_L_observations,4,1,0,0,False
827,fewer_than_three_L_observations,4,1,0,0,False
828,fewer_than_three_L_observations,4,1,0,0,False
829,fewer_than_three_L_observations,4,1,0,0,False
830,fewer_than_three_L_observations,4,1,0,0,False
831,fewer_than_three_L_observations,4,1,0,0,False
832,fewer_than_three_L_observations,4,1,0,0,False
833,fewer_than_three_L_observations,4,1,0,0,False
834,fewer_than_three_L_observations,4,1,0,0,False
835,fewer_than_three_L_observations,4,1,0,0,False
836,fewer_than_three_L_observations,4,2,0,0,False
837,fewer_than_three_L_observations,4,2,0,0,False
838,fewer_than_three_L_observations,4,2,0,0,False
839,fewer_than_three_L_observations,4,2,0,0,False
840,fewer_than_three_L_observations,4,1,0,0,False
841,fewer_than_three_L_observations,4,2,0,0,False
842,fewer_than_three_L_observations,4,2,0,0,False
843,fewer_than_three_L_observations,4,2,0,0,False
844,fewer_than_three_L_observations,4,1,0,0,False
845,fewer_than_three_L_observations,4,1,0,0,False
846,fewer_than_three_L_observations,4,1,0,0,False
847,fewer_than_three_L_observations,4,1,0,0,False
848,fewer_than_three_L_observations,4,1,0,0,False
849,fewer_than_three_L_observations,4,1,0,0,False
850,fewer_than_three_L_observations,4,1,0,0,False
851,fewer_than_three_L_observations,4,1,0,0,False
852,fewer_than_three_L_observations,4,1,0,0,False
853,fewer_than_three_L_observations,4,1,0,0,False
854,fewer_than_three_L_observations,4,1,0,0,False
855,fewer_than_three_L_observations,4,1,0,0,False
856,fewer_than_three_L_observations,4,1,0,0,False
857,fewer_than_three_L_observations,4,1,0,0,False
858,fewer_than_three_L_observations,4,1,0,0,False
859,fewer_than_three_L_observations,4,1,0,0,False
860,fewer_than_three_L_observations,4,1,0,0,False
861,fewer_than_three_L_observations,4,1,0,0,False
862,fewer_than_three_L_observations,4,1,0,0,False
863,fewer_than_three_L_observations,4,1,0,0,False
864,fewer_than_three_L_observations,4,1,0,0,False
865,fewer_than_three_L_observations,3,1,0,0,False
866,fewer_than_three_L_observations,3,0,0,0,False
867,fewer_than_three_L_observations,3,0,0,0,False
868,fewer_than_three_L_observations,3,0,0,0,False
869,fewer_than_three_L_observations,2,0,0,0,False
870,no_white_components,0,0,0,0,False
871,no_white_components,0,0,0,0,False
872,no_white_components,0,0,0,0,False
873,no_white_components,0,0,0,0,False
874,no_white_components,0,0,0,0,False
875,no_white_components,0,0,0,0,False
876,no_white_components,0,0,0,0,False
877,no_white_components,0,0,0,0,False
878,no_white_components,0,0,0,0,False
879,no_white_components,0,0,0,0,False
880,no_white_components,0,0,0,0,False
881,no_white_components,0,0,0,0,False
882,no_white_components,0,0,0,0,False
883,no_white_components,0,0,0,0,False
884,no_white_components,0,0,0,0,False
885,no_white_components,0,0,0,0,False
886,no_white_components,0,0,0,0,False
887,no_white_components,0,0,0,0,False
888,no_white_components,0,0,0,0,False
889,no_white_components,0,0,0,0,False
890,no_white_components,0,0,0,0,False
891,no_white_components,0,0,0,0,False
892,no_white_components,0,0,0,0,False
893,no_white_components,0,0,0,0,False
894,no_white_components,0,0,0,0,False
895,no_white_components,0,0,0,0,False
896,no_white_components,0,0,0,0,False
897,no_white_components,0,0,0,0,False
898,no_white_components,0,0,0,0,False
899,no_white_components,0,0,0,0,False
900,no_white_components,0,0,0,0,False
901,no_white_components,0,0,0,0,False
902,no_white_components,0,0,0,0,False
903,no_white_components,0,0,0,0,False
904,no_white_components,0,0,0,0,False
905,no_white_components,0,0,0,0,False
906,no_white_components,0,0,0,0,False
907,no_white_components,0,0,0,0,False
908,no_white_components,0,0,0,0,False
909,no_white_components,0,0,0,0,False
910,no_white_components,0,0,0,0,False
911,no_white_components,0,0,0,0,False
912,no_white_components,0,0,0,0,False
913,no_white_components,0,0,0,0,False
914,no_white_components,0,0,0,0,False
915,no_white_components,0,0,0,0,False
916,no_white_components,0,0,0,0,False
917,no_white_components,0,0,0,0,False
918,no_white_components,0,0,0,0,False
919,no_white_components,0,0,0,0,False
920,no_white_components,0,0,0,0,False
921,no_white_components,0,0,0,0,False
922,no_white_components,0,0,0,0,False
923,no_white_components,0,0,0,0,False
924,no_white_components,0,0,0,0,False
925,no_white_components,0,0,0,0,False
926,no_white_components,0,0,0,0,False
927,no_white_components,0,0,0,0,False
928,no_white_components,0,0,0,0,False
929,no_white_components,0,0,0,0,False
930,no_white_components,0,0,0,0,False
931,no_white_components,0,0,0,0,False
932,no_white_components,0,0,0,0,False
933,no_white_components,0,0,0,0,False
934,no_white_components,0,0,0,0,False
935,no_white_components,0,0,0,0,False
936,no_white_components,0,0,0,0,False
937,no_white_components,0,0,0,0,False
938,no_white_components,0,0,0,0,False
939,no_white_components,0,0,0,0,False
940,no_white_components,0,0,0,0,False
941,no_white_components,0,0,0,0,False
942,no_white_components,0,0,0,0,False
943,no_white_components,0,0,0,0,False
944,no_white_components,0,0,0,0,False
945,no_white_components,0,0,0,0,False
946,no_white_components,0,0,0,0,False
947,no_white_components,0,0,0,0,False
948,no_white_components,0,0,0,0,False
949,no_white_components,0,0,0,0,False
950,no_white_components,0,0,0,0,False
951,no_white_components,0,0,0,0,False
952,no_white_components,0,0,0,0,False
953,no_white_components,0,0,0,0,False
954,fewer_than_three_L_observations,3,0,0,0,False
955,fewer_than_three_L_observations,3,0,0,0,False
956,fewer_than_three_L_observations,3,0,0,0,False
957,fewer_than_three_L_observations,3,0,0,0,False
958,fewer_than_three_L_observations,3,1,0,0,False
959,fewer_than_three_L_observations,4,1,0,0,False
960,fewer_than_three_L_observations,4,1,0,0,False
961,fewer_than_three_L_observations,4,1,0,0,False
962,fewer_than_three_L_observations,4,2,0,0,False
963,fewer_than_three_L_observations,4,1,0,0,False
964,fewer_than_three_L_observations,4,1,0,0,False
965,fewer_than_three_L_observations,5,1,0,0,False
966,fewer_than_three_L_observations,6,1,0,0,False
967,fewer_than_three_L_observations,6,1,0,0,False
968,fewer_than_three_L_observations,6,1,0,0,False
969,fewer_than_three_L_observations,6,1,0,0,False
970,fewer_than_three_L_observations,6,2,0,0,False
971,no_completed_assignment,6,3,6,2,False
972,detected,6,3,3,1,False
973,detected,6,3,3,1,False
974,detected,6,3,3,1,False
975,unresolved_competing_geometry,6,3,12,4,False
976,detected,6,3,6,1,False
977,detected,6,3,6,2,False
978,detected,6,3,6,2,False
979,detected,6,3,6,2,False
980,detected,6,4,12,1,False
981,detected,6,3,3,1,False
982,detected,6,3,3,1,False
983,detected,6,3,6,2,False
984,original_corner_rejected,6,3,3,1,False
985,detected,6,3,3,1,False
986,detected,6,3,3,1,False
987,detected,6,3,3,1,False
988,unresolved_competing_geometry,6,3,6,2,False
989,unresolved_competing_geometry,6,3,24,5,False
990,detected,6,3,6,2,False
991,unresolved_competing_geometry,6,3,6,2,False
992,detected,6,3,6,1,False
993,detected,6,3,6,1,False
994,detected,6,3,3,1,False
995,detected,6,3,3,1,False
996,detected,6,3,3,1,False
997,detected,6,3,6,2,False
998,detected,6,3,3,1,False
999,unresolved_competing_geometry,6,3,12,4,False
1000,detected,6,3,12,2,False
1001,detected,6,3,6,1,False
1002,detected,6,3,6,2,False
1003,detected,6,3,6,2,False
1004,detected,6,3,3,1,False
1005,detected,6,3,3,1,False
1006,unresolved_competing_geometry,6,3,6,2,False
1007,unresolved_competing_geometry,6,3,6,2,False
1008,unresolved_competing_geometry,6,3,12,3,False
1009,detected,6,3,6,2,False
1010,detected,6,3,3,1,False
1011,detected,6,3,3,1,False
1012,detected,6,3,3,1,False
1013,detected,6,3,3,1,False
1014,detected,6,3,3,1,False
1015,unresolved_competing_geometry,6,3,6,2,False
1016,unresolved_competing_geometry,6,3,12,3,False
1017,detected,6,3,6,1,False
1018,detected,6,3,3,1,False
1019,detected,6,3,3,1,False
1020,detected,6,3,6,2,False
1021,detected,6,3,3,1,False
1022,detected,6,3,6,1,False
1023,detected,6,3,6,2,False
1024,detected,6,3,12,3,False
1025,detected,6,3,6,2,False
1026,detected,6,3,6,2,False
1027,unresolved_competing_geometry,6,3,6,2,False
1028,detected,6,3,3,1,False
1029,original_corner_rejected,6,3,3,1,False
1030,detected,6,3,3,1,False
1031,unresolved_competing_geometry,6,3,6,2,False
1032,unresolved_competing_geometry,6,3,6,2,False
1033,detected,6,3,3,1,False
1034,detected,6,3,3,1,False
1035,detected,6,3,6,2,False
1036,detected,6,3,3,1,False
1037,detected,6,3,6,2,False
1038,detected,6,3,3,1,False
1039,original_corner_rejected,6,3,3,1,False
1040,detected,6,3,6,2,False
1041,original_corner_rejected,6,3,6,2,False
1042,detected,6,3,3,1,False
1043,original_corner_rejected,6,3,12,4,False
1044,detected,6,3,6,1,False
1045,unresolved_competing_geometry,6,3,6,2,False
1046,detected,6,3,6,2,False
1047,original_corner_rejected,6,3,6,2,False
1048,detected,6,3,6,2,False
1049,detected,6,3,6,1,False
1050,detected,6,3,6,1,False
1051,detected,6,3,6,2,False
1052,unresolved_competing_geometry,6,3,6,2,False
1053,detected,6,3,6,2,False
1054,detected,6,3,6,2,False
1055,detected,6,3,6,1,False
1056,detected,6,3,3,1,False
1057,detected,6,3,3,1,False
1058,detected,6,3,3,1,False
1059,original_corner_rejected,6,3,6,2,False
1060,unresolved_competing_geometry,6,3,6,2,False
1061,detected,6,3,6,1,False
1062,original_corner_rejected,6,3,3,1,False
1063,detected,6,3,3,1,False
1064,detected,6,3,6,2,False
1065,detected,6,3,3,1,False
1066,detected,6,3,3,1,False
1067,detected,6,4,12,1,False
1068,detected,6,3,3,1,False
1069,detected,6,3,6,2,False
1070,detected,6,3,3,1,False
1071,unresolved_competing_geometry,6,3,6,2,False
1072,detected,6,3,3,1,False
1073,detected,6,3,3,1,False
1074,detected,6,3,3,1,False
1075,detected,6,3,3,1,False
1076,detected,6,3,3,1,False
1077,detected,6,3,3,1,False
1078,detected,6,4,12,1,False
1079,detected,6,3,3,1,False
1080,detected,6,3,3,1,False
1081,detected,6,3,3,1,False
1082,detected,6,3,3,1,False
1083,detected,6,3,6,2,False
1084,detected,6,3,3,1,False
1085,detected,6,3,3,1,False
1086,detected,6,3,3,1,False
1087,detected,6,3,3,1,False
1088,detected,6,3,3,1,False
1089,detected,6,3,6,2,False
1090,detected,6,3,3,1,False
1091,detected,6,3,12,4,False
1092,detected,6,3,3,1,False
1093,detected,6,3,6,2,False
1094,detected,6,3,3,1,False
1095,detected,6,3,3,1,False
1096,detected,6,3,3,1,False
1097,detected,6,3,6,2,False
1098,original_corner_rejected,6,3,3,1,False
1099,detected,6,3,3,1,False
1100,detected,6,3,6,1,False
1101,detected,6,3,6,2,False
1102,detected,6,3,6,2,False
1103,detected,6,3,3,1,False
1104,detected,6,3,3,1,False
1105,detected,6,3,6,1,False
1106,detected,6,3,6,2,False
1107,detected,6,3,6,2,False
1108,unresolved_competing_geometry,6,3,6,2,False
1109,unresolved_competing_geometry,6,3,6,2,False
1110,detected,6,3,6,1,False
1111,original_corner_rejected,6,3,6,2,False
1112,detected,6,3,6,1,False
1113,detected,6,3,6,2,False
1114,detected,6,3,3,1,False
1115,detected,6,3,3,1,False
1116,unresolved_competing_geometry,6,3,24,8,False
1117,detected,6,3,3,1,False
1118,detected,6,3,3,1,False
1119,detected,6,3,3,1,False
1120,detected,6,3,3,1,False
1121,unresolved_competing_geometry,6,3,6,2,False
1122,original_corner_rejected,6,3,3,1,False
1123,detected,6,3,3,1,False
1124,detected,6,3,3,1,False
1125,detected,6,3,3,1,False
1126,detected,6,3,3,1,False
1127,detected,6,3,3,1,False
1128,detected,6,3,6,2,False
1129,detected,6,3,6,2,False
1130,detected,6,3,3,1,False
1131,detected,6,3,3,1,False
1132,original_corner_rejected,6,3,6,2,False
1133,detected,6,3,3,1,False
1134,detected,6,3,6,2,False
1135,detected,6,3,6,2,False
1136,unresolved_competing_geometry,6,3,12,2,False
1137,detected,6,3,12,2,False
1138,unresolved_competing_geometry,6,3,12,4,False
1139,detected,6,3,3,1,False
1140,detected,6,3,3,1,False
1141,detected,6,3,6,2,False
1142,unresolved_competing_geometry,6,3,6,2,False
1143,detected,6,3,6,1,False
1144,detected,6,3,3,1,False
1145,unresolved_competing_geometry,6,3,6,2,False
1146,detected,6,3,3,1,False
1147,detected,6,3,3,1,False
1148,detected,6,3,3,1,False
1149,detected,6,3,6,1,False
1150,original_corner_rejected,6,3,6,2,False
1151,unresolved_competing_geometry,6,3,12,4,False
1152,detected,6,3,6,2,False
1153,detected,6,3,3,1,False
1154,detected,6,3,6,1,False
1155,detected,6,3,6,2,False
1156,original_corner_rejected,6,3,3,1,False
1157,detected,6,3,6,2,False
1158,unresolved_competing_geometry,6,3,6,2,False
1159,detected,6,3,3,1,False
1160,original_corner_rejected,6,3,6,1,False
1161,detected,6,3,3,1,False
1162,detected,6,3,6,2,False
1163,detected,6,3,3,1,False
1164,detected,6,3,3,1,False
1165,unresolved_competing_geometry,6,3,6,2,False
1166,detected,6,3,3,1,False
1167,detected,6,3,3,1,False
1168,detected,6,3,3,1,False
1169,detected,6,3,6,1,False
1170,unresolved_competing_geometry,6,3,6,2,False
1171,detected,6,3,3,1,False
1172,detected,6,3,3,1,False
1173,detected,6,3,3,1,False
1174,detected,6,3,3,1,False
1175,unresolved_competing_geometry,6,3,6,2,False
1176,detected,6,3,3,1,False
1177,detected,6,3,3,1,False
1178,unresolved_competing_geometry,6,3,12,2,False
1179,detected,6,3,3,1,False
1180,detected,6,3,3,1,False
1181,detected,6,3,6,1,False
1182,detected,6,3,3,1,False
1183,detected,6,3,6,2,False
1184,detected,6,3,3,1,False
1185,detected,6,3,3,1,False
1186,detected,6,3,3,1,False
1187,detected,6,3,6,1,False
1188,detected,6,3,6,1,False
1189,detected,6,3,3,1,False
1190,detected,6,3,6,2,False
1191,detected,6,3,3,1,False
1192,detected,6,3,3,1,False
1193,detected,6,3,12,2,False
1194,detected,6,3,6,2,False
1195,unresolved_competing_geometry,6,3,6,2,False
1196,detected,6,3,6,2,False
1197,detected,6,3,3,1,False
1198,detected,6,3,6,2,False
1199,detected,6,3,6,2,False
1200,detected,6,3,3,1,False
1201,detected,6,3,6,2,False
1202,detected,6,3,6,2,False
1203,detected,6,3,3,1,False
1204,unresolved_competing_geometry,6,3,6,2,False
1205,detected,6,3,3,1,False
1206,detected,6,3,6,1,False
1207,detected,6,3,3,1,False
1208,detected,6,3,6,1,False
1209,detected,6,3,6,1,False
1210,detected,6,3,6,2,False
1211,detected,6,3,6,2,False
1212,no_completed_assignment,6,3,3,1,False
1213,fewer_than_three_L_observations,6,2,0,0,False
1214,fewer_than_three_L_observations,6,1,0,0,False
1215,fewer_than_three_L_observations,6,1,0,0,False
1216,fewer_than_three_L_observations,6,1,0,0,False
1217,fewer_than_three_L_observations,6,1,0,0,False
1218,fewer_than_three_L_observations,6,1,0,0,False
1219,fewer_than_three_L_observations,6,1,0,0,False
1220,fewer_than_three_L_observations,6,1,0,0,False
1221,fewer_than_three_L_observations,6,1,0,0,False
1222,fewer_than_three_L_observations,6,1,0,0,False
1223,fewer_than_three_L_observations,6,1,0,0,False
1224,fewer_than_three_L_observations,6,1,0,0,False
1225,fewer_than_three_L_observations,6,1,0,0,False
1226,fewer_than_three_L_observations,6,1,0,0,False
1227,fewer_than_three_L_observations,6,1,0,0,False
1228,fewer_than_three_L_observations,6,1,0,0,False
1229,fewer_than_three_L_observations,6,1,0,0,False
1230,fewer_than_three_L_observations,6,1,0,0,False
1231,fewer_than_three_L_observations,6,1,0,0,False
1232,fewer_than_three_L_observations,6,1,0,0,False
1233,fewer_than_three_L_observations,6,2,0,0,False
1234,fewer_than_three_L_observations,6,1,0,0,False
1235,fewer_than_three_L_observations,5,1,0,0,False
1236,fewer_than_three_L_observations,4,1,0,0,False
1237,fewer_than_three_L_observations,4,2,0,0,False
1238,fewer_than_three_L_observations,4,1,0,0,False
1239,fewer_than_three_L_observations,4,1,0,0,False
1240,fewer_than_three_L_observations,4,2,0,0,False
1241,fewer_than_three_L_observations,4,1,0,0,False
1242,fewer_than_three_L_observations,3,1,0,0,False
1243,fewer_than_three_L_observations,3,0,0,0,False
1244,fewer_than_three_L_observations,3,0,0,0,False
1245,fewer_than_three_L_observations,3,0,0,0,False
1246,fewer_than_three_L_observations,2,0,0,0,False
1247,no_white_components,0,0,0,0,False
1248,no_white_components,0,0,0,0,False
1249,no_white_components,0,0,0,0,False
1250,no_white_components,0,0,0,0,False
1251,no_white_components,0,0,0,0,False
1252,no_white_components,0,0,0,0,False
1253,no_white_components,0,0,0,0,False
1254,no_white_components,0,0,0,0,False
1255,no_white_components,0,0,0,0,False
1256,no_white_components,0,0,0,0,False
1257,no_white_components,0,0,0,0,False
1258,no_white_components,0,0,0,0,False
1259,no_white_components,0,0,0,0,False
1260,no_white_components,0,0,0,0,False
1261,no_white_components,0,0,0,0,False
1262,no_white_components,0,0,0,0,False
1263,no_white_components,0,0,0,0,False
1264,no_white_components,0,0,0,0,False
1265,no_white_components,0,0,0,0,False
1266,no_white_components,0,0,0,0,False
1267,no_white_components,0,0,0,0,False
1268,no_white_components,0,0,0,0,False
1269,no_white_components,0,0,0,0,False
1270,no_white_components,0,0,0,0,False
1271,no_white_components,0,0,0,0,False
1272,no_white_components,0,0,0,0,False
1273,no_white_components,0,0,0,0,False
1274,no_white_components,0,0,0,0,False
1275,no_white_components,0,0,0,0,False
1276,no_white_components,0,0,0,0,False
1277,no_white_components,0,0,0,0,False
1278,no_white_components,0,0,0,0,False
1279,no_white_components,0,0,0,0,False
1280,no_white_components,0,0,0,0,False
1281,no_white_components,0,0,0,0,False
1282,no_white_components,0,0,0,0,False
1283,no_white_components,0,0,0,0,False
1284,no_white_components,0,0,0,0,False
1285,no_white_components,0,0,0,0,False
1286,no_white_components,0,0,0,0,False
1287,no_white_components,0,0,0,0,False
1288,no_white_components,0,0,0,0,False
1289,no_white_components,0,0,0,0,False
1290,no_white_components,0,0,0,0,False
1291,no_white_components,0,0,0,0,False
1292,no_white_components,0,0,0,0,False
1293,no_white_components,0,0,0,0,False
1294,no_white_components,0,0,0,0,False
1295,no_white_components,0,0,0,0,False
1296,no_white_components,0,0,0,0,False
1297,no_white_components,0,0,0,0,False
1298,no_white_components,0,0,0,0,False
1299,no_white_components,0,0,0,0,False
1300,no_white_components,0,0,0,0,False
1301,no_white_components,0,0,0,0,False
1302,no_white_components,0,0,0,0,False
1303,no_white_components,0,0,0,0,False
1304,no_white_components,0,0,0,0,False
1305,no_white_components,0,0,0,0,False
1306,no_white_components,0,0,0,0,False
1307,no_white_components,0,0,0,0,False
1308,no_white_components,0,0,0,0,False
1309,no_white_components,0,0,0,0,False
1310,no_white_components,0,0,0,0,False
1311,no_white_components,0,0,0,0,False
1312,no_white_components,0,0,0,0,False
1313,no_white_components,0,0,0,0,False
1314,no_white_components,0,0,0,0,False
1315,no_white_components,0,0,0,0,False
1316,no_white_components,0,0,0,0,False
1317,no_white_components,0,0,0,0,False
1318,no_white_components,0,0,0,0,False
1319,no_white_components,0,0,0,0,False
1320,no_white_components,0,0,0,0,False
1321,no_white_components,0,0,0,0,False
1322,no_white_components,0,0,0,0,False
1323,no_white_components,0,0,0,0,False
1324,no_white_components,0,0,0,0,False
1325,no_white_components,0,0,0,0,False
1326,no_white_components,0,0,0,0,False
1327,no_white_components,0,0,0,0,False
1328,no_white_components,0,0,0,0,False
1329,no_white_components,0,0,0,0,False
1330,no_white_components,0,0,0,0,False
1331,no_white_components,0,0,0,0,False
1332,no_white_components,0,0,0,0,False
1333,no_white_components,0,0,0,0,False
1334,no_white_components,0,0,0,0,False
1335,no_white_components,0,0,0,0,False
1336,no_white_components,0,0,0,0,False
1337,no_white_components,0,0,0,0,False
1338,no_white_components,0,0,0,0,False
1339,no_white_components,0,0,0,0,False
1340,no_white_components,0,0,0,0,False
1341,no_white_components,0,0,0,0,False
1342,no_white_components,0,0,0,0,False
1343,no_white_components,0,0,0,0,False
1344,no_white_components,0,0,0,0,False
1345,no_white_components,0,0,0,0,False
1346,no_white_components,0,0,0,0,False
1347,no_white_components,0,0,0,0,False
1348,no_white_components,0,0,0,0,False
1349,no_white_components,0,0,0,0,False
1350,no_white_components,0,0,0,0,False
1351,no_white_components,0,0,0,0,False
1352,no_white_components,0,0,0,0,False
1353,no_white_components,0,0,0,0,False
1354,no_white_components,0,0,0,0,False
1355,no_white_components,0,0,0,0,False
1356,no_white_components,0,0,0,0,False
1357,no_white_components,0,0,0,0,False
1358,no_white_components,0,0,0,0,False
1359,no_white_components,0,0,0,0,False
1360,no_white_components,0,0,0,0,False
1361,no_white_components,0,0,0,0,False
1362,no_white_components,0,0,0,0,False
1363,no_white_components,0,0,0,0,False
1364,no_white_components,0,0,0,0,False
1365,no_white_components,0,0,0,0,False
1366,no_white_components,0,0,0,0,False
1367,no_white_components,0,0,0,0,False
1368,no_white_components,0,0,0,0,False
1369,no_white_components,0,0,0,0,False
1370,no_white_components,0,0,0,0,False
1371,no_white_components,0,0,0,0,False
1372,no_white_components,0,0,0,0,False
1373,no_white_components,0,0,0,0,False
1374,no_white_components,0,0,0,0,False
1375,no_white_components,0,0,0,0,False
1376,fewer_than_three_L_observations,3,0,0,0,False
1377,fewer_than_three_L_observations,3,0,0,0,False
1378,fewer_than_three_L_observations,3,0,0,0,False
1379,fewer_than_three_L_observations,3,0,0,0,False
1380,fewer_than_three_L_observations,3,1,0,0,False
1381,fewer_than_three_L_observations,4,1,0,0,False
1382,fewer_than_three_L_observations,4,1,0,0,False
1383,fewer_than_three_L_observations,4,1,0,0,False
1384,fewer_than_three_L_observations,4,1,0,0,False
1385,fewer_than_three_L_observations,4,1,0,0,False
1386,fewer_than_three_L_observations,5,1,0,0,False
1387,fewer_than_three_L_observations,6,1,0,0,False
1388,fewer_than_three_L_observations,6,1,0,0,False
1389,fewer_than_three_L_observations,6,1,0,0,False
1390,fewer_than_three_L_observations,6,1,0,0,False
1391,no_completed_assignment,6,3,6,2,False
1392,no_completed_assignment,6,3,6,2,False
1393,detected,6,4,21,1,False
1394,detected,6,3,3,1,False
1395,detected,6,3,3,1,False
1396,detected,6,3,6,2,False
1397,detected,6,3,6,1,False
1398,detected,6,3,6,2,False
1399,original_corner_rejected,6,3,6,2,False
1400,detected,6,4,21,1,False
1401,detected,6,3,3,1,False
1402,detected,6,3,3,1,False
1403,detected,6,3,3,1,False
1404,detected,6,3,3,1,False
1405,detected,6,3,3,1,False
1406,original_corner_rejected,6,3,3,1,False
1407,detected,6,3,3,1,False
1408,detected,6,3,3,1,False
1409,unresolved_competing_geometry,6,3,6,2,False
1410,detected,6,3,12,4,False
1411,detected,6,3,6,1,False
1412,detected,6,3,3,1,False
1413,detected,6,3,12,2,False
1414,original_corner_rejected,6,3,3,1,False
1415,unresolved_competing_geometry,6,3,6,2,False
1416,detected,6,3,6,1,False
1417,detected,6,3,3,1,False
1418,unresolved_competing_geometry,6,3,12,4,False
1419,detected,6,3,3,1,False
1420,unresolved_competing_geometry,6,3,12,4,False
1421,detected,6,3,3,1,False
1422,detected,6,3,3,1,False
1423,detected,6,3,3,1,False
1424,detected,6,3,3,1,False
1425,detected,6,3,3,1,False
1426,detected,6,3,6,1,False
1427,detected,6,3,6,2,False
1428,detected,6,3,6,1,False
1429,detected,6,3,3,1,False
1430,detected,6,3,3,1,False
1431,detected,6,3,3,1,False
1432,detected,6,3,3,1,False
1433,detected,6,3,3,1,False
1434,detected,6,3,3,1,False
1435,detected,6,3,3,1,False
1436,detected,6,3,3,1,False
1437,unresolved_competing_geometry,6,3,12,3,False
1438,detected,6,3,6,2,False
1439,detected,6,3,6,1,False
1440,detected,6,3,3,1,False
1441,detected,6,3,6,2,False
1442,original_corner_rejected,6,3,6,2,False
1443,detected,6,3,6,2,False
1444,unresolved_competing_geometry,6,3,6,2,False
1445,detected,6,3,6,1,False
1446,detected,6,3,3,1,False
1447,unresolved_competing_geometry,6,3,6,2,False
1448,detected,6,3,6,2,False
1449,detected,6,3,3,1,False
1450,detected,6,3,3,1,False
1451,detected,6,3,3,1,False
1452,detected,6,3,6,2,False
1453,detected,6,3,6,1,False
1454,detected,6,3,3,1,False
1455,original_corner_rejected,6,3,6,2,False
1456,detected,6,3,3,1,False
1457,detected,6,3,3,1,False
1458,detected,6,3,3,1,False
1459,detected,6,3,6,2,False
1460,detected,6,3,3,1,False
1461,detected,6,3,3,1,False
1462,original_corner_rejected,6,3,3,1,False
1463,unresolved_competing_geometry,6,3,12,4,False
1464,detected,6,3,3,1,False
1465,detected,6,3,3,1,False
1466,detected,6,3,3,1,False
1467,detected,6,3,3,1,False
1468,detected,6,3,3,1,False
1469,detected,6,3,3,1,False
1470,detected,6,3,3,1,False
1471,detected,6,3,3,1,False
1472,detected,6,3,6,2,False
1473,detected,6,3,6,2,False
1474,detected,6,3,6,2,False
1475,detected,6,3,6,2,False
1476,detected,6,4,12,1,False
1477,detected,6,3,3,1,False
1478,detected,6,3,3,1,False
1479,detected,6,3,6,2,False
1480,detected,6,3,3,1,False
1481,detected,6,3,3,1,False
1482,detected,6,3,3,1,False
1483,detected,6,3,3,1,False
1484,detected,6,3,3,1,False
1485,detected,6,3,6,2,False
1486,detected,6,3,6,2,False
1487,detected,6,3,3,1,False
1488,original_corner_rejected,6,3,3,1,False
1489,original_corner_rejected,6,3,3,1,False
1490,original_corner_rejected,6,3,3,1,False
1491,original_corner_rejected,6,3,3,1,False
1492,detected,6,3,3,1,False
1493,detected,6,3,3,1,False
1494,detected,6,3,3,1,False
1495,detected,6,3,3,1,False
1496,detected,6,3,3,1,False
1497,detected,6,3,6,2,False
1498,detected,6,3,3,1,False
1499,detected,6,3,3,1,False
1500,original_corner_rejected,6,3,3,1,False
1501,detected,6,3,3,1,False
1502,detected,6,3,3,1,False
1503,detected,6,3,3,1,False
1504,detected,6,3,3,1,False
1505,detected,6,3,6,1,False
1506,unresolved_competing_geometry,6,3,6,2,False
1507,unresolved_competing_geometry,6,3,6,2,False
1508,detected,6,3,3,1,False
1509,detected,6,3,3,1,False
1510,detected,6,3,6,2,False
1511,detected,6,3,3,1,False
1512,detected,6,3,6,2,False
1513,detected,6,3,6,2,False
1514,detected,6,3,6,1,False
1515,detected,6,3,6,1,False
1516,detected,6,3,6,2,False
1517,detected,6,3,3,1,False
1518,detected,6,3,3,1,False
1519,detected,6,3,6,2,False
1520,detected,6,3,3,1,False
1521,unresolved_competing_geometry,6,3,12,4,False
1522,detected,6,3,6,2,False
1523,detected,6,3,3,1,False
1524,detected,6,3,6,2,False
1525,detected,6,3,12,3,False
1526,detected,6,3,6,1,False
1527,detected,6,3,12,4,False
1528,original_corner_rejected,6,3,3,1,False
1529,detected,6,3,3,1,False
1530,detected,6,3,3,1,False
1531,unresolved_competing_geometry,6,3,12,3,False
1532,detected,6,3,12,3,False
1533,detected,6,3,6,2,False
1534,detected,6,3,3,1,False
1535,detected,6,3,3,1,False
1536,original_corner_rejected,6,3,3,1,False
1537,detected,6,3,3,1,False
1538,detected,6,3,3,1,False
1539,detected,6,3,6,2,False
1540,unresolved_competing_geometry,6,3,6,2,False
1541,detected,6,3,3,1,False
1542,detected,6,3,3,1,False
1543,detected,6,3,3,1,False
1544,unresolved_competing_geometry,6,3,6,2,False
1545,detected,6,3,6,1,False
1546,detected,6,3,6,1,False
1547,unresolved_competing_geometry,6,3,6,2,False
1548,detected,6,3,6,1,False
1549,unresolved_competing_geometry,6,3,12,4,False
1550,detected,6,3,3,1,False
1551,detected,6,3,6,2,False
1552,original_corner_rejected,6,3,3,1,False
1553,detected,6,3,6,1,False
1554,detected,6,3,3,1,False
1555,detected,6,3,3,1,False
1556,detected,6,3,3,1,False
1557,detected,6,3,6,2,False
1558,detected,6,3,3,1,False
1559,detected,6,3,12,3,False
1560,detected,6,3,6,1,False
1561,unresolved_competing_geometry,6,3,6,2,False
1562,detected,6,3,3,1,False
1563,detected,6,3,6,2,False
1564,detected,6,3,3,1,False
1565,detected,6,3,3,1,False
1566,detected,6,3,3,1,False
1567,detected,6,3,3,1,False
1568,detected,6,3,3,1,False
1569,unresolved_competing_geometry,6,3,6,2,False
1570,detected,6,3,6,1,False
1571,detected,6,3,3,1,False
1572,detected,6,3,3,1,False
1573,unresolved_competing_geometry,6,3,6,2,False
1574,detected,6,3,3,1,False
1575,detected,6,3,3,1,False
1576,no_completed_assignment,6,3,6,1,False
1577,no_completed_assignment,6,3,6,2,False
1578,fewer_than_three_L_observations,6,1,0,0,False
1579,fewer_than_three_L_observations,6,1,0,0,False
1580,fewer_than_three_L_observations,6,1,0,0,False
1581,fewer_than_three_L_observations,6,1,0,0,False
1582,fewer_than_three_L_observations,6,1,0,0,False
1583,fewer_than_three_L_observations,4,1,0,0,False
1584,fewer_than_three_L_observations,4,1,0,0,False
1585,fewer_than_three_L_observations,4,1,0,0,False
1586,fewer_than_three_L_observations,4,1,0,0,False
1587,fewer_than_three_L_observations,4,1,0,0,False
1588,fewer_than_three_L_observations,4,1,0,0,False
1589,fewer_than_three_L_observations,3,1,0,0,False
1590,fewer_than_three_L_observations,3,0,0,0,False
1591,fewer_than_three_L_observations,3,0,0,0,False
1592,fewer_than_three_L_observations,3,0,0,0,False
1593,fewer_than_three_L_observations,2,0,0,0,False
1594,no_white_components,0,0,0,0,False
1595,no_white_components,0,0,0,0,False
1596,no_white_components,0,0,0,0,False
1597,no_white_components,0,0,0,0,False
1598,no_white_components,0,0,0,0,False
1599,no_white_components,0,0,0,0,False
1600,no_white_components,0,0,0,0,False
1601,no_white_components,0,0,0,0,False
1602,no_white_components,0,0,0,0,False
1603,no_white_components,0,0,0,0,False
1604,no_white_components,0,0,0,0,False
1605,no_white_components,0,0,0,0,False
1606,no_white_components,0,0,0,0,False
1607,no_white_components,0,0,0,0,False
1608,no_white_components,0,0,0,0,False
1609,no_white_components,0,0,0,0,False
1610,no_white_components,0,0,0,0,False
1611,no_white_components,0,0,0,0,False
1612,no_white_components,0,0,0,0,False
1613,no_white_components,0,0,0,0,False
1614,no_white_components,0,0,0,0,False
1615,no_white_components,0,0,0,0,False
1616,no_white_components,0,0,0,0,False
1617,no_white_components,0,0,0,0,False
1618,no_white_components,0,0,0,0,False
1619,no_white_components,0,0,0,0,False
1620,no_white_components,0,0,0,0,False
1621,no_white_components,0,0,0,0,False
1622,no_white_components,0,0,0,0,False
1623,no_white_components,0,0,0,0,False
1624,no_white_components,0,0,0,0,False
1625,no_white_components,0,0,0,0,False
1626,no_white_components,0,0,0,0,False
1627,no_white_components,0,0,0,0,False
1628,no_white_components,0,0,0,0,False
1629,no_white_components,0,0,0,0,False
1630,no_white_components,0,0,0,0,False
1631,no_white_components,0,0,0,0,False
1632,no_white_components,0,0,0,0,False
1633,no_white_components,0,0,0,0,False
1634,no_white_components,0,0,0,0,False
1635,no_white_components,0,0,0,0,False
1636,no_white_components,0,0,0,0,False
1637,no_white_components,0,0,0,0,False
1638,no_white_components,0,0,0,0,False
1639,no_white_components,0,0,0,0,False
1640,no_white_components,0,0,0,0,False
1641,no_white_components,0,0,0,0,False
1642,no_white_components,0,0,0,0,False
1643,no_white_components,0,0,0,0,False
1644,no_white_components,0,0,0,0,False
1645,no_white_components,0,0,0,0,False
1646,no_white_components,0,0,0,0,False
1647,fewer_than_three_L_observations,3,0,0,0,False
1648,fewer_than_three_L_observations,3,0,0,0,False
1649,fewer_than_three_L_observations,3,0,0,0,False
1650,fewer_than_three_L_observations,3,1,0,0,False
1651,fewer_than_three_L_observations,4,1,0,0,False
1652,fewer_than_three_L_observations,4,1,0,0,False
1653,fewer_than_three_L_observations,4,1,0,0,False
1654,fewer_than_three_L_observations,4,1,0,0,False
1655,fewer_than_three_L_observations,4,1,0,0,False
1656,fewer_than_three_L_observations,4,1,0,0,False
1657,fewer_than_three_L_observations,6,1,0,0,False
1658,fewer_than_three_L_observations,6,1,0,0,False
1659,fewer_than_three_L_observations,6,1,0,0,False
1660,fewer_than_three_L_observations,6,1,0,0,False
1661,fewer_than_three_L_observations,7,1,0,0,False
1662,no_completed_assignment,6,3,12,4,False
1663,no_completed_assignment,6,3,12,3,False
1664,detected,6,3,6,2,False
1665,detected,6,3,6,2,False
1666,original_corner_rejected,6,3,6,2,False
1667,detected,6,3,6,1,False
1668,detected,6,3,3,1,False
1669,original_corner_rejected,6,3,3,1,False
1670,detected,6,3,3,1,False
1671,detected,6,3,3,1,False
1672,detected,6,3,3,1,False
1673,original_corner_rejected,6,3,3,1,False
1674,detected,6,3,3,1,False
1675,detected,6,3,3,1,False
