work_width,radius,noisy,kind,metric,total,failures,n,mean,sample_std,percentile,maximum,minimum,raw,rounded,step,worst_case
480,0,0,L,max_corner_error,24,0,24,0.1400924642514168,0.15804112828459582,0.3556927665840284,0.3556927665840284,0.0,0.6142158491052043,1.0,0.5,C-r0-a60-s0-w480
480,0,0,L,max_edge_direction_diff,24,0,24,0.057918005281913654,0.05976475763003259,0.13804999358440473,0.13804999358440473,0.0,0.23721227817201143,1,1,C-r0-a105-s0-w480
480,0,0,L,max_support_extension,24,0,24,2.3977054969110494,0.272353414563745,2.82842712474619,2.82842712474619,2.000001267630296,3.2147657406022843,3.5,0.5,C-r0-a45-s0-w480
480,0,0,L,max_line_fit_residual,24,0,24,0.15438680055809031,0.11202558695757135,0.24438029952980037,0.24438029952980037,0.0,0.4904635614308044,0.5,0.5,C-r0-a75-s0-w480
480,0,0,L,min_edge_points,24,0,24,49.166666666666664,5.760937926857175,38,55,38,31.883852886095138,31,1,C-r0-a45-s0-w480
480,0,0,L,truth_error_budget,24,0,24,1.121236697854242,0.1532398774224764,1.4142144587233574,1.4142144587233574,0.9648120453677701,1.5809563301216714,2.0,0.5,C-r0-a0-s0-w480
480,0,0,M,max_corner_error,24,0,24,0.15933112099400004,0.15461821489495148,0.36785224198399646,0.36785224198399646,0.0,0.6231857656788544,1.0,0.5,C-r0-a120-s0-w480
480,0,0,M,max_edge_direction_diff,24,0,24,0.11394846916144838,0.09265295763039948,0.23144826270321192,0.23144826270321192,0.0,0.39190734205264677,1,1,C-r0-a165-s0-w480
480,0,0,M,max_support_extension,24,0,24,3.244144303791402,1.9740182023324004,7.528358531193653,7.528358531193653,2.000000000000023,9.166198910788603,9.5,0.5,C-r0-a120-s0-w480
480,0,0,M,max_line_fit_residual,24,0,24,0.15263890887398732,0.11068032793052261,0.2436034049187814,0.2436034049187814,0.0,0.4846798926655551,0.5,0.5,C-r0-a105-s0-w480
480,0,0,M,min_edge_points,24,0,24,19.541666666666668,3.078384198790385,15,23,15,10.306514070295513,10,1,C-r0-a120-s0-w480
480,0,0,M,truth_error_budget,24,0,24,1.115167368422338,0.15452285840444402,1.4142139641852252,1.4142139641852252,0.9584181219872137,1.57873594363567,2.0,0.5,C-r0-a90-s0-w480
480,0,0,all,max_corner_error,24,0,24,0.15933128491170906,0.15461803863741083,0.36785224198399646,0.36785224198399646,0.0,0.6231854008239415,1.0,0.5,C-r0-a120-s0-w480
480,0,0,all,max_edge_direction_diff,24,0,24,0.11394849357551494,0.09265292630018453,0.23144826270321192,0.23144826270321192,0.0,0.39190727247606855,1,1,C-r0-a165-s0-w480
480,0,0,all,max_support_extension,24,0,24,3.245800467163021,1.97339050255843,7.528358531193653,7.528358531193653,2.000001267630296,9.16597197483831,9.5,0.5,C-r0-a120-s0-w480
480,0,0,all,max_line_fit_residual,24,0,24,0.15438722451937797,0.11202584125250185,0.24438029952980037,0.24438029952980037,0.0,0.4904647482768835,0.5,0.5,C-r0-a75-s0-w480
480,0,0,all,min_edge_points,24,0,24,19.541666666666668,3.078384198790385,15,23,15,10.306514070295513,10,1,C-r0-a120-s0-w480
480,0,0,all,truth_error_budget,24,0,24,1.121236697854242,0.1532398774224764,1.4142144587233574,1.4142144587233574,0.9648120453677701,1.5809563301216714,2.0,0.5,C-r0-a0-s0-w480
480,0,1,L,max_corner_error,96,0,96,0.14130363683562183,0.1550667858645083,0.3556927665840284,0.3556927665840284,0.0,0.6065039944291468,1.0,0.5,C-r0-a60-s11-w480
480,0,1,L,max_edge_direction_diff,96,0,96,0.05742253458011084,0.058329726035249455,0.13804999358440473,0.13804999358440473,0.0,0.23241171268585922,1,1,C-r0-a105-s11-w480
480,0,1,L,max_support_extension,96,0,96,2.3989235635226134,0.26740470200344774,2.82842712474619,2.82842712474619,2.000001267630296,3.2011376695329563,3.5,0.5,C-r0-a45-s11-w480
480,0,1,L,max_line_fit_residual,96,0,96,0.154388710459932,0.1102441482598142,0.2444064924693437,0.2444064924693437,0.0,0.4851211552393746,0.5,0.5,C-r0-a15-s33-w480
480,0,1,L,min_edge_points,96,0,96,49.166666666666664,5.669246058974066,38,55,38,32.15892848974447,32,1,C-r0-a45-s11-w480
480,0,1,L,truth_error_budget,96,0,96,1.1211878428919049,0.1508379545404925,1.4142144587233574,1.4142144587233574,0.9648120453677701,1.5737017065133823,2.0,0.5,C-r0-a0-s11-w480
480,0,1,M,max_corner_error,96,0,96,0.1604409529367842,0.1519844624638335,0.36785224198399646,0.36785224198399646,0.0,0.6163943403282847,1.0,0.5,C-r0-a120-s11-w480
480,0,1,M,max_edge_direction_diff,96,0,96,0.1311022236636058,0.12805023306048582,0.5632579533646828,0.5632579533646828,0.0,0.5632579533646828,1,1,C-r0-a105-s33-w480
480,0,1,M,max_support_extension,96,0,96,3.244502381985725,1.9424274700553767,7.528358531193653,7.528358531193653,2.000000000000023,9.071784792151856,9.5,0.5,C-r0-a120-s11-w480
480,0,1,M,max_line_fit_residual,96,0,96,0.15271271303639838,0.10898172899222365,0.24724952430758163,0.24724952430758163,0.0,0.47965790001306935,0.5,0.5,C-r0-a285-s33-w480
480,0,1,M,min_edge_points,96,0,96,19.541666666666668,3.0293882191716763,15,23,15,10.453502009151638,10,1,C-r0-a120-s11-w480
480,0,1,M,truth_error_budget,96,0,96,1.1149098795386425,0.15297984352234792,1.4142139641852252,1.4142139641852252,0.9557220272436647,1.5738494101056864,2.0,0.5,C-r0-a90-s11-w480
480,0,1,all,max_corner_error,96,0,96,0.16044111685449322,0.15198428760481877,0.36785224198399646,0.36785224198399646,0.0,0.6163939796689496,1.0,0.5,C-r0-a120-s11-w480
480,0,1,all,max_edge_direction_diff,96,0,96,0.13110224807767235,0.12805020780188567,0.5632579533646828,0.5632579533646828,0.0,0.5632579533646828,1,1,C-r0-a105-s33-w480
480,0,1,all,max_support_extension,96,0,96,3.246158545357344,1.9418093975052353,7.528358531193653,7.528358531193653,2.000001267630296,9.07158673787305,9.5,0.5,C-r0-a120-s11-w480
480,0,1,all,max_line_fit_residual,96,0,96,0.1544486370943032,0.11029423960530844,0.24724952430758163,0.24724952430758163,0.0,0.4853313559102286,0.5,0.5,C-r0-a285-s33-w480
480,0,1,all,min_edge_points,96,0,96,19.541666666666668,3.0293882191716763,15,23,15,10.453502009151638,10,1,C-r0-a120-s11-w480
480,0,1,all,truth_error_budget,96,0,96,1.121825058747402,0.1508408877040201,1.4142144587233574,1.4142144587233574,0.9648120453677701,1.5743477218594621,2.0,0.5,C-r0-a0-s11-w480
480,2,0,L,max_corner_error,24,0,24,0.3101891321405287,0.34864241067047996,1.0,1.0,1.2676302958425367e-06,1.3561163641519687,1.5,0.5,C-r2-a45-s0-w480
480,2,0,L,max_edge_direction_diff,24,0,24,0.0572457559890363,0.060032794424310226,0.13804999358440473,0.13804999358440473,0.0,0.23734413926196699,1,1,C-r2-a105-s0-w480
480,2,0,L,max_support_extension,24,0,24,2.633277023783297,0.7589011682067361,4.242640687119285,4.242640687119285,2.000001267630296,4.909980528403505,5.0,0.5,C-r2-a45-s0-w480
480,2,0,L,max_line_fit_residual,24,0,24,0.1541032153752747,0.11185611409725814,0.24438029952980037,0.24438029952980037,0.0,0.48967155766704906,0.5,0.5,C-r2-a75-s0-w480
480,2,0,L,min_edge_points,24,0,24,48.666666666666664,6.176157991521257,37,55,37,30.138192692102894,30,1,C-r2-a45-s0-w480
480,2,0,L,truth_error_budget,24,0,24,1.1166861087507733,0.15814896933706768,1.4142144587233574,1.4142144587233574,0.9511735793331706,1.5911330167619764,2.0,0.5,C-r2-a0-s0-w480
480,2,0,M,max_corner_error,24,0,24,0.3166097282067291,0.3356428647072997,1.0,1.0,0.0,1.3235383223286281,1.5,0.5,C-r2-a45-s0-w480
480,2,0,M,max_edge_direction_diff,24,0,24,0.13808205323670358,0.10178047550319956,0.23144826270321192,0.23144826270321192,0.0,0.44342347974630225,1,1,C-r2-a165-s0-w480
480,2,0,M,max_support_extension,24,0,24,2.6364311768080113,0.7531403069076049,4.242640687119285,4.242640687119285,2.000000000000023,4.895852097530826,5.0,0.5,C-r2-a45-s0-w480
480,2,0,M,max_line_fit_residual,24,0,24,0.1523184006242259,0.11034273540551001,0.23853740664290288,0.23853740664290288,0.0,0.483346606840756,0.5,0.5,C-r2-a15-s0-w480
480,2,0,M,min_edge_points,24,0,24,19.833333333333332,3.0880789957606285,14,23,14,10.569096346051447,10,1,C-r2-a45-s0-w480
480,2,0,M,truth_error_budget,24,0,24,1.1233094538927608,0.14774133198623543,1.4142139641852252,1.4142139641852252,0.9779437556017486,1.5665334498514671,2.0,0.5,C-r2-a90-s0-w480
480,2,0,all,max_corner_error,24,0,24,0.32758852267619637,0.3365487961853861,1.0,1.0,1.2676302958425367e-06,1.3372349112323545,1.5,0.5,C-r2-a45-s0-w480
480,2,0,all,max_edge_direction_diff,24,0,24,0.13808207765077013,0.10178044094201835,0.23144826270321192,0.23144826270321192,0.0,0.4434234004768252,1,1,C-r2-a165-s0-w480
480,2,0,all,max_support_extension,24,0,24,2.6487448877781516,0.7509473911441124,4.242640687119285,4.242640687119285,2.000001267630296,4.901587061210488,5.0,0.5,C-r2-a45-s0-w480
480,2,0,all,max_line_fit_residual,24,0,24,0.15435209214094076,0.11200490186908327,0.24438029952980037,0.24438029952980037,0.0,0.49036679774819053,0.5,0.5,C-r2-a75-s0-w480
480,2,0,all,min_edge_points,24,0,24,19.833333333333332,3.0880789957606285,14,23,14,10.569096346051447,10,1,C-r2-a45-s0-w480
480,2,0,all,truth_error_budget,24,0,24,1.1267360657046228,0.14757389380550756,1.4142144587233574,1.4142144587233574,0.9779437556017486,1.5694577471211455,2.0,0.5,C-r2-a0-s0-w480
480,2,1,L,max_corner_error,96,0,96,0.31140030472473373,0.34227788164779366,1.0,1.0,1.2676302958425367e-06,1.3382339496681148,1.5,0.5,C-r2-a45-s11-w480
480,2,1,L,max_edge_direction_diff,96,0,96,0.056750285287233485,0.058589930145915646,0.13804999358440473,0.13804999358440473,0.0,0.2325200757249804,1,1,C-r2-a105-s11-w480
480,2,1,L,max_support_extension,96,0,96,2.6344950903948607,0.7462138223756797,4.242640687119285,4.242640687119285,2.000001267630296,4.8731365575218994,5.0,0.5,C-r2-a45-s11-w480
480,2,1,L,max_line_fit_residual,96,0,96,0.1541051252771164,0.11007738011195317,0.2444064924693437,0.2444064924693437,0.0,0.4843372656129759,0.5,0.5,C-r2-a15-s33-w480
480,2,1,L,min_edge_points,96,0,96,48.666666666666664,6.077857424881977,37,55,37,30.43309439202073,30,1,C-r2-a45-s11-w480
480,2,1,L,truth_error_budget,96,0,96,1.1166372537884361,0.15566631925736607,1.4142144587233574,1.4142144587233574,0.9511735793331706,1.5836362115605342,2.0,0.5,C-r2-a0-s11-w480
480,2,1,M,max_corner_error,96,0,96,0.31720497891037736,0.32996701906271486,1.0,1.0,0.0,1.307106036098522,1.5,0.5,C-r2-a45-s11-w480
480,2,1,M,max_edge_direction_diff,96,0,96,0.1483935743283805,0.12053686000327196,0.5040865203605986,0.5040865203605986,0.0,0.5100041543381963,1,1,C-r2-a15-s33-w480
480,2,1,M,max_support_extension,96,0,96,2.6365748096744834,0.7410884714144717,4.242640687119285,4.242640687119285,2.000000000000023,4.859840223917899,5.0,0.5,C-r2-a45-s11-w480
480,2,1,M,max_line_fit_residual,96,0,96,0.1523039136417432,0.10857514564629044,0.24012564036505013,0.24012564036505013,0.0,0.47802935058061446,0.5,0.5,C-r2-a105-s33-w480
480,2,1,M,min_edge_points,96,0,96,19.833333333333332,3.0389287124409887,14,23,14,10.716547196010366,10,1,C-r2-a45-s11-w480
480,2,1,M,truth_error_budget,96,0,96,1.1222953702752743,0.14618623601106226,1.4142139641852252,1.4142139641852252,0.9731636970043086,1.560854078308461,2.0,0.5,C-r2-a90-s11-w480
480,2,1,all,max_corner_error,96,0,96,0.3281837733798446,0.3308394702862763,1.0,1.0,1.2676302958425367e-06,1.3207021842386735,1.5,0.5,C-r2-a45-s11-w480
480,2,1,all,max_edge_direction_diff,96,0,96,0.14839359874244704,0.12053682963110474,0.5040865203605986,0.5040865203605986,0.0,0.5100040876357612,1,1,C-r2-a15-s33-w480
480,2,1,all,max_support_extension,96,0,96,2.6488885206446238,0.7389278505570601,4.242640687119285,4.242640687119285,2.000001267630296,4.865672072315804,5.0,0.5,C-r2-a45-s11-w480
480,2,1,all,max_line_fit_residual,96,0,96,0.15435400204278246,0.11022379329673307,0.2444064924693437,0.2444064924693437,0.0,0.4850253819329817,0.5,0.5,C-r2-a15-s33-w480
480,2,1,all,min_edge_points,96,0,96,19.833333333333332,3.0389287124409887,14,23,14,10.716547196010366,10,1,C-r2-a45-s11-w480
480,2,1,all,truth_error_budget,96,0,96,1.127027384490905,0.14522684748165107,1.4142144587233574,1.4142144587233574,0.9779437556017486,1.5627079269358581,2.0,0.5,C-r2-a0-s11-w480
960,0,0,L,max_corner_error,24,0,24,0.1400924642514168,0.15804112828459582,0.3556927665840284,0.3556927665840284,0.0,0.6142158491052043,1.0,0.5,C-r0-a60-s0-w960
960,0,0,L,max_edge_direction_diff,24,0,24,0.057918005281913654,0.05976475763003259,0.13804999358440473,0.13804999358440473,0.0,0.23721227817201143,1,1,C-r0-a105-s0-w960
960,0,0,L,max_support_extension,24,0,24,2.3977054969110494,0.272353414563745,2.82842712474619,2.82842712474619,2.000001267630296,3.2147657406022843,3.5,0.5,C-r0-a45-s0-w960
960,0,0,L,max_line_fit_residual,24,0,24,0.15438680055809031,0.11202558695757135,0.24438029952980037,0.24438029952980037,0.0,0.4904635614308044,0.5,0.5,C-r0-a75-s0-w960
960,0,0,L,min_edge_points,24,0,24,49.166666666666664,5.760937926857175,38,55,38,31.883852886095138,31,1,C-r0-a45-s0-w960
960,0,0,L,truth_error_budget,24,0,24,1.121236697854242,0.1532398774224764,1.4142144587233574,1.4142144587233574,0.9648120453677701,1.5809563301216714,2.0,0.5,C-r0-a0-s0-w960
960,0,0,M,max_corner_error,24,0,24,0.15933112099400004,0.15461821489495148,0.36785224198399646,0.36785224198399646,0.0,0.6231857656788544,1.0,0.5,C-r0-a120-s0-w960
960,0,0,M,max_edge_direction_diff,24,0,24,0.11394846916144838,0.09265295763039948,0.23144826270321192,0.23144826270321192,0.0,0.39190734205264677,1,1,C-r0-a165-s0-w960
960,0,0,M,max_support_extension,24,0,24,3.244144303791402,1.9740182023324004,7.528358531193653,7.528358531193653,2.000000000000023,9.166198910788603,9.5,0.5,C-r0-a120-s0-w960
960,0,0,M,max_line_fit_residual,24,0,24,0.15263890887398732,0.11068032793052261,0.2436034049187814,0.2436034049187814,0.0,0.4846798926655551,0.5,0.5,C-r0-a105-s0-w960
960,0,0,M,min_edge_points,24,0,24,19.541666666666668,3.078384198790385,15,23,15,10.306514070295513,10,1,C-r0-a120-s0-w960
960,0,0,M,truth_error_budget,24,0,24,1.115167368422338,0.15452285840444402,1.4142139641852252,1.4142139641852252,0.9584181219872137,1.57873594363567,2.0,0.5,C-r0-a90-s0-w960
960,0,0,all,max_corner_error,24,0,24,0.15933128491170906,0.15461803863741083,0.36785224198399646,0.36785224198399646,0.0,0.6231854008239415,1.0,0.5,C-r0-a120-s0-w960
960,0,0,all,max_edge_direction_diff,24,0,24,0.11394849357551494,0.09265292630018453,0.23144826270321192,0.23144826270321192,0.0,0.39190727247606855,1,1,C-r0-a165-s0-w960
960,0,0,all,max_support_extension,24,0,24,3.245800467163021,1.97339050255843,7.528358531193653,7.528358531193653,2.000001267630296,9.16597197483831,9.5,0.5,C-r0-a120-s0-w960
960,0,0,all,max_line_fit_residual,24,0,24,0.15438722451937797,0.11202584125250185,0.24438029952980037,0.24438029952980037,0.0,0.4904647482768835,0.5,0.5,C-r0-a75-s0-w960
960,0,0,all,min_edge_points,24,0,24,19.541666666666668,3.078384198790385,15,23,15,10.306514070295513,10,1,C-r0-a120-s0-w960
960,0,0,all,truth_error_budget,24,0,24,1.121236697854242,0.1532398774224764,1.4142144587233574,1.4142144587233574,0.9648120453677701,1.5809563301216714,2.0,0.5,C-r0-a0-s0-w960
960,0,1,L,max_corner_error,96,0,96,0.14130363683562183,0.1550667858645083,0.3556927665840284,0.3556927665840284,0.0,0.6065039944291468,1.0,0.5,C-r0-a60-s11-w960
960,0,1,L,max_edge_direction_diff,96,0,96,0.05742253458011084,0.058329726035249455,0.13804999358440473,0.13804999358440473,0.0,0.23241171268585922,1,1,C-r0-a105-s11-w960
960,0,1,L,max_support_extension,96,0,96,2.3989235635226134,0.26740470200344774,2.82842712474619,2.82842712474619,2.000001267630296,3.2011376695329563,3.5,0.5,C-r0-a45-s11-w960
960,0,1,L,max_line_fit_residual,96,0,96,0.154388710459932,0.1102441482598142,0.2444064924693437,0.2444064924693437,0.0,0.4851211552393746,0.5,0.5,C-r0-a15-s33-w960
960,0,1,L,min_edge_points,96,0,96,49.166666666666664,5.669246058974066,38,55,38,32.15892848974447,32,1,C-r0-a45-s11-w960
960,0,1,L,truth_error_budget,96,0,96,1.1211878428919049,0.1508379545404925,1.4142144587233574,1.4142144587233574,0.9648120453677701,1.5737017065133823,2.0,0.5,C-r0-a0-s11-w960
960,0,1,M,max_corner_error,96,0,96,0.1604409529367842,0.1519844624638335,0.36785224198399646,0.36785224198399646,0.0,0.6163943403282847,1.0,0.5,C-r0-a120-s11-w960
960,0,1,M,max_edge_direction_diff,96,0,96,0.1311022236636058,0.12805023306048582,0.5632579533646828,0.5632579533646828,0.0,0.5632579533646828,1,1,C-r0-a105-s33-w960
960,0,1,M,max_support_extension,96,0,96,3.244502381985725,1.9424274700553767,7.528358531193653,7.528358531193653,2.000000000000023,9.071784792151856,9.5,0.5,C-r0-a120-s11-w960
960,0,1,M,max_line_fit_residual,96,0,96,0.15271271303639838,0.10898172899222365,0.24724952430758163,0.24724952430758163,0.0,0.47965790001306935,0.5,0.5,C-r0-a285-s33-w960
960,0,1,M,min_edge_points,96,0,96,19.541666666666668,3.0293882191716763,15,23,15,10.453502009151638,10,1,C-r0-a120-s11-w960
960,0,1,M,truth_error_budget,96,0,96,1.1149098795386425,0.15297984352234792,1.4142139641852252,1.4142139641852252,0.9557220272436647,1.5738494101056864,2.0,0.5,C-r0-a90-s11-w960
960,0,1,all,max_corner_error,96,0,96,0.16044111685449322,0.15198428760481877,0.36785224198399646,0.36785224198399646,0.0,0.6163939796689496,1.0,0.5,C-r0-a120-s11-w960
960,0,1,all,max_edge_direction_diff,96,0,96,0.13110224807767235,0.12805020780188567,0.5632579533646828,0.5632579533646828,0.0,0.5632579533646828,1,1,C-r0-a105-s33-w960
960,0,1,all,max_support_extension,96,0,96,3.246158545357344,1.9418093975052353,7.528358531193653,7.528358531193653,2.000001267630296,9.07158673787305,9.5,0.5,C-r0-a120-s11-w960
960,0,1,all,max_line_fit_residual,96,0,96,0.1544486370943032,0.11029423960530844,0.24724952430758163,0.24724952430758163,0.0,0.4853313559102286,0.5,0.5,C-r0-a285-s33-w960
960,0,1,all,min_edge_points,96,0,96,19.541666666666668,3.0293882191716763,15,23,15,10.453502009151638,10,1,C-r0-a120-s11-w960
960,0,1,all,truth_error_budget,96,0,96,1.121825058747402,0.1508408877040201,1.4142144587233574,1.4142144587233574,0.9648120453677701,1.5743477218594621,2.0,0.5,C-r0-a0-s11-w960
960,2,0,L,max_corner_error,24,0,24,0.3101891321405287,0.34864241067047996,1.0,1.0,1.2676302958425367e-06,1.3561163641519687,1.5,0.5,C-r2-a45-s0-w960
960,2,0,L,max_edge_direction_diff,24,0,24,0.0572457559890363,0.060032794424310226,0.13804999358440473,0.13804999358440473,0.0,0.23734413926196699,1,1,C-r2-a105-s0-w960
960,2,0,L,max_support_extension,24,0,24,2.633277023783297,0.7589011682067361,4.242640687119285,4.242640687119285,2.000001267630296,4.909980528403505,5.0,0.5,C-r2-a45-s0-w960
960,2,0,L,max_line_fit_residual,24,0,24,0.1541032153752747,0.11185611409725814,0.24438029952980037,0.24438029952980037,0.0,0.48967155766704906,0.5,0.5,C-r2-a75-s0-w960
960,2,0,L,min_edge_points,24,0,24,48.666666666666664,6.176157991521257,37,55,37,30.138192692102894,30,1,C-r2-a45-s0-w960
960,2,0,L,truth_error_budget,24,0,24,1.1166861087507733,0.15814896933706768,1.4142144587233574,1.4142144587233574,0.9511735793331706,1.5911330167619764,2.0,0.5,C-r2-a0-s0-w960
960,2,0,M,max_corner_error,24,0,24,0.3166097282067291,0.3356428647072997,1.0,1.0,0.0,1.3235383223286281,1.5,0.5,C-r2-a45-s0-w960
960,2,0,M,max_edge_direction_diff,24,0,24,0.13808205323670358,0.10178047550319956,0.23144826270321192,0.23144826270321192,0.0,0.44342347974630225,1,1,C-r2-a165-s0-w960
960,2,0,M,max_support_extension,24,0,24,2.6364311768080113,0.7531403069076049,4.242640687119285,4.242640687119285,2.000000000000023,4.895852097530826,5.0,0.5,C-r2-a45-s0-w960
960,2,0,M,max_line_fit_residual,24,0,24,0.1523184006242259,0.11034273540551001,0.23853740664290288,0.23853740664290288,0.0,0.483346606840756,0.5,0.5,C-r2-a15-s0-w960
960,2,0,M,min_edge_points,24,0,24,19.833333333333332,3.0880789957606285,14,23,14,10.569096346051447,10,1,C-r2-a45-s0-w960
960,2,0,M,truth_error_budget,24,0,24,1.1233094538927608,0.14774133198623543,1.4142139641852252,1.4142139641852252,0.9779437556017486,1.5665334498514671,2.0,0.5,C-r2-a90-s0-w960
960,2,0,all,max_corner_error,24,0,24,0.32758852267619637,0.3365487961853861,1.0,1.0,1.2676302958425367e-06,1.3372349112323545,1.5,0.5,C-r2-a45-s0-w960
960,2,0,all,max_edge_direction_diff,24,0,24,0.13808207765077013,0.10178044094201835,0.23144826270321192,0.23144826270321192,0.0,0.4434234004768252,1,1,C-r2-a165-s0-w960
960,2,0,all,max_support_extension,24,0,24,2.6487448877781516,0.7509473911441124,4.242640687119285,4.242640687119285,2.000001267630296,4.901587061210488,5.0,0.5,C-r2-a45-s0-w960
960,2,0,all,max_line_fit_residual,24,0,24,0.15435209214094076,0.11200490186908327,0.24438029952980037,0.24438029952980037,0.0,0.49036679774819053,0.5,0.5,C-r2-a75-s0-w960
960,2,0,all,min_edge_points,24,0,24,19.833333333333332,3.0880789957606285,14,23,14,10.569096346051447,10,1,C-r2-a45-s0-w960
960,2,0,all,truth_error_budget,24,0,24,1.1267360657046228,0.14757389380550756,1.4142144587233574,1.4142144587233574,0.9779437556017486,1.5694577471211455,2.0,0.5,C-r2-a0-s0-w960
960,2,1,L,max_corner_error,96,0,96,0.31140030472473373,0.34227788164779366,1.0,1.0,1.2676302958425367e-06,1.3382339496681148,1.5,0.5,C-r2-a45-s11-w960
960,2,1,L,max_edge_direction_diff,96,0,96,0.056750285287233485,0.058589930145915646,0.13804999358440473,0.13804999358440473,0.0,0.2325200757249804,1,1,C-r2-a105-s11-w960
960,2,1,L,max_support_extension,96,0,96,2.6344950903948607,0.7462138223756797,4.242640687119285,4.242640687119285,2.000001267630296,4.8731365575218994,5.0,0.5,C-r2-a45-s11-w960
960,2,1,L,max_line_fit_residual,96,0,96,0.1541051252771164,0.11007738011195317,0.2444064924693437,0.2444064924693437,0.0,0.4843372656129759,0.5,0.5,C-r2-a15-s33-w960
960,2,1,L,min_edge_points,96,0,96,48.666666666666664,6.077857424881977,37,55,37,30.43309439202073,30,1,C-r2-a45-s11-w960
960,2,1,L,truth_error_budget,96,0,96,1.1166372537884361,0.15566631925736607,1.4142144587233574,1.4142144587233574,0.9511735793331706,1.5836362115605342,2.0,0.5,C-r2-a0-s11-w960
960,2,1,M,max_corner_error,96,0,96,0.31720497891037736,0.32996701906271486,1.0,1.0,0.0,1.307106036098522,1.5,0.5,C-r2-a45-s11-w960
960,2,1,M,max_edge_direction_diff,96,0,96,0.1483935743283805,0.12053686000327196,0.5040865203605986,0.5040865203605986,0.0,0.5100041543381963,1,1,C-r2-a15-s33-w960
960,2,1,M,max_support_extension,96,0,96,2.6365748096744834,0.7410884714144717,4.242640687119285,4.242640687119285,2.000000000000023,4.859840223917899,5.0,0.5,C-r2-a45-s11-w960
960,2,1,M,max_line_fit_residual,96,0,96,0.1523039136417432,0.10857514564629044,0.24012564036505013,0.24012564036505013,0.0,0.47802935058061446,0.5,0.5,C-r2-a105-s33-w960
960,2,1,M,min_edge_points,96,0,96,19.833333333333332,3.0389287124409887,14,23,14,10.716547196010366,10,1,C-r2-a45-s11-w960
960,2,1,M,truth_error_budget,96,0,96,1.1222953702752743,0.14618623601106226,1.4142139641852252,1.4142139641852252,0.9731636970043086,1.560854078308461,2.0,0.5,C-r2-a90-s11-w960
960,2,1,all,max_corner_error,96,0,96,0.3281837733798446,0.3308394702862763,1.0,1.0,1.2676302958425367e-06,1.3207021842386735,1.5,0.5,C-r2-a45-s11-w960
960,2,1,all,max_edge_direction_diff,96,0,96,0.14839359874244704,0.12053682963110474,0.5040865203605986,0.5040865203605986,0.0,0.5100040876357612,1,1,C-r2-a15-s33-w960
960,2,1,all,max_support_extension,96,0,96,2.6488885206446238,0.7389278505570601,4.242640687119285,4.242640687119285,2.000001267630296,4.865672072315804,5.0,0.5,C-r2-a45-s11-w960
960,2,1,all,max_line_fit_residual,96,0,96,0.15435400204278246,0.11022379329673307,0.2444064924693437,0.2444064924693437,0.0,0.4850253819329817,0.5,0.5,C-r2-a15-s33-w960
960,2,1,all,min_edge_points,96,0,96,19.833333333333332,3.0389287124409887,14,23,14,10.716547196010366,10,1,C-r2-a45-s11-w960
960,2,1,all,truth_error_budget,96,0,96,1.127027384490905,0.14522684748165107,1.4142144587233574,1.4142144587233574,0.9779437556017486,1.5627079269358581,2.0,0.5,C-r2-a0-s11-w960
1440,0,0,L,max_corner_error,24,0,24,0.1400924642514168,0.15804112828459582,0.3556927665840284,0.3556927665840284,0.0,0.6142158491052043,1.0,0.5,C-r0-a60-s0-w1440
1440,0,0,L,max_edge_direction_diff,24,0,24,0.05791800528277901,0.05976475763048322,0.13804999358440473,0.13804999358440473,0.0,0.23721227817422869,1,1,C-r0-a15-s0-w1440
1440,0,0,L,max_support_extension,24,0,24,2.3977054969110494,0.272353414563745,2.82842712474619,2.82842712474619,2.000001267630296,3.2147657406022843,3.5,0.5,C-r0-a45-s0-w1440
1440,0,0,L,max_line_fit_residual,24,0,24,0.15438680055809031,0.11202558695757135,0.24438029952980037,0.24438029952980037,0.0,0.4904635614308044,0.5,0.5,C-r0-a75-s0-w1440
1440,0,0,L,min_edge_points,24,0,24,49.166666666666664,5.760937926857175,38,55,38,31.883852886095138,31,1,C-r0-a45-s0-w1440
1440,0,0,L,truth_error_budget,24,0,24,1.121236697854242,0.1532398774224764,1.4142144587233574,1.4142144587233574,0.9648120453677701,1.5809563301216714,2.0,0.5,C-r0-a0-s0-w1440
1440,0,0,M,max_corner_error,24,0,24,0.15933112099400004,0.15461821489495148,0.36785224198399646,0.36785224198399646,0.0,0.6231857656788544,1.0,0.5,C-r0-a120-s0-w1440
1440,0,0,M,max_edge_direction_diff,24,0,24,0.11394846916157961,0.09265295763057313,0.23144826270321192,0.23144826270321192,0.0,0.391907342053299,1,1,C-r0-a165-s0-w1440
1440,0,0,M,max_support_extension,24,0,24,3.244144303791402,1.9740182023324004,7.528358531193653,7.528358531193653,2.000000000000023,9.166198910788603,9.5,0.5,C-r0-a120-s0-w1440
1440,0,0,M,max_line_fit_residual,24,0,24,0.15263890887398732,0.11068032793052261,0.2436034049187814,0.2436034049187814,0.0,0.4846798926655551,0.5,0.5,C-r0-a105-s0-w1440
1440,0,0,M,min_edge_points,24,0,24,19.541666666666668,3.078384198790385,15,23,15,10.306514070295513,10,1,C-r0-a120-s0-w1440
1440,0,0,M,truth_error_budget,24,0,24,1.115167368422338,0.15452285840444402,1.4142139641852252,1.4142139641852252,0.9584181219872137,1.57873594363567,2.0,0.5,C-r0-a90-s0-w1440
1440,0,0,all,max_corner_error,24,0,24,0.15933128491170906,0.15461803863741083,0.36785224198399646,0.36785224198399646,0.0,0.6231854008239415,1.0,0.5,C-r0-a120-s0-w1440
1440,0,0,all,max_edge_direction_diff,24,0,24,0.11394849357564617,0.09265292630035818,0.23144826270321192,0.23144826270321192,0.0,0.39190727247672075,1,1,C-r0-a165-s0-w1440
1440,0,0,all,max_support_extension,24,0,24,3.245800467163021,1.97339050255843,7.528358531193653,7.528358531193653,2.000001267630296,9.16597197483831,9.5,0.5,C-r0-a120-s0-w1440
1440,0,0,all,max_line_fit_residual,24,0,24,0.15438722451937797,0.11202584125250185,0.24438029952980037,0.24438029952980037,0.0,0.4904647482768835,0.5,0.5,C-r0-a75-s0-w1440
1440,0,0,all,min_edge_points,24,0,24,19.541666666666668,3.078384198790385,15,23,15,10.306514070295513,10,1,C-r0-a120-s0-w1440
1440,0,0,all,truth_error_budget,24,0,24,1.121236697854242,0.1532398774224764,1.4142144587233574,1.4142144587233574,0.9648120453677701,1.5809563301216714,2.0,0.5,C-r0-a0-s0-w1440
1440,0,1,L,max_corner_error,96,0,96,0.14130363683562183,0.1550667858645083,0.3556927665840284,0.3556927665840284,0.0,0.6065039944291468,1.0,0.5,C-r0-a60-s11-w1440
1440,0,1,L,max_edge_direction_diff,96,0,96,0.0574225345809762,0.05832972603570403,0.13804999358440473,0.13804999358440473,0.0,0.2324117126880883,1,1,C-r0-a15-s11-w1440
1440,0,1,L,max_support_extension,96,0,96,2.3989235635226134,0.26740470200344774,2.82842712474619,2.82842712474619,2.000001267630296,3.2011376695329563,3.5,0.5,C-r0-a45-s11-w1440
1440,0,1,L,max_line_fit_residual,96,0,96,0.154388710459932,0.1102441482598142,0.2444064924693437,0.2444064924693437,0.0,0.4851211552393746,0.5,0.5,C-r0-a15-s33-w1440
1440,0,1,L,min_edge_points,96,0,96,49.166666666666664,5.669246058974066,38,55,38,32.15892848974447,32,1,C-r0-a45-s11-w1440
1440,0,1,L,truth_error_budget,96,0,96,1.1211878428919049,0.1508379545404925,1.4142144587233574,1.4142144587233574,0.9648120453677701,1.5737017065133823,2.0,0.5,C-r0-a0-s11-w1440
1440,0,1,M,max_corner_error,96,0,96,0.1604409529367842,0.1519844624638335,0.36785224198399646,0.36785224198399646,0.0,0.6163943403282847,1.0,0.5,C-r0-a120-s11-w1440
1440,0,1,M,max_edge_direction_diff,96,0,96,0.1311022236637206,0.12805023306057672,0.5632579533646828,0.5632579533646828,0.0,0.5632579533646828,1,1,C-r0-a105-s33-w1440
1440,0,1,M,max_support_extension,96,0,96,3.244502381985725,1.9424274700553767,7.528358531193653,7.528358531193653,2.000000000000023,9.071784792151856,9.5,0.5,C-r0-a120-s11-w1440
1440,0,1,M,max_line_fit_residual,96,0,96,0.15271271303639838,0.10898172899222365,0.24724952430758163,0.24724952430758163,0.0,0.47965790001306935,0.5,0.5,C-r0-a285-s33-w1440
1440,0,1,M,min_edge_points,96,0,96,19.541666666666668,3.0293882191716763,15,23,15,10.453502009151638,10,1,C-r0-a120-s11-w1440
1440,0,1,M,truth_error_budget,96,0,96,1.1149098795386425,0.15297984352234792,1.4142139641852252,1.4142139641852252,0.9557220272436647,1.5738494101056864,2.0,0.5,C-r0-a90-s11-w1440
1440,0,1,all,max_corner_error,96,0,96,0.16044111685449322,0.15198428760481877,0.36785224198399646,0.36785224198399646,0.0,0.6163939796689496,1.0,0.5,C-r0-a120-s11-w1440
1440,0,1,all,max_edge_direction_diff,96,0,96,0.13110224807778717,0.1280502078019766,0.5632579533646828,0.5632579533646828,0.0,0.5632579533646828,1,1,C-r0-a105-s33-w1440
1440,0,1,all,max_support_extension,96,0,96,3.246158545357344,1.9418093975052353,7.528358531193653,7.528358531193653,2.000001267630296,9.07158673787305,9.5,0.5,C-r0-a120-s11-w1440
1440,0,1,all,max_line_fit_residual,96,0,96,0.1544486370943032,0.11029423960530844,0.24724952430758163,0.24724952430758163,0.0,0.4853313559102286,0.5,0.5,C-r0-a285-s33-w1440
1440,0,1,all,min_edge_points,96,0,96,19.541666666666668,3.0293882191716763,15,23,15,10.453502009151638,10,1,C-r0-a120-s11-w1440
1440,0,1,all,truth_error_budget,96,0,96,1.121825058747402,0.1508408877040201,1.4142144587233574,1.4142144587233574,0.9648120453677701,1.5743477218594621,2.0,0.5,C-r0-a0-s11-w1440
1440,2,0,L,max_corner_error,24,0,24,0.3101891321405287,0.34864241067047996,1.0,1.0,1.2676302958425367e-06,1.3561163641519687,1.5,0.5,C-r2-a45-s0-w1440
1440,2,0,L,max_edge_direction_diff,24,0,24,0.05724575598947631,0.06003279442492824,0.13804999358440473,0.13804999358440473,0.0,0.23734413926426104,1,1,C-r2-a15-s0-w1440
1440,2,0,L,max_support_extension,24,0,24,2.633277023783297,0.7589011682067361,4.242640687119285,4.242640687119285,2.000001267630296,4.909980528403505,5.0,0.5,C-r2-a45-s0-w1440
1440,2,0,L,max_line_fit_residual,24,0,24,0.1541032153752747,0.11185611409725814,0.24438029952980037,0.24438029952980037,0.0,0.48967155766704906,0.5,0.5,C-r2-a75-s0-w1440
1440,2,0,L,min_edge_points,24,0,24,48.666666666666664,6.176157991521257,37,55,37,30.138192692102894,30,1,C-r2-a45-s0-w1440
1440,2,0,L,truth_error_budget,24,0,24,1.1166861087507733,0.15814896933706768,1.4142144587233574,1.4142144587233574,0.9511735793331706,1.5911330167619764,2.0,0.5,C-r2-a0-s0-w1440
1440,2,0,M,max_corner_error,24,0,24,0.3166097282067291,0.3356428647072997,1.0,1.0,0.0,1.3235383223286281,1.5,0.5,C-r2-a45-s0-w1440
1440,2,0,M,max_edge_direction_diff,24,0,24,0.13808205323696604,0.10178047550345079,0.23144826270321192,0.23144826270321192,0.0,0.4434234797473184,1,1,C-r2-a165-s0-w1440
1440,2,0,M,max_support_extension,24,0,24,2.6364311768080113,0.7531403069076049,4.242640687119285,4.242640687119285,2.000000000000023,4.895852097530826,5.0,0.5,C-r2-a45-s0-w1440
1440,2,0,M,max_line_fit_residual,24,0,24,0.1523184006242259,0.11034273540551001,0.23853740664290288,0.23853740664290288,0.0,0.483346606840756,0.5,0.5,C-r2-a15-s0-w1440
1440,2,0,M,min_edge_points,24,0,24,19.833333333333332,3.0880789957606285,14,23,14,10.569096346051447,10,1,C-r2-a45-s0-w1440
1440,2,0,M,truth_error_budget,24,0,24,1.1233094538927608,0.14774133198623543,1.4142139641852252,1.4142139641852252,0.9779437556017486,1.5665334498514671,2.0,0.5,C-r2-a90-s0-w1440
1440,2,0,all,max_corner_error,24,0,24,0.32758852267619637,0.3365487961853861,1.0,1.0,1.2676302958425367e-06,1.3372349112323545,1.5,0.5,C-r2-a45-s0-w1440
1440,2,0,all,max_edge_direction_diff,24,0,24,0.1380820776510326,0.10178044094226958,0.23144826270321192,0.23144826270321192,0.0,0.44342340047784135,1,1,C-r2-a165-s0-w1440
1440,2,0,all,max_support_extension,24,0,24,2.6487448877781516,0.7509473911441124,4.242640687119285,4.242640687119285,2.000001267630296,4.901587061210488,5.0,0.5,C-r2-a45-s0-w1440
1440,2,0,all,max_line_fit_residual,24,0,24,0.15435209214094076,0.11200490186908327,0.24438029952980037,0.24438029952980037,0.0,0.49036679774819053,0.5,0.5,C-r2-a75-s0-w1440
1440,2,0,all,min_edge_points,24,0,24,19.833333333333332,3.0880789957606285,14,23,14,10.569096346051447,10,1,C-r2-a45-s0-w1440
1440,2,0,all,truth_error_budget,24,0,24,1.1267360657046228,0.14757389380550756,1.4142144587233574,1.4142144587233574,0.9779437556017486,1.5694577471211455,2.0,0.5,C-r2-a0-s0-w1440
1440,2,1,L,max_corner_error,96,0,96,0.31140030472473373,0.34227788164779366,1.0,1.0,1.2676302958425367e-06,1.3382339496681148,1.5,0.5,C-r2-a45-s11-w1440
1440,2,1,L,max_edge_direction_diff,96,0,96,0.0567502852876735,0.05858993014653264,0.13804999358440473,0.13804999358440473,0.0,0.23252007572727143,1,1,C-r2-a15-s11-w1440
1440,2,1,L,max_support_extension,96,0,96,2.6344950903948607,0.7462138223756797,4.242640687119285,4.242640687119285,2.000001267630296,4.8731365575218994,5.0,0.5,C-r2-a45-s11-w1440
1440,2,1,L,max_line_fit_residual,96,0,96,0.1541051252771164,0.11007738011195317,0.2444064924693437,0.2444064924693437,0.0,0.4843372656129759,0.5,0.5,C-r2-a15-s33-w1440
1440,2,1,L,min_edge_points,96,0,96,48.666666666666664,6.077857424881977,37,55,37,30.43309439202073,30,1,C-r2-a45-s11-w1440
1440,2,1,L,truth_error_budget,96,0,96,1.1166372537884361,0.15566631925736607,1.4142144587233574,1.4142144587233574,0.9511735793331706,1.5836362115605342,2.0,0.5,C-r2-a0-s11-w1440
1440,2,1,M,max_corner_error,96,0,96,0.31720497891037736,0.32996701906271486,1.0,1.0,0.0,1.307106036098522,1.5,0.5,C-r2-a45-s11-w1440
1440,2,1,M,max_edge_direction_diff,96,0,96,0.14839357432859374,0.12053686000342044,0.5040865203605986,0.5040865203605986,0.0,0.510004154338855,1,1,C-r2-a15-s33-w1440
1440,2,1,M,max_support_extension,96,0,96,2.6365748096744834,0.7410884714144717,4.242640687119285,4.242640687119285,2.000000000000023,4.859840223917899,5.0,0.5,C-r2-a45-s11-w1440
1440,2,1,M,max_line_fit_residual,96,0,96,0.1523039136417432,0.10857514564629044,0.24012564036505013,0.24012564036505013,0.0,0.47802935058061446,0.5,0.5,C-r2-a105-s33-w1440
1440,2,1,M,min_edge_points,96,0,96,19.833333333333332,3.0389287124409887,14,23,14,10.716547196010366,10,1,C-r2-a45-s11-w1440
1440,2,1,M,truth_error_budget,96,0,96,1.1222953702752743,0.14618623601106226,1.4142139641852252,1.4142139641852252,0.9731636970043086,1.560854078308461,2.0,0.5,C-r2-a90-s11-w1440
1440,2,1,all,max_corner_error,96,0,96,0.3281837733798446,0.3308394702862763,1.0,1.0,1.2676302958425367e-06,1.3207021842386735,1.5,0.5,C-r2-a45-s11-w1440
1440,2,1,all,max_edge_direction_diff,96,0,96,0.14839359874266028,0.12053682963125321,0.5040865203605986,0.5040865203605986,0.0,0.5100040876364199,1,1,C-r2-a15-s33-w1440
1440,2,1,all,max_support_extension,96,0,96,2.6488885206446238,0.7389278505570601,4.242640687119285,4.242640687119285,2.000001267630296,4.865672072315804,5.0,0.5,C-r2-a45-s11-w1440
1440,2,1,all,max_line_fit_residual,96,0,96,0.15435400204278246,0.11022379329673307,0.2444064924693437,0.2444064924693437,0.0,0.4850253819329817,0.5,0.5,C-r2-a15-s33-w1440
1440,2,1,all,min_edge_points,96,0,96,19.833333333333332,3.0389287124409887,14,23,14,10.716547196010366,10,1,C-r2-a45-s11-w1440
1440,2,1,all,truth_error_budget,96,0,96,1.127027384490905,0.14522684748165107,1.4142144587233574,1.4142144587233574,0.9779437556017486,1.5627079269358581,2.0,0.5,C-r2-a0-s11-w1440
