work_width,radius,noisy,metric,total,failures,n,mean,sample_std,percentile,maximum,minimum,raw,rounded,step,worst_case
480,0,0,edge_position_original_px,24,0,24,1.0897536170768805,0.15669241826533037,1.2473491117857114,1.2473491117857114,0.8040405071066803,1.5598308718728715,2.0,0.5,C-r0-a165-s0-w480
480,0,0,component_mapping_original_px,24,0,24,3.0203179245654592,0.21511485599117133,3.605551275463989,3.605551275463989,2.8284271247461903,3.6656624925389734,4.0,0.5,C-r0-a15-s0-w480
480,0,0,turn_connection_length_original_px,24,0,24,4.82842712474619,0.48857966321742113,5.656854249492381,5.656854249492381,4.0,6.294166114398453,6.5,0.5,C-r0-a45-s0-w480
480,0,0,min_support_span_original_px,24,0,24,21.448798551970018,0.4735088301680374,20.613349899598575,22.0,20.613349899598575,20.028272061465906,20.0,0.5,C-r0-a285-s0-w480
480,0,0,producer_edge_position_original_px,24,0,24,4.043189503952571,0.9965500008365396,5.77750764556785,5.77750764556785,2.5516356704268413,7.03283950646219,7.5,0.5,C-r0-a270-s0-w480
480,0,0,producer_edge_direction_deg,24,0,24,0.9926598429916813,0.4651405916962684,1.5453006889639929,1.5453006889639929,0.0,2.388081618080487,3,1,C-r0-a165-s0-w480
480,0,0,producer_assignment_boundary_work_px,24,0,24,2.0344893681833383,0.36827389477034117,2.9633173977824243,2.9633173977824243,1.65625,3.139311052494362,3.5,0.5,C-r0-a270-s0-w480
480,0,0,producer_assignment_direction_deg,24,0,24,14.488369319682242,4.447307987675872,22.394614652235866,22.394614652235866,4.242192793322899,27.83029328270986,28,1,C-r0-a210-s0-w480
480,0,0,assignment_boundary_work_px,24,0,24,1.3195604781662646,0.09677081980201994,1.4273441009183898,1.4273441009183898,1.1401988630059252,1.6098729375723244,2.0,0.5,C-r0-a210-s0-w480
480,0,0,assignment_direction_deg,24,0,24,14.604266562568151,4.371376365630391,23.13010235415603,23.13010235415603,5.5560452195832974,27.718395659459325,28,1,C-r0-a210-s0-w480
480,0,0,assignment_relative_area_error,24,0,24,0.032215479990358,0.003404802331427521,0.04045954045954048,0.04045954045954048,0.02581847218525421,0.042429886984640564,0.045,0.005,C-r0-a45-s0-w480
480,0,1,edge_position_original_px,96,0,96,1.090023120469729,0.15448393408737116,1.2559732203568577,1.2559732203568577,0.8040405071066803,1.5534749227318425,2.0,0.5,C-r0-a75-s22-w480
480,0,1,component_mapping_original_px,96,0,96,3.014010098779376,0.2029088451748969,3.605551275463989,3.605551275463989,2.8284271247461903,3.622736634304067,4.0,0.5,C-r0-a15-s22-w480
480,0,1,turn_connection_length_original_px,96,0,96,4.82842712474619,0.480803363160228,5.656854249492381,5.656854249492381,4.0,6.270837214226874,6.5,0.5,C-r0-a45-s11-w480
480,0,1,min_support_span_original_px,96,0,96,21.451569791479,0.461705900215253,20.613349899598575,22.0,20.613349899598575,20.06645209083324,20.0,0.5,C-r0-a285-s11-w480
480,0,1,producer_edge_position_original_px,96,0,96,4.043189503952571,0.9806887761235239,5.77750764556785,5.77750764556785,2.5516356704268413,6.985255832323142,7.0,0.5,C-r0-a270-s11-w480
480,0,1,producer_edge_direction_deg,96,0,96,0.9990497775846721,0.46401569746008425,1.8179389466213776,1.8179389466213776,0.0,2.391096869964925,3,1,C-r0-a15-s33-w480
480,0,1,producer_assignment_boundary_work_px,96,0,96,2.0327107410222847,0.36427494583082937,2.9633173977824243,2.9633173977824243,1.5717020249702074,3.1255355785147727,3.5,0.5,C-r0-a270-s11-w480
480,0,1,producer_assignment_direction_deg,96,0,96,14.488369319682242,4.376524031726544,22.394614652235866,22.394614652235866,4.242192793322899,27.617941414861875,28,1,C-r0-a210-s11-w480
480,0,1,assignment_boundary_work_px,96,0,96,1.3179756908192384,0.09510190001344067,1.4273441009183898,1.4273441009183898,1.1401988630059252,1.6032813908595605,2.0,0.5,C-r0-a210-s11-w480
480,0,1,assignment_direction_deg,96,0,96,14.604266562568151,4.301800947656153,23.13010235415603,23.13010235415603,5.5560452195832974,27.50966940553661,28,1,C-r0-a210-s11-w480
480,0,1,assignment_relative_area_error,96,0,96,0.032233068388159,0.0033462709312735823,0.04045954045954048,0.04045954045954048,0.02581847218525421,0.04227188118197975,0.045,0.005,C-r0-a45-s11-w480
480,2,0,edge_position_original_px,24,0,24,1.0897536170768771,0.15669241826533675,1.2473491117857114,1.2473491117857114,0.8040405071066803,1.5598308718728875,2.0,0.5,C-r2-a165-s0-w480
480,2,0,component_mapping_original_px,24,0,24,2.4721351051447935,0.3802260498050332,3.0,3.0,2.0,3.612813254559893,4.0,0.5,C-r2-a60-s0-w480
480,2,0,turn_connection_length_original_px,24,0,24,4.80820706748625,0.6831943382213301,7.65685424949238,7.65685424949238,4.0,7.65685424949238,8.0,0.5,C-r2-a315-s0-w480
480,2,0,min_support_span_original_px,24,0,24,21.02315565494235,0.9735972140326709,18.384776310850214,22.0,18.384776310850214,18.102364012844337,18.0,0.5,C-r2-a225-s0-w480
480,2,0,producer_edge_position_original_px,24,0,24,4.0511872631220704,1.0070624995063564,5.864409416516937,5.864409416516937,2.5516356704268413,7.072374761641139,7.5,0.5,C-r2-a270-s0-w480
480,2,0,producer_edge_direction_deg,24,0,24,1.0842640074797982,0.40416416856900866,1.5453006889639929,1.5453006889639929,0.0,2.296756513186824,3,1,C-r2-a105-s0-w480
480,2,0,producer_assignment_boundary_work_px,24,0,24,2.025445823078737,0.3384342622680236,2.752839443193155,2.752839443193155,1.65625,3.040748609882808,3.5,0.5,C-r2-a45-s0-w480
480,2,0,producer_assignment_direction_deg,24,0,24,16.87871337220654,4.350536439895601,27.623784900280757,27.623784900280757,10.251198750817418,29.930322691893345,30,1,C-r2-a105-s0-w480
480,2,0,assignment_boundary_work_px,24,0,24,1.3322180575083098,0.0782195048721916,1.4273441009183898,1.4273441009183898,1.2342617638430606,1.5668765721248845,2.0,0.5,C-r2-a210-s0-w480
480,2,0,assignment_direction_deg,24,0,24,16.978294997643516,4.31408438631525,26.56505117707799,26.56505117707799,11.565051177077901,29.920548156589266,30,1,C-r2-a90-s0-w480
480,2,0,assignment_relative_area_error,24,0,24,0.03271909238302748,0.0038456684556380945,0.04045954045954048,0.04045954045954048,0.025373931623931645,0.04425609774994177,0.045,0.005,C-r2-a45-s0-w480
480,2,1,edge_position_original_px,96,0,96,1.0900231204697257,0.15448393408737743,1.2559732203568577,1.2559732203568577,0.8040405071066803,1.553474922731858,2.0,0.5,C-r2-a75-s22-w480
480,2,1,component_mapping_original_px,96,0,96,2.4659646973609766,0.3731196885925223,3.0,3.0,2.0,3.5853237631385433,4.0,0.5,C-r2-a60-s11-w480
480,2,1,turn_connection_length_original_px,96,0,96,4.80820706748625,0.6723205246524253,7.65685424949238,7.65685424949238,4.0,7.65685424949238,8.0,0.5,C-r2-a315-s11-w480
480,2,1,min_support_span_original_px,96,0,96,21.02315565494235,0.958101308981469,18.384776310850214,22.0,18.384776310850214,18.148851727997943,18.0,0.5,C-r2-a225-s11-w480
480,2,1,producer_edge_position_original_px,96,0,96,4.0511872631220704,0.9910339564414695,5.864409416516937,5.864409416516937,2.5516356704268413,7.024289132446479,7.5,0.5,C-r2-a270-s11-w480
480,2,1,producer_edge_direction_deg,96,0,96,1.0896340551553225,0.403266909495931,1.8179389466213776,1.8179389466213776,0.0,2.2994347836431155,3,1,C-r2-a15-s33-w480
480,2,1,producer_assignment_boundary_work_px,96,0,96,2.025445823078737,0.33304769673703094,2.752839443193155,2.752839443193155,1.65625,3.02458891328983,3.5,0.5,C-r2-a45-s11-w480
480,2,1,producer_assignment_direction_deg,96,0,96,16.87871337220654,4.281292713000391,27.623784900280757,27.623784900280757,10.251198750817418,29.722591511207714,30,1,C-r2-a105-s11-w480
480,2,1,assignment_boundary_work_px,96,0,96,1.3313406160920487,0.07664452092007855,1.4273441009183898,1.4273441009183898,1.2342617638430606,1.5612741788522844,2.0,0.5,C-r2-a210-s11-w480
480,2,1,assignment_direction_deg,96,0,96,16.978294997643516,4.245420835239219,26.56505117707799,26.56505117707799,11.565051177077901,29.714557503361174,30,1,C-r2-a90-s11-w480
480,2,1,assignment_relative_area_error,96,0,96,0.03273692872719441,0.0037714909543071404,0.04045954045954048,0.04045954045954048,0.025373931623931645,0.04405140159011583,0.045,0.005,C-r2-a45-s11-w480
960,0,0,edge_position_original_px,24,0,24,1.0897536170768805,0.15669241826533037,1.2473491117857114,1.2473491117857114,0.8040405071066803,1.5598308718728715,2.0,0.5,C-r0-a165-s0-w960
960,0,0,component_mapping_original_px,24,0,24,1.3792743126664773,0.2179406470899816,1.75,1.75,1.0606601717798212,2.033096253936422,2.5,0.5,C-r0-a45-s0-w960
960,0,0,turn_connection_length_original_px,24,0,24,4.82842712474619,0.48857966321742113,5.656854249492381,5.656854249492381,4.0,6.294166114398453,6.5,0.5,C-r0-a45-s0-w960
960,0,0,min_support_span_original_px,24,0,24,21.448798551970018,0.4735088301680374,20.613349899598575,22.0,20.613349899598575,20.028272061465906,20.0,0.5,C-r0-a285-s0-w960
960,0,0,producer_edge_position_original_px,24,0,24,2.7788553403164884,0.459348329609098,3.72621272776452,3.72621272776452,1.875,4.156900329143783,4.5,0.5,C-r0-a90-s0-w960
960,0,0,producer_edge_direction_deg,24,0,24,0.4631516788097227,0.2707601282953396,0.7199497056121739,0.7199497056121739,0.0,1.2754320636957415,2,1,C-r0-a165-s0-w960
960,0,0,producer_assignment_boundary_work_px,24,0,24,2.367804532934929,0.3242818169504159,3.1908683183422033,3.1908683183422033,2.056335484545263,3.340649983786177,3.5,0.5,C-r0-a210-s0-w960
960,0,0,producer_assignment_direction_deg,24,0,24,7.698208011642306,2.714255424919687,13.377700290362865,13.377700290362865,3.595009661008988,15.840974286401368,16,1,C-r0-a90-s0-w960
960,0,0,assignment_boundary_work_px,24,0,24,1.6247352334249503,0.06011471664171808,1.726862870676936,1.726862870676936,1.5029108102994542,1.8050793833501046,2.0,0.5,C-r0-a285-s0-w960
960,0,0,assignment_direction_deg,24,0,24,7.852399142600146,2.78454868578363,14.036243467926484,14.036243467926484,3.434948822922229,16.206045199951035,17,1,C-r0-a90-s0-w960
960,0,0,assignment_relative_area_error,24,0,24,0.0208532369878894,0.002030292944182775,0.024615384615384622,0.024615384615384622,0.018279965648386715,0.026944115820437722,0.03,0.005,C-r0-a45-s0-w960
960,0,1,edge_position_original_px,96,0,96,1.090023120469729,0.15448393408737116,1.2559732203568577,1.2559732203568577,0.8040405071066803,1.5534749227318425,2.0,0.5,C-r0-a75-s22-w960
960,0,1,component_mapping_original_px,96,0,96,1.3792743126664773,0.2144718742489877,1.75,1.75,1.0606601717798212,2.02268993541344,2.5,0.5,C-r0-a45-s11-w960
960,0,1,turn_connection_length_original_px,96,0,96,4.82842712474619,0.480803363160228,5.656854249492381,5.656854249492381,4.0,6.270837214226874,6.5,0.5,C-r0-a45-s11-w960
960,0,1,min_support_span_original_px,96,0,96,21.451569791479,0.461705900215253,20.613349899598575,22.0,20.613349899598575,20.06645209083324,20.0,0.5,C-r0-a285-s11-w960
960,0,1,producer_edge_position_original_px,96,0,96,2.7788553403164884,0.45203727941456456,3.72621272776452,3.72621272776452,1.875,4.134967178560182,4.5,0.5,C-r0-a90-s11-w960
960,0,1,producer_edge_direction_deg,96,0,96,0.4765391491425327,0.2844653730063318,0.9925879632700276,0.9925879632700276,0.0,1.329935268161528,2,1,C-r0-a15-s33-w960
960,0,1,producer_assignment_boundary_work_px,96,0,96,2.3636972287270486,0.32513771062373087,3.1908683183422033,3.1908683183422033,1.9302707933525716,3.3391103605982413,3.5,0.5,C-r0-a210-s11-w960
960,0,1,producer_assignment_direction_deg,96,0,96,7.676668227947811,2.6624310982843062,13.377700290362865,13.377700290362865,3.595009661008988,15.66396152280073,16,1,C-r0-a90-s11-w960
960,0,1,assignment_boundary_work_px,96,0,96,1.624517158030115,0.05971931532731391,1.726862870676936,1.726862870676936,1.5029108102994542,1.8036751040120567,2.0,0.5,C-r0-a285-s11-w960
960,0,1,assignment_direction_deg,96,0,96,7.841036472299599,2.7364670076458344,14.036243467926484,14.036243467926484,3.434948822922229,16.0504374952371,17,1,C-r0-a90-s11-w960
960,0,1,assignment_relative_area_error,96,0,96,0.020925908016966276,0.0019833931859614684,0.024615384615384622,0.024615384615384622,0.01806340624232,0.02687608757485068,0.03,0.005,C-r0-a45-s11-w960
960,2,0,edge_position_original_px,24,0,24,1.0897536170768771,0.15669241826533675,1.2473491117857114,1.2473491117857114,0.8040405071066803,1.5598308718728875,2.0,0.5,C-r2-a165-s0-w960
960,2,0,component_mapping_original_px,24,0,24,1.3161703351241676,0.18646547349591433,1.75,1.75,1.0606601717798212,1.8755667556119104,2.0,0.5,C-r2-a255-s0-w960
960,2,0,turn_connection_length_original_px,24,0,24,4.80820706748625,0.6831943382213301,7.65685424949238,7.65685424949238,4.0,7.65685424949238,8.0,0.5,C-r2-a315-s0-w960
960,2,0,min_support_span_original_px,24,0,24,21.02315565494235,0.9735972140326709,18.384776310850214,22.0,18.384776310850214,18.102364012844337,18.0,0.5,C-r2-a225-s0-w960
960,2,0,producer_edge_position_original_px,24,0,24,3.3278406763090813,0.8961607322869644,5.349254736453983,5.349254736453983,1.6793786053180504,6.016322873169974,6.5,0.5,C-r2-a90-s0-w960
960,2,0,producer_edge_direction_deg,24,0,24,0.9322723840821725,0.4498213687721186,1.5453006889639929,1.5453006889639929,0.0,2.2817364903985284,3,1,C-r2-a345-s0-w960
960,2,0,producer_assignment_boundary_work_px,24,0,24,3.0985742388629856,0.5914154252488385,4.43353696274205,4.43353696274205,1.9788925248734455,4.872820514609501,5.0,0.5,C-r2-a90-s0-w960
960,2,0,producer_assignment_direction_deg,24,0,24,13.978260142099028,3.7327181279732606,20.367344253260054,20.367344253260054,7.538058067596533,25.17641452601881,26,1,C-r2-a30-s0-w960
960,2,0,assignment_boundary_work_px,24,0,24,1.767652044595924,0.10399484108915313,1.9531113642965279,1.9531113642965279,1.6328467018193022,2.0796365678633837,2.5,0.5,C-r2-a300-s0-w960
960,2,0,assignment_direction_deg,24,0,24,14.126434398093298,3.678581258522361,20.194428907735073,20.194428907735073,8.198590513648238,25.162178173660383,26,1,C-r2-a60-s0-w960
960,2,0,assignment_relative_area_error,24,0,24,0.02172806988425684,0.001923214473480052,0.02595709375370392,0.02595709375370392,0.01918479926448055,0.027497713304696997,0.03,0.005,C-r2-a225-s0-w960
960,2,1,edge_position_original_px,96,0,96,1.0900231204697257,0.15448393408737743,1.2559732203568577,1.2559732203568577,0.8040405071066803,1.553474922731858,2.0,0.5,C-r2-a75-s22-w960
960,2,1,component_mapping_original_px,96,0,96,1.3161703351241676,0.18349766377853452,1.75,1.75,1.0606601717798212,1.8666633264597712,2.0,0.5,C-r2-a255-s11-w960
960,2,1,turn_connection_length_original_px,96,0,96,4.80820706748625,0.6723205246524253,7.65685424949238,7.65685424949238,4.0,7.65685424949238,8.0,0.5,C-r2-a315-s11-w960
960,2,1,min_support_span_original_px,96,0,96,21.02315565494235,0.958101308981469,18.384776310850214,22.0,18.384776310850214,18.148851727997943,18.0,0.5,C-r2-a225-s11-w960
960,2,1,producer_edge_position_original_px,96,0,96,3.3250502355536624,0.8802468920925174,5.349254736453983,5.349254736453983,1.6793786053180504,5.965790911831215,6.0,0.5,C-r2-a90-s11-w960
960,2,1,producer_edge_direction_deg,96,0,96,0.9349224902567894,0.44629986679780653,1.8179389466213776,1.8179389466213776,0.0,2.273822090650209,3,1,C-r2-a345-s22-w960
960,2,1,producer_assignment_boundary_work_px,96,0,96,3.0954965193770305,0.5799324453250906,4.43353696274205,4.43353696274205,1.9788925248734455,4.835293855352303,5.0,0.5,C-r2-a90-s11-w960
960,2,1,producer_assignment_direction_deg,96,0,96,13.978260142099028,3.673307680962642,20.367344253260054,20.367344253260054,7.538058067596533,24.998183184986956,25,1,C-r2-a30-s11-w960
960,2,1,assignment_boundary_work_px,96,0,96,1.767652044595924,0.10233964512093802,1.9531113642965279,1.9531113642965279,1.6328467018193022,2.074670979958738,2.5,0.5,C-r2-a300-s11-w960
960,2,1,assignment_direction_deg,96,0,96,14.126434398093298,3.6200324612542536,20.194428907735073,20.194428907735073,8.198590513648238,24.98653178185606,25,1,C-r2-a60-s11-w960
960,2,1,assignment_relative_area_error,96,0,96,0.021813053116825434,0.0018930640585734858,0.026153846153846166,0.026153846153846166,0.01896985695868378,0.02749224529254589,0.03,0.005,C-r2-a225-s33-w960
1440,0,0,edge_position_original_px,24,0,24,1.0897536170768742,0.15669241826535707,1.2473491117857114,1.2473491117857114,0.8040405071066803,1.5598308718729454,2.0,0.5,C-r0-a165-s0-w1440
1440,0,0,component_mapping_original_px,24,0,24,2.842170943040401e-14,2.903299892155071e-14,5.684341886080802e-14,5.684341886080802e-14,0.0,1.1552070619505615e-13,0.5,0.5,C-r0-a30-s0-w1440
1440,0,0,turn_connection_length_original_px,24,0,24,4.82842712474619,0.48857966321742113,5.656854249492381,5.656854249492381,4.0,6.294166114398453,6.5,0.5,C-r0-a45-s0-w1440
1440,0,0,min_support_span_original_px,24,0,24,21.448798551970018,0.4735088301680374,20.613349899598575,22.0,20.613349899598575,20.028272061465906,20.0,0.5,C-r0-a285-s0-w1440
1440,0,0,producer_edge_position_original_px,24,0,24,1.9011933061337924,0.3218146226065521,2.2266772837019415,2.2266772837019415,1.2374368670764582,2.866637173953449,3.0,0.5,C-r0-a0-s0-w1440
1440,0,0,producer_edge_direction_deg,24,0,24,0.397071223540844,0.19313677411088787,0.5647330557567666,0.5647330557567666,0.0,0.9764815458735077,1,1,C-r0-a165-s0-w1440
1440,0,0,producer_assignment_boundary_work_px,24,0,24,2.1316121343915273,0.2427884214303832,2.462214450449026,2.462214450449026,1.75,2.859977398682677,3.0,0.5,C-r0-a0-s0-w1440
1440,0,0,producer_assignment_direction_deg,24,0,24,4.763501182048598,1.2395240685364244,7.738641424462077,7.738641424462077,3.366460663429723,8.482073387657872,9,1,C-r0-a105-s0-w1440
1440,0,0,assignment_boundary_work_px,24,0,24,1.5479188490520916,0.09736173776722522,1.6490721725774822,1.6490721725774822,1.4142135623730951,1.8400040623537672,2.0,0.5,C-r0-a165-s0-w1440
1440,0,0,assignment_direction_deg,24,0,24,4.982840562867436,1.1082566663516085,7.405356631408571,7.405356631408571,3.366460663430156,8.30761056192226,9,1,C-r0-a105-s0-w1440
1440,0,0,assignment_relative_area_error,24,0,24,0.012830662239930082,0.002170523665088711,0.0166392935031367,0.0166392935031367,0.009299504700293143,0.019342233235196217,0.02,0.005,C-r0-a0-s0-w1440
1440,0,1,edge_position_original_px,96,0,96,1.090023120469722,0.15448393408739633,1.2559732203568028,1.2559732203568028,0.8040405071066803,1.553474922731911,2.0,0.5,C-r0-a75-s22-w1440
1440,0,1,component_mapping_original_px,96,0,96,2.842170943040401e-14,2.857090578061358e-14,5.684341886080802e-14,5.684341886080802e-14,0.0,1.1413442677224473e-13,0.5,0.5,C-r0-a30-s11-w1440
1440,0,1,turn_connection_length_original_px,96,0,96,4.82842712474619,0.480803363160228,5.656854249492381,5.656854249492381,4.0,6.270837214226874,6.5,0.5,C-r0-a45-s11-w1440
1440,0,1,min_support_span_original_px,96,0,96,21.451569791479,0.461705900215253,20.613349899598575,22.0,20.613349899598575,20.06645209083324,20.0,0.5,C-r0-a285-s11-w1440
1440,0,1,producer_edge_position_original_px,96,0,96,1.9011933061337924,0.3166925775101575,2.2266772837019415,2.2266772837019415,1.2374368670764582,2.8512710386642652,3.0,0.5,C-r0-a0-s11-w1440
1440,0,1,producer_edge_direction_deg,96,0,96,0.4104586938736579,0.20889401612343783,0.8373713134146887,0.8373713134146887,0.0,1.0371407422439713,2,1,C-r0-a15-s33-w1440
1440,0,1,producer_assignment_boundary_work_px,96,0,96,2.128201109850901,0.23781131305969486,2.462214450449026,2.462214450449026,1.75,2.8416350490299855,3.0,0.5,C-r0-a0-s11-w1440
1440,0,1,producer_assignment_direction_deg,96,0,96,4.763501182048598,1.2197956356712958,7.738641424462077,7.738641424462077,3.366460663429723,8.422888089062486,9,1,C-r0-a105-s11-w1440
1440,0,1,assignment_boundary_work_px,96,0,96,1.5445109245243684,0.0950518794337793,1.6490721725774822,1.6490721725774822,1.4142135623730951,1.8296665628257063,2.0,0.5,C-r0-a165-s11-w1440
1440,0,1,assignment_direction_deg,96,0,96,4.982840562867436,1.0906175032288903,7.405356631408571,7.405356631408571,3.366460663430156,8.254693072554106,9,1,C-r0-a105-s11-w1440
1440,0,1,assignment_relative_area_error,96,0,96,0.012800513645432086,0.0021454725573529323,0.0166392935031367,0.0166392935031367,0.009299504700293143,0.019236931317490883,0.02,0.005,C-r0-a0-s11-w1440
1440,2,0,edge_position_original_px,24,0,24,1.0897536170768742,0.15669241826535707,1.2473491117857114,1.2473491117857114,0.8040405071066803,1.5598308718729454,2.0,0.5,C-r2-a165-s0-w1440
1440,2,0,component_mapping_original_px,24,0,24,5.684341886080802e-14,0.0,5.684341886080802e-14,5.684341886080802e-14,5.684341886080802e-14,5.684341886080802e-14,0.5,0.5,C-r2-a0-s0-w1440
1440,2,0,turn_connection_length_original_px,24,0,24,4.80820706748625,0.6831943382213301,7.65685424949238,7.65685424949238,4.0,7.65685424949238,8.0,0.5,C-r2-a315-s0-w1440
1440,2,0,min_support_span_original_px,24,0,24,21.02315565494235,0.9735972140326709,18.384776310850214,22.0,18.384776310850214,18.102364012844337,18.0,0.5,C-r2-a225-s0-w1440
1440,2,0,producer_edge_position_original_px,24,0,24,1.8195462409914223,0.5170405562961817,2.3713126212619144,2.3713126212619144,1.2374368670764582,3.3706679098799674,3.5,0.5,C-r2-a15-s0-w1440
1440,2,0,producer_edge_direction_deg,24,0,24,0.6765161467876327,0.41289379003132765,1.115301996624672,1.115301996624672,0.0,1.9151975168816158,2,1,C-r2-a105-s0-w1440
1440,2,0,producer_assignment_boundary_work_px,24,0,24,2.7718302106627313,0.29671707708490147,3.1052500905724165,3.1052500905724165,2.40625,3.661981441917436,4.0,0.5,C-r2-a15-s0-w1440
1440,2,0,producer_assignment_direction_deg,24,0,24,10.453868755567882,3.048229932493237,16.389540334034788,16.389540334034788,8.560101046495452,19.598558553047592,20,1,C-r2-a45-s0-w1440
1440,2,0,assignment_boundary_work_px,24,0,24,1.8345310039514744,0.2336358171420428,2.137084989847608,2.137084989847608,1.4142135623730951,2.535438455377603,3.0,0.5,C-r2-a45-s0-w1440
1440,2,0,assignment_direction_deg,24,0,24,11.003222614928108,2.7009003781145924,16.38954033403515,16.38954033403515,9.443954780416409,19.105923749271884,20,1,C-r2-a45-s0-w1440
1440,2,0,assignment_relative_area_error,24,0,24,0.013487896330746393,0.001746728597334049,0.016783216783216787,0.016783216783216787,0.011082995951417013,0.01872808212274854,0.02,0.005,C-r2-a0-s0-w1440
1440,2,1,edge_position_original_px,96,0,96,1.090023120469722,0.15448393408739633,1.2559732203568028,1.2559732203568028,0.8040405071066803,1.553474922731911,2.0,0.5,C-r2-a75-s22-w1440
1440,2,1,component_mapping_original_px,96,0,96,5.684341886080802e-14,0.0,5.684341886080802e-14,5.684341886080802e-14,5.684341886080802e-14,5.684341886080802e-14,0.5,0.5,C-r2-a0-s11-w1440
1440,2,1,turn_connection_length_original_px,96,0,96,4.80820706748625,0.6723205246524253,7.65685424949238,7.65685424949238,4.0,7.65685424949238,8.0,0.5,C-r2-a315-s11-w1440
1440,2,1,min_support_span_original_px,96,0,96,21.02315565494235,0.958101308981469,18.384776310850214,22.0,18.384776310850214,18.148851727997943,18.0,0.5,C-r2-a225-s11-w1440
1440,2,1,producer_edge_position_original_px,96,0,96,1.9892091219930175,1.127043794224413,8.621177790408012,8.621177790408012,1.2374368670764582,8.621177790408012,9.0,0.5,C-r2-a15-s22-w1440
1440,2,1,producer_edge_direction_deg,96,0,96,0.7010383822606888,0.46329870092104136,2.1588960294831545,2.1588960294831545,0.0,2.1588960294831545,3,1,C-r2-a105-s22-w1440
1440,2,1,producer_assignment_boundary_work_px,96,0,96,2.9312145794795095,1.0108385337430934,8.950493177752833,8.950493177752833,1.9003494744388465,8.950493177752833,9.0,0.5,C-r2-a15-s22-w1440
1440,2,1,producer_assignment_direction_deg,96,0,96,10.722538052288032,3.163976930077179,16.389540334034788,16.389540334034788,6.089602617945845,20.21446884251957,21,1,C-r2-a45-s11-w1440
1440,2,1,assignment_boundary_work_px,96,0,96,1.8345310039514744,0.22991723784989665,2.137084989847608,2.137084989847608,1.4142135623730951,2.5242827175011646,3.0,0.5,C-r2-a45-s11-w1440
1440,2,1,assignment_direction_deg,96,0,96,11.166394831462577,2.828324059006039,16.38954033403515,16.38954033403515,5.1944289077348,19.651367008480694,20,1,C-r2-a45-s11-w1440
1440,2,1,assignment_relative_area_error,96,0,96,0.013471593809255767,0.0017240848174033068,0.016783216783216787,0.016783216783216787,0.011082995951417013,0.018643848261465687,0.02,0.005,C-r2-a0-s11-w1440
