frame_id,status_changed,corners_changed,orientation_changed,other_fields_changed,old_raw,new_raw
2,1,1,1,1,"[]","[{""bbox"":[864,326.47805786132812,193,188.52194213867188],""category"":0,""confidence"":null,""corners"":[[864.96771240234375,326.47805786132812],[1057,327],[1057,515],[864,514]],""marker_code"":null,""orientation"":[0,1,2,3],""quality_flags"":0}]"
5,1,1,1,1,"[]","[{""bbox"":[898,327,193.0858154296875,188.700927734375],""category"":0,""confidence"":null,""corners"":[[898.73956298828125,327],[1091.0858154296875,328],[1091,515.700927734375],[898,514.7071533203125]],""marker_code"":null,""orientation"":[0,1,2,3],""quality_flags"":0}]"
10,1,1,1,1,"[]","[{""bbox"":[954.96771240234375,327.07321166992188,194.03228759765625,188.92678833007812],""category"":0,""confidence"":null,""corners"":[[956,327.07321166992188],[1149,328],[1149,516],[954.96771240234375,515]],""marker_code"":null,""orientation"":[0,1,2,3],""quality_flags"":0}]"
11,1,1,1,1,"[]","[{""bbox"":[966,326.9967041015625,194.0322265625,189.1910400390625],""category"":0,""confidence"":null,""corners"":[[966.96771240234375,326.9967041015625],[1160.0322265625,328.138671875],[1160.0322265625,516.187744140625],[966,515]],""marker_code"":null,""orientation"":[0,1,2,3],""quality_flags"":0}]"
13,1,1,1,1,"[]","[{""bbox"":[988.5439453125,328,194.4560546875,189.05828857421875],""category"":0,""confidence"":null,""corners"":[[990,328],[1183,328],[1183,517.05828857421875],[988.5439453125,515]],""marker_code"":null,""orientation"":[0,1,2,3],""quality_flags"":0}]"
15,1,1,1,1,"[]","[{""bbox"":[1012,328,194.0322265625,188.71722412109375],""category"":0,""confidence"":null,""corners"":[[1012,328],[1205,328],[1206.0322265625,516.71722412109375],[1012,515.67156982421875]],""marker_code"":null,""orientation"":[0,1,2,3],""quality_flags"":0}]"
26,0,1,0,0,"[{""bbox"":[1134.0909423828125,328,195.810791015625,190.17779541015625],""category"":0,""confidence"":null,""corners"":[[1134.0909423828125,328],[1329,329.50912475585938],[1329.9017333984375,518.17779541015625],[1134.9677734375,517]],""marker_code"":null,""orientation"":[0,1,2,3],""quality_flags"":0}]","[{""bbox"":[1134.0909423828125,328,195.810791015625,190.17779541015625],""category"":0,""confidence"":null,""corners"":[[1134.0909423828125,328],[1329,329.135009765625],[1329.9017333984375,518.17779541015625],[1134.9677734375,517]],""marker_code"":null,""orientation"":[0,1,2,3],""quality_flags"":0}]"
135,1,1,1,1,"[]","[{""bbox"":[1142,328.56863403320312,195,190.43136596679688],""category"":0,""confidence"":null,""corners"":[[1142,328.56863403320312],[1337,330],[1336.6656494140625,519],[1142,517]],""marker_code"":null,""orientation"":[0,1,2,3],""quality_flags"":0}]"
144,1,1,1,1,"[]","[{""bbox"":[1042,328,194.0322265625,190.43670654296875],""category"":0,""confidence"":null,""corners"":[[1042.9677734375,328],[1236.0322265625,330.09719848632812],[1236.0322265625,518.43670654296875],[1042,516]],""marker_code"":null,""orientation"":[0,1,2,3],""quality_flags"":0}]"
145,0,1,0,0,"[{""bbox"":[1030.713134765625,328,194.286865234375,190],""category"":0,""confidence"":null,""corners"":[[1032,328],[1225,330.3028564453125],[1225,518],[1030.713134765625,516]],""marker_code"":null,""orientation"":[0,1,2,3],""quality_flags"":0}]","[{""bbox"":[1030.713134765625,328,194.286865234375,190],""category"":0,""confidence"":null,""corners"":[[1032,328],[1225,330.239501953125],[1225,518],[1030.713134765625,516]],""marker_code"":null,""orientation"":[0,1,2,3],""quality_flags"":0}]"
155,1,1,1,1,"[]","[{""bbox"":[920.3896484375,327.03070068359375,194.6103515625,189.96929931640625],""category"":0,""confidence"":null,""corners"":[[922.66680908203125,327.03070068359375],[1115,329],[1113.451416015625,517],[920.3896484375,515]],""marker_code"":null,""orientation"":[0,1,2,3],""quality_flags"":0}]"
161,1,1,1,1,"[]","[{""bbox"":[858,327,194.0322265625,188.92071533203125],""category"":0,""confidence"":null,""corners"":[[860,327],[1052.0322265625,328.33538818359375],[1051,515.92071533203125],[858,513.5506591796875]],""marker_code"":null,""orientation"":[0,1,2,3],""quality_flags"":0}]"
166,1,1,1,1,"[]","[{""bbox"":[814.5308837890625,327,192.2039794921875,188],""category"":0,""confidence"":null,""corners"":[[816,327],[1006.73486328125,327],[1006.0322875976562,515],[814.5308837890625,514]],""marker_code"":null,""orientation"":[0,1,2,3],""quality_flags"":0}]"
170,1,1,1,1,"[]","[{""bbox"":[787.41015625,327.17276000976562,192.12255859375,188.22006225585938],""category"":0,""confidence"":null,""corners"":[[788,327.17276000976562],[979.53271484375,327.85955810546875],[978.03228759765625,515.392822265625],[787.41015625,514]],""marker_code"":null,""orientation"":[0,1,2,3],""quality_flags"":0}]"
173,0,1,0,1,"[{""bbox"":[767.9052734375,326,193.0947265625,189.3660888671875],""category"":0,""confidence"":null,""corners"":[[771.40240478515625,326],[961,328],[959,515.3660888671875],[767.9052734375,513]],""marker_code"":null,""orientation"":[0,1,2,3],""quality_flags"":0}]","[{""bbox"":[767.9052734375,326,193.0947265625,189.87591552734375],""category"":0,""confidence"":null,""corners"":[[771.40240478515625,326],[961,328],[959,515.87591552734375],[767.9052734375,513]],""marker_code"":null,""orientation"":[0,1,2,3],""quality_flags"":0}]"
175,1,1,1,1,"[]","[{""bbox"":[749.96002197265625,325.5384521484375,195.03997802734375,189.4615478515625],""category"":0,""confidence"":null,""corners"":[[753.5018310546875,325.5384521484375],[945,328],[942.03228759765625,515],[749.96002197265625,511.71356201171875]],""marker_code"":null,""orientation"":[0,1,2,3],""quality_flags"":0}]"
181,1,1,1,1,"[]","[{""bbox"":[684,326,194.2435302734375,189.0452880859375],""category"":0,""confidence"":null,""corners"":[[686,326],[878.2435302734375,327],[874.68060302734375,515.0452880859375],[684,513]],""marker_code"":null,""orientation"":[0,1,2,3],""quality_flags"":0}]"
184,1,1,1,1,"[]","[{""bbox"":[648.92486572265625,326,193.107421875,187],""category"":0,""confidence"":null,""corners"":[[650.50115966796875,326],[842.03228759765625,326],[841,513],[648.92486572265625,512.0306396484375]],""marker_code"":null,""orientation"":[0,1,2,3],""quality_flags"":0}]"
190,1,1,1,1,"[]","[{""bbox"":[606,320,191,191.52471923828125],""category"":0,""confidence"":null,""corners"":[[606,326.20086669921875],[793,320],[797,505.58108520507812],[610,511.52471923828125]],""marker_code"":null,""orientation"":[0,1,2,3],""quality_flags"":0}]"
194,1,1,1,1,"[]","[{""bbox"":[602,322,189,190.25115966796875],""category"":0,""confidence"":null,""corners"":[[602,326.36178588867188],[788.035400390625,322],[791,508.6207275390625],[602,512.25115966796875]],""marker_code"":null,""orientation"":[0,1,2,3],""quality_flags"":0}]"
197,1,1,1,1,"[]","[{""bbox"":[594,324.75363159179688,191,189.24636840820312],""category"":0,""confidence"":null,""corners"":[[598,324.75363159179688],[785,327],[781.50390625,514],[594,511]],""marker_code"":null,""orientation"":[0,1,2,3],""quality_flags"":0}]"
201,0,1,0,1,"[{""bbox"":[574,316.69610595703125,199.0908203125,193.30389404296875],""category"":0,""confidence"":null,""corners"":[[584.40167236328125,316.69610595703125],[773.0908203125,324.5919189453125],[762.28814697265625,510],[574,502]],""marker_code"":null,""orientation"":[0,1,2,3],""quality_flags"":0}]","[{""bbox"":[573.6029052734375,316.69949340820312,199.4879150390625,193.83187866210938],""category"":0,""confidence"":null,""corners"":[[584.50177001953125,316.69949340820312],[773.0908203125,324.5919189453125],[762.25579833984375,510.5313720703125],[573.6029052734375,501.71868896484375]],""marker_code"":null,""orientation"":[0,1,2,3],""quality_flags"":0}]"
204,0,1,0,1,"[{""bbox"":[542.6199951171875,319.53857421875,198.851806640625,191.8756103515625],""category"":0,""confidence"":null,""corners"":[[550.139404296875,319.53857421875],[741.4718017578125,326.03945922851562],[732.23199462890625,511.4141845703125],[542.6199951171875,504.92373657226562]],""marker_code"":null,""orientation"":[0,1,2,3],""quality_flags"":0}]","[{""bbox"":[542.6199951171875,319.544189453125,198.851806640625,191.86904907226562],""category"":0,""confidence"":null,""corners"":[[550.36865234375,319.544189453125],[741.4718017578125,326.03945922851562],[732.1978759765625,511.41323852539062],[542.6199951171875,504.92373657226562]],""marker_code"":null,""orientation"":[0,1,2,3],""quality_flags"":0}]"
208,1,1,1,1,"[]","[{""bbox"":[502.77734375,322,190.22265625,189],""category"":0,""confidence"":null,""corners"":[[502.77734375,326.67935180664062],[692.03228759765625,322],[693,507.35818481445312],[504,511]],""marker_code"":null,""orientation"":[0,1,2,3],""quality_flags"":0}]"
212,0,1,0,1,"[{""bbox"":[476.69754028320312,316,192.30245971679688,193.98477172851562],""category"":0,""confidence"":null,""corners"":[[476.69754028320312,325.05361938476562],[663,316],[669,501.58975219726562],[482.650146484375,509.98477172851562]],""marker_code"":null,""orientation"":[0,1,2,3],""quality_flags"":0}]","[{""bbox"":[476.69754028320312,315.552978515625,192.30245971679688,194.43179321289062],""category"":0,""confidence"":null,""corners"":[[476.69754028320312,325.05361938476562],[663,315.552978515625],[669,501.58975219726562],[482.650146484375,509.98477172851562]],""marker_code"":null,""orientation"":[0,1,2,3],""quality_flags"":0}]"
223,0,1,0,1,"[{""bbox"":[433.58819580078125,316,199.84405517578125,193.6541748046875],""category"":0,""confidence"":null,""corners"":[[446.49624633789062,316],[633.4322509765625,324.26654052734375],[622.17645263671875,509.6541748046875],[433.58819580078125,499.80874633789062]],""marker_code"":null,""orientation"":[0,1,2,3],""quality_flags"":0}]","[{""bbox"":[433.58819580078125,315.25827026367188,199.84405517578125,194.39590454101562],""category"":0,""confidence"":null,""corners"":[[446.5755615234375,315.25827026367188],[633.4322509765625,324.26654052734375],[622.17645263671875,509.6541748046875],[433.58819580078125,499.80874633789062]],""marker_code"":null,""orientation"":[0,1,2,3],""quality_flags"":0}]"
225,0,1,0,1,"[{""bbox"":[414,318,197,191.81204223632812],""category"":0,""confidence"":null,""corners"":[[423.39239501953125,318],[611,324],[602.79388427734375,509.81204223632812],[414,502.5618896484375]],""marker_code"":null,""orientation"":[0,1,2,3],""quality_flags"":0}]","[{""bbox"":[413.75546264648438,317.48483276367188,197.49716186523438,192.75753784179688],""category"":0,""confidence"":null,""corners"":[[423.41351318359375,317.48483276367188],[611.25262451171875,324.44863891601562],[602.23504638671875,510.24237060546875],[413.75546264648438,502.55484008789062]],""marker_code"":null,""orientation"":[0,1,2,3],""quality_flags"":0}]"
231,1,1,1,1,"[]","[{""bbox"":[340,324.74346923828125,191,186.25653076171875],""category"":0,""confidence"":null,""corners"":[[342,326],[531,324.74346923828125],[529,511],[340,511]],""marker_code"":null,""orientation"":[0,1,2,3],""quality_flags"":0}]"
241,1,1,1,1,"[]","[{""bbox"":[226.76480102539062,326,189.98135375976562,185],""category"":0,""confidence"":null,""corners"":[[230,327.28265380859375],[416.74615478515625,326],[413,511],[226.76480102539062,511]],""marker_code"":null,""orientation"":[0,1,2,3],""quality_flags"":0}]"
306,0,1,0,1,"[{""bbox"":[228.8331298828125,322.59661865234375,192.1668701171875,188.35031127929688],""category"":0,""confidence"":null,""corners"":[[237.03067016601562,322.59661865234375],[421,326],[414.19705200195312,510.94692993164062],[228.8331298828125,507]],""marker_code"":null,""orientation"":[0,1,2,3],""quality_flags"":0}]","[{""bbox"":[228.8331298828125,322.59661865234375,192.43106079101562,188.35031127929688],""category"":0,""confidence"":null,""corners"":[[237.03067016601562,322.59661865234375],[421.26419067382812,326],[414.19705200195312,510.94692993164062],[228.8331298828125,507]],""marker_code"":null,""orientation"":[0,1,2,3],""quality_flags"":0}]"
309,1,1,1,1,"[]","[{""bbox"":[241.80068969726562,324,191.34747314453125,187.32156372070312],""category"":0,""confidence"":null,""corners"":[[250.22927856445312,324],[433.14816284179688,326],[426.44268798828125,511.32156372070312],[241.80068969726562,507.4061279296875]],""marker_code"":null,""orientation"":[0,1,2,3],""quality_flags"":0}]"
326,1,1,1,1,"[]","[{""bbox"":[390.77420043945312,326,194.85977172851562,186.8739013671875],""category"":0,""confidence"":null,""corners"":[[395.37271118164062,326],[585.63397216796875,326],[581,512.8739013671875],[390.77420043945312,511]],""marker_code"":null,""orientation"":[0,1,2,3],""quality_flags"":0}]"
328,1,1,1,1,"[]","[{""bbox"":[416.48504638671875,326,193.5472412109375,186],""category"":0,""confidence"":null,""corners"":[[420.30355834960938,326],[610.03228759765625,326],[607,512],[416.48504638671875,511]],""marker_code"":null,""orientation"":[0,1,2,3],""quality_flags"":0}]"
345,1,1,1,1,"[]","[{""bbox"":[576.7396240234375,326,192.2603759765625,186.83624267578125],""category"":0,""confidence"":null,""corners"":[[580,326],[769,326],[767,512.83624267578125],[576.7396240234375,512]],""marker_code"":null,""orientation"":[0,1,2,3],""quality_flags"":0}]"
350,0,1,0,1,"[{""bbox"":[608,326,191,187.118408203125],""category"":0,""confidence"":null,""corners"":[[610.4871826171875,326],[799,327.05337524414062],[796.92816162109375,513.118408203125],[608,512]],""marker_code"":null,""orientation"":[0,1,2,3],""quality_flags"":0}]","[{""bbox"":[608,326,191,187.82952880859375],""category"":0,""confidence"":null,""corners"":[[610.4871826171875,326],[799,327.11984252929688],[796.9271240234375,513.82952880859375],[608,512]],""marker_code"":null,""orientation"":[0,1,2,3],""quality_flags"":0}]"
351,1,1,1,1,"[]","[{""bbox"":[612.19293212890625,326,191.83935546875,188.107666015625],""category"":0,""confidence"":null,""corners"":[[616,326],[804.03228759765625,327.1805419921875],[802.03228759765625,514.107666015625],[612.19293212890625,511.88162231445312]],""marker_code"":null,""orientation"":[0,1,2,3],""quality_flags"":0}]"
397,1,1,1,1,"[]","[{""bbox"":[1026,328,194.0322265625,189],""category"":0,""confidence"":null,""corners"":[[1026.9677734375,328],[1220.0322265625,329],[1220.0322265625,517],[1026,515.46514892578125]],""marker_code"":null,""orientation"":[0,1,2,3],""quality_flags"":0}]"
411,1,1,1,1,"[]","[{""bbox"":[1114,325,197,191.6348876953125],""category"":0,""confidence"":null,""corners"":[[1114,328.37066650390625],[1306.0322265625,325],[1311,513.6197509765625],[1118,516.6348876953125]],""marker_code"":null,""orientation"":[0,1,2,3],""quality_flags"":0}]"
475,1,1,1,1,"[]","[{""bbox"":[1192,329,195.0357666015625,190],""category"":0,""confidence"":null,""corners"":[[1192,329],[1387,330.15274047851562],[1387.0357666015625,519],[1192,518.04547119140625]],""marker_code"":null,""orientation"":[0,1,2,3],""quality_flags"":0}]"
484,1,1,1,1,"[]","[{""bbox"":[1090.5062255859375,328,194.4937744140625,189.87738037109375],""category"":0,""confidence"":null,""corners"":[[1090.9677734375,328],[1285,329],[1285,517.87738037109375],[1090.5062255859375,516.80230712890625]],""marker_code"":null,""orientation"":[0,1,2,3],""quality_flags"":0}]"
491,1,1,1,1,"[]","[{""bbox"":[1048.730712890625,326,194.269287109375,190.442138671875],""category"":0,""confidence"":null,""corners"":[[1048.730712890625,328.47259521484375],[1238.6435546875,326],[1243,513.8248291015625],[1052,516.442138671875]],""marker_code"":null,""orientation"":[0,1,2,3],""quality_flags"":0}]"
493,1,1,1,1,"[]","[{""bbox"":[1040,324.866455078125,195.118896484375,190.873779296875],""category"":0,""confidence"":null,""corners"":[[1040,328.42068481445312],[1230.787109375,324.866455078125],[1235.118896484375,513.2257080078125],[1044.327392578125,515.740234375]],""marker_code"":null,""orientation"":[0,1,2,3],""quality_flags"":0}]"
516,1,1,1,1,"[]","[{""bbox"":[896,327.058837890625,195,189.941162109375],""category"":0,""confidence"":null,""corners"":[[898,327.058837890625],[1091,328],[1089.354736328125,517],[896,514.57696533203125]],""marker_code"":null,""orientation"":[0,1,2,3],""quality_flags"":0}]"
520,1,1,1,1,"[]","[{""bbox"":[850.34442138671875,325.96099853515625,194.65557861328125,190.03900146484375],""category"":0,""confidence"":null,""corners"":[[852.96771240234375,325.96099853515625],[1045,328],[1044.0322265625,516],[850.34442138671875,514]],""marker_code"":null,""orientation"":[0,1,2,3],""quality_flags"":0}]"
527,1,1,1,1,"[]","[{""bbox"":[774.6966552734375,326,194.3033447265625,189.04766845703125],""category"":0,""confidence"":null,""corners"":[[778,326],[969,328],[966.575927734375,515.04766845703125],[774.6966552734375,513]],""marker_code"":null,""orientation"":[0,1,2,3],""quality_flags"":0}]"
528,1,1,1,1,"[]","[{""bbox"":[764,326,194.03228759765625,188.87579345703125],""category"":0,""confidence"":null,""corners"":[[766,326],[958.03228759765625,328],[956.92547607421875,514.87579345703125],[764,512.48614501953125]],""marker_code"":null,""orientation"":[0,1,2,3],""quality_flags"":0}]"
572,1,1,1,1,"[]","[{""bbox"":[380.9989013671875,326,192.65496826171875,186],""category"":0,""confidence"":null,""corners"":[[385.05899047851562,326],[573.65386962890625,326],[568.36248779296875,512],[380.9989013671875,511]],""marker_code"":null,""orientation"":[0,1,2,3],""quality_flags"":0}]"
580,1,1,1,1,"[]","[{""bbox"":[296,326,191,186],""category"":0,""confidence"":null,""corners"":[[300,327.52310180664062],[487,326],[483.6873779296875,512],[296,511]],""marker_code"":null,""orientation"":[0,1,2,3],""quality_flags"":0}]"
585,1,1,1,1,"[]","[{""bbox"":[242,327.07351684570312,191,184.92648315429688],""category"":0,""confidence"":null,""corners"":[[246,327.07351684570312],[433,327.13217163085938],[429,512],[242,511]],""marker_code"":null,""orientation"":[0,1,2,3],""quality_flags"":0}]"
599,1,1,1,1,"[]","[{""bbox"":[102,327,187,185.3175048828125],""category"":0,""confidence"":null,""corners"":[[106.07029724121094,328],[289,327],[285.48397827148438,511.78851318359375],[102,512.3175048828125]],""marker_code"":null,""orientation"":[0,1,2,3],""quality_flags"":0}]"
631,1,1,1,1,"[]","[{""bbox"":[212,324,187.32962036132812,187],""category"":0,""confidence"":null,""corners"":[[214,327.84365844726562],[399.32962036132812,324],[399,508.36453247070312],[212,511]],""marker_code"":null,""orientation"":[0,1,2,3],""quality_flags"":0}]"
636,1,1,1,1,"[]","[{""bbox"":[268,324.88525390625,189,186.11474609375],""category"":0,""confidence"":null,""corners"":[[270,327.36749267578125],[457,324.88525390625],[455,510.72805786132812],[268,511]],""marker_code"":null,""orientation"":[0,1,2,3],""quality_flags"":0}]"
640,1,1,1,1,"[]","[{""bbox"":[314,326,191,185.92507934570312],""category"":0,""confidence"":null,""corners"":[[317.25289916992188,326.26168823242188],[505,326],[502.03225708007812,511.92507934570312],[314,511]],""marker_code"":null,""orientation"":[0,1,2,3],""quality_flags"":0}]"
667,0,1,0,1,"[{""bbox"":[355.13504028320312,324,195.86495971679688,189.052490234375],""category"":0,""confidence"":null,""corners"":[[361.44793701171875,324],[551,326],[547,513.052490234375],[355.13504028320312,510.54196166992188]],""marker_code"":null,""orientation"":[0,1,2,3],""quality_flags"":0}]","[{""bbox"":[355.875,324,195.125,189.052490234375],""category"":0,""confidence"":null,""corners"":[[361.44793701171875,324],[551,326],[547,513.052490234375],[355.875,510.54891967773438]],""marker_code"":null,""orientation"":[0,1,2,3],""quality_flags"":0}]"
676,1,1,1,1,"[]","[{""bbox"":[254,322,195,187],""category"":0,""confidence"":null,""corners"":[[256,322.27655029296875],[449,322],[447,509],[254,508.75717163085938]],""marker_code"":null,""orientation"":[0,1,2,3],""quality_flags"":0}]"
683,1,1,1,1,"[]","[{""bbox"":[220,319,193,189.1773681640625],""category"":0,""confidence"":null,""corners"":[[220,320],[413,319],[412.92581176757812,507],[220,508.1773681640625]],""marker_code"":null,""orientation"":[0,1,2,3],""quality_flags"":0}]"
684,1,1,1,1,"[]","[{""bbox"":[230,319,193,189.21539306640625],""category"":0,""confidence"":null,""corners"":[[230,320],[423,319],[423,507],[230,508.21539306640625]],""marker_code"":null,""orientation"":[0,1,2,3],""quality_flags"":0}]"
686,1,1,1,1,"[]","[{""bbox"":[250.78903198242188,320,194.21096801757812,188],""category"":0,""confidence"":null,""corners"":[[252,320],[445,320],[444.91622924804688,506.884765625],[250.78903198242188,508]],""marker_code"":null,""orientation"":[0,1,2,3],""quality_flags"":0}]"
697,0,1,0,1,"[{""bbox"":[376,320,197.14111328125,193.49090576171875],""category"":0,""confidence"":null,""corners"":[[382,320],[573.14111328125,326.3511962890625],[567,513.49090576171875],[376,507.6407470703125]],""marker_code"":null,""orientation"":[0,1,2,3],""quality_flags"":0}]","[{""bbox"":[375.6966552734375,320,197.4444580078125,193.53314208984375],""category"":0,""confidence"":null,""corners"":[[382.221923828125,320],[573.14111328125,326.3511962890625],[566.64794921875,513.53314208984375],[375.6966552734375,507.63339233398438]],""marker_code"":null,""orientation"":[0,1,2,3],""quality_flags"":0}]"
700,1,1,1,1,"[]","[{""bbox"":[390.73065185546875,316.41436767578125,198.80633544921875,195.84765625],""category"":0,""confidence"":null,""corners"":[[400.53720092773438,316.41436767578125],[589.5369873046875,326.17239379882812],[580.29901123046875,512.26202392578125],[390.73065185546875,503.35885620117188]],""marker_code"":null,""orientation"":[0,1,2,3],""quality_flags"":0}]"
701,1,1,1,1,"[]","[{""bbox"":[393.440185546875,317.0430908203125,197.71502685546875,195.42730712890625],""category"":0,""confidence"":null,""corners"":[[402.64596557617188,317.0430908203125],[591.15521240234375,326.14065551757812],[582.4007568359375,512.47039794921875],[393.440185546875,503.65579223632812]],""marker_code"":null,""orientation"":[0,1,2,3],""quality_flags"":0}]"
706,1,1,1,1,"[]","[{""bbox"":[400,322.6221923828125,193.11505126953125,191.3778076171875],""category"":0,""confidence"":null,""corners"":[[404,322.6221923828125],[593.11505126953125,327.63949584960938],[589,514],[400,509.841064453125]],""marker_code"":null,""orientation"":[0,1,2,3],""quality_flags"":0}]"
717,1,1,1,1,"[]","[{""bbox"":[412,322.59765625,190.03228759765625,188.40234375],""category"":0,""confidence"":null,""corners"":[[414,322.59765625],[602.03228759765625,325.11166381835938],[600.76019287109375,511],[412,511]],""marker_code"":null,""orientation"":[0,1,2,3],""quality_flags"":0}]"
724,1,1,1,1,"[]","[{""bbox"":[432,324,192.03228759765625,190.3497314453125],""category"":0,""confidence"":null,""corners"":[[435.37332153320312,324],[624.03228759765625,327.41177368164062],[621,514.3497314453125],[432,511]],""marker_code"":null,""orientation"":[0,1,2,3],""quality_flags"":0}]"
726,1,1,1,1,"[]","[{""bbox"":[438,324,192.03228759765625,190.32708740234375],""category"":0,""confidence"":null,""corners"":[[441.4234619140625,324],[630.03228759765625,327.36492919921875],[627,514.32708740234375],[438,511]],""marker_code"":null,""orientation"":[0,1,2,3],""quality_flags"":0}]"
755,1,1,1,1,"[]","[{""bbox"":[454.75164794921875,323.06060791015625,194.24835205078125,192.3966064453125],""category"":0,""confidence"":null,""corners"":[[460,323.06060791015625],[649,329.02249145507812],[645,515.45721435546875],[454.75164794921875,510.67098999023438]],""marker_code"":null,""orientation"":[0,1,2,3],""quality_flags"":0}]"
765,1,1,1,1,"[]","[{""bbox"":[364.78790283203125,322,197.74658203125,191],""category"":0,""confidence"":null,""corners"":[[370,322],[562.53448486328125,326.57415771484375],[557.593994140625,513],[364.78790283203125,509.58358764648438]],""marker_code"":null,""orientation"":[0,1,2,3],""quality_flags"":0}]"
766,1,1,1,1,"[]","[{""bbox"":[354,322.07931518554688,197,191.29202270507812],""category"":0,""confidence"":null,""corners"":[[358.07196044921875,322.07931518554688],[551,326],[547,513.371337890625],[354,509.45205688476562]],""marker_code"":null,""orientation"":[0,1,2,3],""quality_flags"":0}]"
767,1,1,1,1,"[]","[{""bbox"":[342.77420043945312,322,197.25808715820312,191.30047607421875],""category"":0,""confidence"":null,""corners"":[[348,322],[540.03228759765625,326],[535.70758056640625,513.30047607421875],[342.77420043945312,509]],""marker_code"":null,""orientation"":[0,1,2,3],""quality_flags"":0}]"
771,1,1,1,1,"[]","[{""bbox"":[298,320.6416015625,197,191.68438720703125],""category"":0,""confidence"":null,""corners"":[[302.89080810546875,320.6416015625],[495,325.36141967773438],[490.62454223632812,512.32598876953125],[298,509]],""marker_code"":null,""orientation"":[0,1,2,3],""quality_flags"":0}]"
772,0,1,0,1,"[{""bbox"":[286.7049560546875,320.49212646484375,197.32730102539062,191.06134033203125],""category"":0,""confidence"":null,""corners"":[[292,320.49212646484375],[484.03225708007812,324.76190185546875],[480.22109985351562,511.553466796875],[286.7049560546875,508.68508911132812]],""marker_code"":null,""orientation"":[0,1,2,3],""quality_flags"":0}]","[{""bbox"":[286.7049560546875,320.49212646484375,197.32730102539062,191.52459716796875],""category"":0,""confidence"":null,""corners"":[[292,320.49212646484375],[484.03225708007812,324.84494018554688],[480.21356201171875,512.0167236328125],[286.7049560546875,508.68508911132812]],""marker_code"":null,""orientation"":[0,1,2,3],""quality_flags"":0}]"
781,1,1,1,1,"[]","[{""bbox"":[186.78669738769531,319,198.32325744628906,191],""category"":0,""confidence"":null,""corners"":[[192.14958190917969,319],[385.10995483398438,323.37826538085938],[380.68667602539062,510],[186.78669738769531,506.54476928710938]],""marker_code"":null,""orientation"":[0,1,2,3],""quality_flags"":0}]"
783,0,1,0,1,"[{""bbox"":[164.23684692382812,318,198.76315307617188,191.427001953125],""category"":0,""confidence"":null,""corners"":[[170,318],[363,322],[359,509.427001953125],[164.23684692382812,507]],""marker_code"":null,""orientation"":[0,1,2,3],""quality_flags"":0}]","[{""bbox"":[164.23684692382812,318,198.76315307617188,191.83016967773438],""category"":0,""confidence"":null,""corners"":[[170,318],[363,322],[358.6177978515625,509.83016967773438],[164.23684692382812,507]],""marker_code"":null,""orientation"":[0,1,2,3],""quality_flags"":0}]"
790,1,1,1,1,"[]","[{""bbox"":[88,318.05755615234375,198.58816528320312,191.10833740234375],""category"":0,""confidence"":null,""corners"":[[92.071983337402344,318.05755615234375],[286.58816528320312,320.72247314453125],[280.859130859375,509.1658935546875],[88,506]],""marker_code"":null,""orientation"":[0,1,2,3],""quality_flags"":0}]"
793,1,1,1,1,"[]","[{""bbox"":[58,317,197,191],""category"":0,""confidence"":null,""corners"":[[62.422904968261719,317],[255,320],[251,508],[58,506]],""marker_code"":null,""orientation"":[0,1,2,3],""quality_flags"":0}]"
800,1,1,1,1,"[]","[{""bbox"":[1.9999992847442627,316,197,191],""category"":0,""confidence"":null,""corners"":[[7.2487959861755371,316],[199,318],[195,507],[1.9999992847442627,505]],""marker_code"":null,""orientation"":[0,1,2,3],""quality_flags"":0}]"
975,1,1,1,1,"[]","[{""bbox"":[40.795528411865234,316.09088134765625,199.23672485351562,192.29251098632812],""category"":0,""confidence"":null,""corners"":[[46,316.09088134765625],[240.03225708007812,320],[235.25164794921875,508.38339233398438],[40.795528411865234,505]],""marker_code"":null,""orientation"":[0,1,2,3],""quality_flags"":0}]"
983,0,1,0,1,"[{""bbox"":[134,318,199.50283813476562,191],""category"":0,""confidence"":null,""corners"":[[139.06645202636719,318],[333.50283813476562,321.55123901367188],[327.89718627929688,509],[134,505.757080078125]],""marker_code"":null,""orientation"":[0,1,2,3],""quality_flags"":0}]","[{""bbox"":[133.79376220703125,318,199.70907592773438,191],""category"":0,""confidence"":null,""corners"":[[139.06645202636719,318],[333.50283813476562,321.55123901367188],[327.89718627929688,509],[133.79376220703125,505.75216674804688]],""marker_code"":null,""orientation"":[0,1,2,3],""quality_flags"":0}]"
988,1,1,1,1,"[]","[{""bbox"":[192,318.7591552734375,198.56536865234375,191.2408447265625],""category"":0,""confidence"":null,""corners"":[[196.50730895996094,318.7591552734375],[390.56536865234375,322],[384.6529541015625,510],[192,506.49642944335938]],""marker_code"":null,""orientation"":[0,1,2,3],""quality_flags"":0}]"
989,1,1,1,1,"[]","[{""bbox"":[203.03497314453125,319.04226684570312,198.06613159179688,190.95773315429688],""category"":0,""confidence"":null,""corners"":[[208.29397583007812,319.04226684570312],[401.10110473632812,323.19329833984375],[396.6090087890625,510],[203.03497314453125,507]],""marker_code"":null,""orientation"":[0,1,2,3],""quality_flags"":0}]"
991,1,1,1,1,"[]","[{""bbox"":[226,320,198.03225708007812,191],""category"":0,""confidence"":null,""corners"":[[231.18693542480469,320],[424.03225708007812,323.49685668945312],[419.51895141601562,511],[226,507.68045043945312]],""marker_code"":null,""orientation"":[0,1,2,3],""quality_flags"":0}]"
997,0,1,0,1,"[{""bbox"":[294,319.89364624023438,198.42709350585938,192.01339721679688],""category"":0,""confidence"":null,""corners"":[[299.36215209960938,319.89364624023438],[492.42709350585938,324],[487.4996337890625,511.90704345703125],[294,508.57699584960938]],""marker_code"":null,""orientation"":[0,1,2,3],""quality_flags"":0}]","[{""bbox"":[293.84518432617188,319.89364624023438,198.5819091796875,192.01339721679688],""category"":0,""confidence"":null,""corners"":[[299.36215209960938,319.89364624023438],[492.42709350585938,324],[487.4996337890625,511.90704345703125],[293.84518432617188,508.57568359375]],""marker_code"":null,""orientation"":[0,1,2,3],""quality_flags"":0}]"
999,1,1,1,1,"[]","[{""bbox"":[316.78506469726562,320.885009765625,197.24722290039062,191.435546875],""category"":0,""confidence"":null,""corners"":[[322,320.885009765625],[514.03228759765625,325.7547607421875],[510.32821655273438,512.320556640625],[316.78506469726562,509]],""marker_code"":null,""orientation"":[0,1,2,3],""quality_flags"":0}]"
1006,1,1,1,1,"[]","[{""bbox"":[396,322.88796997070312,197,191.44351196289062],""category"":0,""confidence"":null,""corners"":[[400.31082153320312,322.88796997070312],[593,327.69338989257812],[589,514.33148193359375],[396,510.49365234375]],""marker_code"":null,""orientation"":[0,1,2,3],""quality_flags"":0}]"
1007,1,1,1,1,"[]","[{""bbox"":[408,323.00665283203125,196.67840576171875,190.99334716796875],""category"":0,""confidence"":null,""corners"":[[412,323.00665283203125],[604.67840576171875,327.20245361328125],[600.2554931640625,514],[408,511]],""marker_code"":null,""orientation"":[0,1,2,3],""quality_flags"":0}]"
1008,1,1,1,1,"[]","[{""bbox"":[418.47293090820312,323.7191162109375,196.52706909179688,190.2808837890625],""category"":0,""confidence"":null,""corners"":[[423.04995727539062,323.7191162109375],[615,328.0535888671875],[610.5252685546875,514],[418.47293090820312,511]],""marker_code"":null,""orientation"":[0,1,2,3],""quality_flags"":0}]"
1015,1,1,1,1,"[]","[{""bbox"":[498,324.68194580078125,195,191.31805419921875],""category"":0,""confidence"":null,""corners"":[[502,324.68194580078125],[693,330.02047729492188],[690.2554931640625,516],[498,511.83984375]],""marker_code"":null,""orientation"":[0,1,2,3],""quality_flags"":0}]"
1016,1,1,1,1,"[]","[{""bbox"":[510,325.10055541992188,195.18853759765625,191.27102661132812],""category"":0,""confidence"":null,""corners"":[[513.60321044921875,325.10055541992188],[705.18853759765625,330],[700.68743896484375,516.37158203125],[510,512.50579833984375]],""marker_code"":null,""orientation"":[0,1,2,3],""quality_flags"":0}]"
1027,1,1,1,1,"[]","[{""bbox"":[634,327.43899536132812,194.79718017578125,191.56100463867188],""category"":0,""confidence"":null,""corners"":[[638,327.43899536132812],[828.79718017578125,333.94259643554688],[825,519],[634,514.59234619140625]],""marker_code"":null,""orientation"":[0,1,2,3],""quality_flags"":0}]"
1031,1,1,1,1,"[]","[{""bbox"":[680,329.59124755859375,192.03228759765625,190.32342529296875],""category"":0,""confidence"":null,""corners"":[[682,329.59124755859375],[872.03228759765625,334],[870.03228759765625,519.9146728515625],[680,515.50006103515625]],""marker_code"":null,""orientation"":[0,1,2,3],""quality_flags"":0}]"
1032,1,1,1,1,"[]","[{""bbox"":[689.791259765625,330,193.208740234375,190],""category"":0,""confidence"":null,""corners"":[[694,330],[883,334],[881,520],[689.791259765625,516]],""marker_code"":null,""orientation"":[0,1,2,3],""quality_flags"":0}]"
1045,1,1,1,1,"[]","[{""bbox"":[834.62548828125,334.06390380859375,190.37451171875,188.93609619140625],""category"":0,""confidence"":null,""corners"":[[836.15277099609375,334.06390380859375],[1025,338],[1022.6167602539062,523],[834.62548828125,519]],""marker_code"":null,""orientation"":[0,1,2,3],""quality_flags"":0}]"
1052,1,1,1,1,"[]","[{""bbox"":[912,336,189,188],""category"":0,""confidence"":null,""corners"":[[914.01849365234375,336],[1101,340],[1100.0322265625,524],[912,521]],""marker_code"":null,""orientation"":[0,1,2,3],""quality_flags"":0}]"
1060,1,1,1,1,"[]","[{""bbox"":[1000,338,187,188],""category"":0,""confidence"":null,""corners"":[[1002.0306396484375,338],[1187,342],[1187,526],[1000,523]],""marker_code"":null,""orientation"":[0,1,2,3],""quality_flags"":0}]"
1071,1,1,1,1,"[]","[{""bbox"":[1081.6640625,340,183.3359375,187],""category"":0,""confidence"":null,""corners"":[[1082,340],[1264.0322265625,344.6502685546875],[1265,527],[1081.6640625,524]],""marker_code"":null,""orientation"":[0,1,2,3],""quality_flags"":0}]"
1083,0,1,0,1,"[{""bbox"":[1118.683837890625,337.05758666992188,183.348388671875,190.27505493164062],""category"":0,""confidence"":null,""corners"":[[1122,337.05758666992188],[1302.0322265625,344],[1300.6844482421875,527.3326416015625],[1118.683837890625,521]],""marker_code"":null,""orientation"":[0,1,2,3],""quality_flags"":0}]","[{""bbox"":[1118.6873779296875,337.05758666992188,183.3448486328125,190.27505493164062],""category"":0,""confidence"":null,""corners"":[[1122,337.05758666992188],[1302.0322265625,344.26031494140625],[1300.6844482421875,527.3326416015625],[1118.6873779296875,520.85791015625]],""marker_code"":null,""orientation"":[0,1,2,3],""quality_flags"":0}]"
1109,1,1,1,1,"[]","[{""bbox"":[894.6239013671875,334.81829833984375,188.3760986328125,189.18170166015625],""category"":0,""confidence"":null,""corners"":[[896,334.81829833984375],[1083,340.24380493164062],[1082.921142578125,524],[894.6239013671875,521]],""marker_code"":null,""orientation"":[0,1,2,3],""quality_flags"":0}]"
1116,1,1,1,1,"[]","[{""bbox"":[817.988525390625,333.59799194335938,191.011474609375,189.65011596679688],""category"":0,""confidence"":null,""corners"":[[820.3470458984375,333.59799194335938],[1009,338],[1006.2864990234375,523.24810791015625],[817.988525390625,519]],""marker_code"":null,""orientation"":[0,1,2,3],""quality_flags"":0}]"
1121,1,1,1,1,"[]","[{""bbox"":[764,332,191.29345703125,189.87933349609375],""category"":0,""confidence"":null,""corners"":[[766,332],[955.29345703125,337.12362670898438],[953,521.87933349609375],[764,517.552978515625]],""marker_code"":null,""orientation"":[0,1,2,3],""quality_flags"":0}]"
1136,1,1,1,1,"[]","[{""bbox"":[598.85968017578125,328,194.14031982421875,191.1075439453125],""category"":0,""confidence"":null,""corners"":[[602.6343994140625,328],[793,333.10873413085938],[790.31707763671875,519.1075439453125],[598.85968017578125,515]],""marker_code"":null,""orientation"":[0,1,2,3],""quality_flags"":0}]"
1138,1,1,1,1,"[]","[{""bbox"":[576.80267333984375,327.46725463867188,194.19732666015625,190.53274536132812],""category"":0,""confidence"":null,""corners"":[[580.52899169921875,327.46725463867188],[771,332],[768.48785400390625,518],[576.80267333984375,513.70263671875]],""marker_code"":null,""orientation"":[0,1,2,3],""quality_flags"":0}]"
1142,1,1,1,1,"[]","[{""bbox"":[532.651611328125,325.7762451171875,195.83404541015625,191.27593994140625],""category"":0,""confidence"":null,""corners"":[[536.3341064453125,325.7762451171875],[728.48565673828125,331.28009033203125],[725,517.05218505859375],[532.651611328125,513]],""marker_code"":null,""orientation"":[0,1,2,3],""quality_flags"":0}]"
1145,1,1,1,1,"[]","[{""bbox"":[499.58596801757812,325.67745971679688,196.01687622070312,190.71774291992188],""category"":0,""confidence"":null,""corners"":[[503.54776000976562,325.67745971679688],[695.60284423828125,330],[691,516.39520263671875],[499.58596801757812,512.38812255859375]],""marker_code"":null,""orientation"":[0,1,2,3],""quality_flags"":0}]"
1151,1,1,1,1,"[]","[{""bbox"":[450,324,190.37396240234375,187],""category"":0,""confidence"":null,""corners"":[[450,324],[639,324],[640.37396240234375,510],[450,511]],""marker_code"":null,""orientation"":[0,1,2,3],""quality_flags"":0}]"
1158,1,1,1,1,"[]","[{""bbox"":[420,324,190.03228759765625,188.25836181640625],""category"":0,""confidence"":null,""corners"":[[422,324],[610.03228759765625,325.41177368164062],[609.02996826171875,512.25836181640625],[420,511]],""marker_code"":null,""orientation"":[0,1,2,3],""quality_flags"":0}]"
1165,1,1,1,1,"[]","[{""bbox"":[402,323.67770385742188,192.03228759765625,190.49795532226562],""category"":0,""confidence"":null,""corners"":[[406,323.67770385742188],[594.03228759765625,327.75271606445312],[591,514.1756591796875],[402,511]],""marker_code"":null,""orientation"":[0,1,2,3],""quality_flags"":0}]"
1170,1,1,1,1,"[]","[{""bbox"":[393.11529541015625,323,192.9169921875,190.7357177734375],""category"":0,""confidence"":null,""corners"":[[398.40835571289062,323],[586.03228759765625,327.74533081054688],[583,513.7357177734375],[393.11529541015625,510.93414306640625]],""marker_code"":null,""orientation"":[0,1,2,3],""quality_flags"":0}]"
1175,1,1,1,1,"[]","[{""bbox"":[384.68951416015625,321.54364013671875,194.4041748046875,192.510009765625],""category"":0,""confidence"":null,""corners"":[[390.32037353515625,321.54364013671875],[579.09368896484375,327],[574.69580078125,514.05364990234375],[384.68951416015625,509.26345825195312]],""marker_code"":null,""orientation"":[0,1,2,3],""quality_flags"":0}]"
1178,1,1,1,1,"[]","[{""bbox"":[366,320.83352661132812,197.6827392578125,192.60946655273438],""category"":0,""confidence"":null,""corners"":[[372,320.83352661132812],[563.6827392578125,326.5218505859375],[557.47772216796875,513.4429931640625],[366,508.53842163085938]],""marker_code"":null,""orientation"":[0,1,2,3],""quality_flags"":0}]"
1195,1,1,1,1,"[]","[{""bbox"":[184.13067626953125,319,198.99578857421875,191],""category"":0,""confidence"":null,""corners"":[[190.16145324707031,319],[383.12646484375,323.11514282226562],[378.64697265625,510],[184.13067626953125,507]],""marker_code"":null,""orientation"":[0,1,2,3],""quality_flags"":0}]"
1204,1,1,1,1,"[]","[{""bbox"":[84,317.41647338867188,199,191.39865112304688],""category"":0,""confidence"":null,""corners"":[[89.142280578613281,317.41647338867188],[283,320.38082885742188],[278.08544921875,508.81512451171875],[84,505.84866333007812]],""marker_code"":null,""orientation"":[0,1,2,3],""quality_flags"":0}]"
1409,1,1,1,1,"[]","[{""bbox"":[190.22930908203125,319,199.1102294921875,191],""category"":0,""confidence"":null,""corners"":[[196.29597473144531,319],[389.33953857421875,322],[384.35720825195312,510],[190.22930908203125,507]],""marker_code"":null,""orientation"":[0,1,2,3],""quality_flags"":0}]"
1415,1,1,1,1,"[]","[{""bbox"":[260,319.95199584960938,198.59091186523438,191.04800415039062],""category"":0,""confidence"":null,""corners"":[[264.9600830078125,319.95199584960938],[458.59091186523438,324],[452.61557006835938,511],[260,507.47259521484375]],""marker_code"":null,""orientation"":[0,1,2,3],""quality_flags"":0}]"
1418,1,1,1,1,"[]","[{""bbox"":[293.86077880859375,321,197.24090576171875,191.14825439453125],""category"":0,""confidence"":null,""corners"":[[298.9993896484375,321],[491.1016845703125,324],[486.47634887695312,512.14825439453125],[293.86077880859375,508.64974975585938]],""marker_code"":null,""orientation"":[0,1,2,3],""quality_flags"":0}]"
1420,1,1,1,1,"[]","[{""bbox"":[315.96890258789062,320.99160766601562,197.75827026367188,191.00839233398438],""category"":0,""confidence"":null,""corners"":[[322.45379638671875,320.99160766601562],[513.7271728515625,325.89739990234375],[509.58184814453125,512],[315.96890258789062,509]],""marker_code"":null,""orientation"":[0,1,2,3],""quality_flags"":0}]"
1437,1,1,1,1,"[]","[{""bbox"":[504.70660400390625,324.976806640625,195.32568359375,191.26287841796875],""category"":0,""confidence"":null,""corners"":[[508.77688598632812,324.976806640625],[700.03228759765625,330],[697,516.23968505859375],[504.70660400390625,512.5828857421875]],""marker_code"":null,""orientation"":[0,1,2,3],""quality_flags"":0}]"
1444,1,1,1,1,"[]","[{""bbox"":[582.52392578125,326.71014404296875,194.47607421875,190.88079833984375],""category"":0,""confidence"":null,""corners"":[[586,326.71014404296875],[777,332.19357299804688],[774.5933837890625,517.5909423828125],[582.52392578125,514]],""marker_code"":null,""orientation"":[0,1,2,3],""quality_flags"":0}]"
1447,1,1,1,1,"[]","[{""bbox"":[616.69622802734375,328,194.30377197265625,191.03887939453125],""category"":0,""confidence"":null,""corners"":[[620,328],[811,332],[808.13720703125,519.03887939453125],[616.69622802734375,515]],""marker_code"":null,""orientation"":[0,1,2,3],""quality_flags"":0}]"
1463,1,1,1,1,"[]","[{""bbox"":[794.311767578125,331.5380859375,190.688232421875,190.858154296875],""category"":0,""confidence"":null,""corners"":[[798,331.5380859375],[985,337],[983,522.396240234375],[794.311767578125,517.189453125]],""marker_code"":null,""orientation"":[0,1,2,3],""quality_flags"":0}]"
1506,1,1,1,1,"[]","[{""bbox"":[776.17803955078125,332,191.854248046875,190.24591064453125],""category"":0,""confidence"":null,""corners"":[[780,332],[968.03228759765625,337.6322021484375],[964.6314697265625,522.24591064453125],[776.17803955078125,516.2998046875]],""marker_code"":null,""orientation"":[0,1,2,3],""quality_flags"":0}]"
1507,1,1,1,1,"[]","[{""bbox"":[766,331.71533203125,191,190.1962890625],""category"":0,""confidence"":null,""corners"":[[768.34027099609375,331.71533203125],[957,336],[955,521.91162109375],[766,516.68267822265625]],""marker_code"":null,""orientation"":[0,1,2,3],""quality_flags"":0}]"
1521,1,1,1,1,"[]","[{""bbox"":[612.79644775390625,327.61380004882812,194.20355224609375,191.72494506835938],""category"":0,""confidence"":null,""corners"":[[616.84130859375,327.61380004882812],[807,333.96340942382812],[803.456787109375,519.3387451171875],[612.79644775390625,515]],""marker_code"":null,""orientation"":[0,1,2,3],""quality_flags"":0}]"
1524,0,1,0,0,"[{""bbox"":[580,326.95718383789062,195,191.04281616210938],""category"":0,""confidence"":null,""corners"":[[584,326.95718383789062],[775,332],[770.82720947265625,518],[580,514]],""marker_code"":null,""orientation"":[0,1,2,3],""quality_flags"":0}]","[{""bbox"":[580,326.95718383789062,195,191.04281616210938],""category"":0,""confidence"":null,""corners"":[[584,326.95718383789062],[775,332],[772.03228759765625,518],[580,514]],""marker_code"":null,""orientation"":[0,1,2,3],""quality_flags"":0}]"
1525,0,1,0,1,"[{""bbox"":[569.46990966796875,326.65798950195312,195.01531982421875,191.17037963867188],""category"":0,""confidence"":null,""corners"":[[573.22161865234375,326.65798950195312],[764.4852294921875,332.53619384765625],[761,517.828369140625],[569.46990966796875,513.586669921875]],""marker_code"":null,""orientation"":[0,1,2,3],""quality_flags"":0}]","[{""bbox"":[569.46990966796875,326.65798950195312,194.96295166015625,191.17037963867188],""category"":0,""confidence"":null,""corners"":[[573.22161865234375,326.65798950195312],[764.432861328125,332.53323364257812],[761,517.828369140625],[569.46990966796875,513.586669921875]],""marker_code"":null,""orientation"":[0,1,2,3],""quality_flags"":0}]"
1531,1,1,1,1,"[]","[{""bbox"":[502,325.8731689453125,195.42889404296875,190.1268310546875],""category"":0,""confidence"":null,""corners"":[[506,325.8731689453125],[697.42889404296875,330],[694.679931640625,516],[502,512.57696533203125]],""marker_code"":null,""orientation"":[0,1,2,3],""quality_flags"":0}]"
1540,1,1,1,1,"[]","[{""bbox"":[401.87432861328125,323,196.68878173828125,191],""category"":0,""confidence"":null,""corners"":[[406,323],[598.5631103515625,328.03536987304688],[594.203857421875,514],[401.87432861328125,510.50457763671875]],""marker_code"":null,""orientation"":[0,1,2,3],""quality_flags"":0}]"
1544,1,1,1,1,"[]","[{""bbox"":[356,321.61190795898438,197,191.38809204101562],""category"":0,""confidence"":null,""corners"":[[360.73297119140625,321.61190795898438],[553,326],[549,513],[356,509.56396484375]],""marker_code"":null,""orientation"":[0,1,2,3],""quality_flags"":0}]"
1547,1,1,1,1,"[]","[{""bbox"":[322.40835571289062,322,197.76461791992188,190.40533447265625],""category"":0,""confidence"":null,""corners"":[[328.36074829101562,322],[520.1729736328125,326.23748779296875],[515.6064453125,512.40533447265625],[322.40835571289062,509]],""marker_code"":null,""orientation"":[0,1,2,3],""quality_flags"":0}]"
1549,1,1,1,1,"[]","[{""bbox"":[300,320.74801635742188,198.54425048828125,191.61666870117188],""category"":0,""confidence"":null,""corners"":[[305.18157958984375,320.74801635742188],[498.54425048828125,325.3560791015625],[493.53244018554688,512.36468505859375],[300,508.77426147460938]],""marker_code"":null,""orientation"":[0,1,2,3],""quality_flags"":0}]"
1551,0,1,0,1,"[{""bbox"":[278,319.79983520507812,197,192.18612670898438],""category"":0,""confidence"":null,""corners"":[[282.81619262695312,319.79983520507812],[475,324],[470.46212768554688,511.9859619140625],[278,508.46978759765625]],""marker_code"":null,""orientation"":[0,1,2,3],""quality_flags"":0}]","[{""bbox"":[277.90255737304688,319.79983520507812,197.19912719726562,192.18353271484375],""category"":0,""confidence"":null,""corners"":[[282.81619262695312,319.79983520507812],[475.1016845703125,324],[470.3358154296875,511.98336791992188],[277.90255737304688,508.46878051757812]],""marker_code"":null,""orientation"":[0,1,2,3],""quality_flags"":0}]"
1561,1,1,1,1,"[]","[{""bbox"":[166,318,199.407470703125,191.4727783203125],""category"":0,""confidence"":null,""corners"":[[171.72450256347656,318],[365.407470703125,322],[360.11660766601562,509.4727783203125],[166,507]],""marker_code"":null,""orientation"":[0,1,2,3],""quality_flags"":0}]"
1569,1,1,1,1,"[]","[{""bbox"":[76,316.71969604492188,199.4908447265625,192.3575439453125],""category"":0,""confidence"":null,""corners"":[[81.005508422851562,316.71969604492188],[275.4908447265625,320],[269.78240966796875,509.07723999023438],[76,505.63473510742188]],""marker_code"":null,""orientation"":[0,1,2,3],""quality_flags"":0}]"
