work_width,radius,noisy,kind,n,mean,sample_std,P99,maximum,U_raw,rounded
480,0,0,L,24,0.15438680055809031,0.11202558695757135,0.24438029952980037,0.24438029952980037,0.4904635614308044,0.5
480,0,0,M,24,0.15263890887398732,0.11068032793052261,0.2436034049187814,0.2436034049187814,0.4846798926655551,0.5
480,0,0,all,24,0.15438722451937797,0.11202584125250185,0.24438029952980037,0.24438029952980037,0.4904647482768835,0.5
480,0,1,L,96,0.154388710459932,0.1102441482598142,0.2444064924693437,0.2444064924693437,0.4851211552393746,0.5
480,0,1,M,96,0.15271271303639838,0.10898172899222365,0.24724952430758163,0.24724952430758163,0.47965790001306935,0.5
480,0,1,all,96,0.1544486370943032,0.11029423960530844,0.24724952430758163,0.24724952430758163,0.4853313559102286,0.5
480,2,0,L,24,0.1541032153752747,0.11185611409725814,0.24438029952980037,0.24438029952980037,0.48967155766704906,0.5
480,2,0,M,24,0.1523184006242259,0.11034273540551001,0.23853740664290288,0.23853740664290288,0.483346606840756,0.5
480,2,0,all,24,0.15435209214094076,0.11200490186908327,0.24438029952980037,0.24438029952980037,0.49036679774819053,0.5
480,2,1,L,96,0.1541051252771164,0.11007738011195317,0.2444064924693437,0.2444064924693437,0.4843372656129759,0.5
480,2,1,M,96,0.1523039136417432,0.10857514564629044,0.24012564036505013,0.24012564036505013,0.47802935058061446,0.5
480,2,1,all,96,0.15435400204278246,0.11022379329673307,0.2444064924693437,0.2444064924693437,0.4850253819329817,0.5
960,0,0,L,24,0.15438680055809031,0.11202558695757135,0.24438029952980037,0.24438029952980037,0.4904635614308044,0.5
960,0,0,M,24,0.15263890887398732,0.11068032793052261,0.2436034049187814,0.2436034049187814,0.4846798926655551,0.5
960,0,0,all,24,0.15438722451937797,0.11202584125250185,0.24438029952980037,0.24438029952980037,0.4904647482768835,0.5
960,0,1,L,96,0.154388710459932,0.1102441482598142,0.2444064924693437,0.2444064924693437,0.4851211552393746,0.5
960,0,1,M,96,0.15271271303639838,0.10898172899222365,0.24724952430758163,0.24724952430758163,0.47965790001306935,0.5
960,0,1,all,96,0.1544486370943032,0.11029423960530844,0.24724952430758163,0.24724952430758163,0.4853313559102286,0.5
960,2,0,L,24,0.1541032153752747,0.11185611409725814,0.24438029952980037,0.24438029952980037,0.48967155766704906,0.5
960,2,0,M,24,0.1523184006242259,0.11034273540551001,0.23853740664290288,0.23853740664290288,0.483346606840756,0.5
960,2,0,all,24,0.15435209214094076,0.11200490186908327,0.24438029952980037,0.24438029952980037,0.49036679774819053,0.5
960,2,1,L,96,0.1541051252771164,0.11007738011195317,0.2444064924693437,0.2444064924693437,0.4843372656129759,0.5
960,2,1,M,96,0.1523039136417432,0.10857514564629044,0.24012564036505013,0.24012564036505013,0.47802935058061446,0.5
960,2,1,all,96,0.15435400204278246,0.11022379329673307,0.2444064924693437,0.2444064924693437,0.4850253819329817,0.5
1440,0,0,L,24,0.15438680055809031,0.11202558695757135,0.24438029952980037,0.24438029952980037,0.4904635614308044,0.5
1440,0,0,M,24,0.15263890887398732,0.11068032793052261,0.2436034049187814,0.2436034049187814,0.4846798926655551,0.5
1440,0,0,all,24,0.15438722451937797,0.11202584125250185,0.24438029952980037,0.24438029952980037,0.4904647482768835,0.5
1440,0,1,L,96,0.154388710459932,0.1102441482598142,0.2444064924693437,0.2444064924693437,0.4851211552393746,0.5
1440,0,1,M,96,0.15271271303639838,0.10898172899222365,0.24724952430758163,0.24724952430758163,0.47965790001306935,0.5
1440,0,1,all,96,0.1544486370943032,0.11029423960530844,0.24724952430758163,0.24724952430758163,0.4853313559102286,0.5
1440,2,0,L,24,0.1541032153752747,0.11185611409725814,0.24438029952980037,0.24438029952980037,0.48967155766704906,0.5
1440,2,0,M,24,0.1523184006242259,0.11034273540551001,0.23853740664290288,0.23853740664290288,0.483346606840756,0.5
1440,2,0,all,24,0.15435209214094076,0.11200490186908327,0.24438029952980037,0.24438029952980037,0.49036679774819053,0.5
1440,2,1,L,96,0.1541051252771164,0.11007738011195317,0.2444064924693437,0.2444064924693437,0.4843372656129759,0.5
1440,2,1,M,96,0.1523039136417432,0.10857514564629044,0.24012564036505013,0.24012564036505013,0.47802935058061446,0.5
1440,2,1,all,96,0.15435400204278246,0.11022379329673307,0.2444064924693437,0.2444064924693437,0.4850253819329817,0.5
